{
  "states" : {
    "index" : {
      "name" : "index",
      "url" : "http://localhost:3000",
      "candidateElements" : [ {
        "top" : 96,
        "left" : 40,
        "xpath" : "/HTML[1]/BODY[1]/DIV[1]/DIV[1]/DIV[1]/DIV[1]/A[1]",
        "width" : 123,
        "height" : 46
      }, {
        "top" : 96,
        "left" : 355,
        "xpath" : "/HTML[1]/BODY[1]/DIV[1]/DIV[1]/DIV[1]/DIV[2]/UL[1]/LI[1]/A[1]",
        "width" : 68,
        "height" : 45
      }, {
        "top" : 96,
        "left" : 554,
        "xpath" : "/HTML[1]/BODY[1]/DIV[1]/DIV[1]/DIV[1]/DIV[2]/UL[1]/LI[6]/A[1]",
        "width" : 82,
        "height" : 45
      }, {
        "top" : 96,
        "left" : 636,
        "xpath" : "/HTML[1]/BODY[1]/DIV[1]/DIV[1]/DIV[1]/DIV[2]/UL[1]/LI[7]/A[1]",
        "width" : 73,
        "height" : 45
      } ],
      "fanIn" : 1,
      "fanOut" : 2,
      "id" : 0,
      "failedEvents" : [ ],
      "hasNearDuplicate" : false,
      "distToNearestState" : -1.0,
      "cluster" : -1,
      "timeAdded" : 1661366604464,
      "nearestState" : "null"
    },
    "state4" : {
      "name" : "state4",
      "url" : "http://localhost:3000/",
      "candidateElements" : [ {
        "top" : 96,
        "left" : 636,
        "xpath" : "/HTML[1]/BODY[1]/DIV[1]/DIV[1]/DIV[1]/DIV[2]/UL[1]/LI[7]/A[1]",
        "width" : 73,
        "height" : 45
      }, {
        "top" : 394,
        "left" : 624,
        "xpath" : "/HTML[1]/BODY[1]/DIV[3]/DIV[1]/DIV[1]/DIV[1]/DIV[4]/DIV[1]/A[1]",
        "width" : 59,
        "height" : 30
      }, {
        "top" : 140,
        "left" : 671,
        "xpath" : "/HTML[1]/BODY[1]/DIV[3]/DIV[1]/DIV[1]/DIV[1]/DIV[1]/BUTTON[1]",
        "width" : 13,
        "height" : 21
      }, {
        "top" : 345,
        "left" : 116,
        "xpath" : "/HTML[1]/BODY[1]/DIV[3]/DIV[1]/DIV[1]/DIV[1]/DIV[2]/FORM[1]/FIELDSET[1]/DIV[5]/INPUT[1]",
        "width" : 76,
        "height" : 34
      } ],
      "fanIn" : 2,
      "fanOut" : 1,
      "id" : 4,
      "failedEvents" : [ "xpath /HTML[1]/BODY[1]/DIV[1]/DIV[1]/DIV[1]/DIV[2]/UL[1]/LI[7]/A[1]", "xpath /HTML[1]/BODY[1]/DIV[3]/DIV[1]/DIV[1]/DIV[1]/DIV[2]/FORM[1]/FIELDSET[1]/DIV[5]/INPUT[1]" ],
      "hasNearDuplicate" : false,
      "distToNearestState" : -1.0,
      "cluster" : -1,
      "timeAdded" : 1661366636793,
      "nearestState" : "index"
    }
  },
  "edges" : [ {
    "from" : "index",
    "to" : "state4",
    "text" : "Register",
    "id" : "xpath /HTML[1]/BODY[1]/DIV[1]/DIV[1]/DIV[1]/DIV[2]/UL[1]/LI[6]/A[1]",
    "element" : "Element{node=[A: null], tag=A, text=Register, attributes={data-i18n=Register, href=/user/registration}}",
    "eventType" : "click",
    "inputValues" : "none"
  }, {
    "from" : "state4",
    "to" : "index",
    "text" : "×",
    "id" : "xpath /HTML[1]/BODY[1]/DIV[3]/DIV[1]/DIV[1]/DIV[1]/DIV[1]/BUTTON[1]",
    "element" : "Element{node=[BUTTON: null], tag=BUTTON, text=×, attributes={aria-hidden=true, class=close, data-dismiss=modal, type=button}}",
    "eventType" : "click",
    "inputValues" : "id##input_username##foo@bar.com,asd@asd.com:xpath##/HTML[1]/BODY[1]/DIV[3]/DIV[1]/DIV[1]/DIV[1]/DIV[2]/FORM[1]/FIELDSET[1]/DIV[2]/INPUT[1]##foobar123,adminadmin"
  }, {
    "from" : "index",
    "to" : "state4",
    "text" : "Sign In",
    "id" : "xpath /HTML[1]/BODY[1]/DIV[1]/DIV[1]/DIV[1]/DIV[2]/UL[1]/LI[7]/A[1]",
    "element" : "Element{node=[A: null], tag=A, text=Sign In, attributes={class=signin_caller, data-i18n=Sign In, href=/user/signin}}",
    "eventType" : "click",
    "inputValues" : "none"
  } ],
  "statistics" : {
    "duration" : "59 seconds",
    "crawlPaths" : 0,
    "averageDomSize" : "9.042 kB",
    "edges" : 3,
    "startDate" : "2022-08-24 20:43:13 CEST",
    "stateStats" : {
      "leastFanOut" : {
        "id" : "state4",
        "count" : 1
      },
      "leastFanIn" : {
        "id" : "index",
        "count" : 1
      },
      "mostFanOut" : {
        "id" : "index",
        "count" : 2
      },
      "mostFanIn" : {
        "id" : "state4",
        "count" : 2
      },
      "totalNumberOfStates" : 2,
      "urls" : {
        "http://localhost:3000" : [ "index" ],
        "http://localhost:3000/" : [ "state4" ]
      }
    },
    "failedEvents" : 2
  },
  "exitStatus" : "EXHAUSTED"
}