{
  "nodes" : [ {
    "name" : "index",
    "url" : "http://localhost:3000/ppma/",
    "candidateElements" : [ {
      "top" : 158,
      "left" : 688,
      "xpath" : "//FORM[@id = 'login-form']/DIV[1]/DIV[2]/A[1]",
      "width" : 45,
      "height" : 32
    } ],
    "fanIn" : 0,
    "fanOut" : 1,
    "id" : 0,
    "failedEvents" : [ ],
    "hasNearDuplicate" : false,
    "distToNearestState" : -1.0,
    "cluster" : -1,
    "timeAdded" : 1661172390350,
    "nearestState" : "null"
  }, {
    "name" : "state2",
    "url" : "http://localhost:3000/ppma/index.php?r=entry/index",
    "candidateElements" : [ {
      "top" : 0,
      "left" : 0,
      "xpath" : "/HTML[1]/BODY[1]/DIV[1]/NAV[1]/UL[1]/LI[1]/H1[1]/A[1]",
      "width" : 227,
      "height" : 45
    }, {
      "top" : 0,
      "left" : 226,
      "xpath" : "/HTML[1]/BODY[1]/DIV[1]/NAV[1]/SECTION[1]/UL[1]/LI[1]/A[1]",
      "width" : 92,
      "height" : 45
    }, {
      "top" : 54,
      "left" : 226,
      "xpath" : "/HTML[1]/BODY[1]/DIV[1]/NAV[1]/SECTION[1]/UL[1]/LI[1]/UL[1]/LI[1]/A[1]",
      "width" : 235,
      "height" : 23
    }, {
      "top" : 82,
      "left" : 226,
      "xpath" : "/HTML[1]/BODY[1]/DIV[1]/NAV[1]/SECTION[1]/UL[1]/LI[1]/UL[1]/LI[2]/A[1]",
      "width" : 235,
      "height" : 23
    }, {
      "top" : 120,
      "left" : 226,
      "xpath" : "/HTML[1]/BODY[1]/DIV[1]/NAV[1]/SECTION[1]/UL[1]/LI[1]/UL[1]/LI[4]/A[1]",
      "width" : 235,
      "height" : 23
    }, {
      "top" : 148,
      "left" : 226,
      "xpath" : "/HTML[1]/BODY[1]/DIV[1]/NAV[1]/SECTION[1]/UL[1]/LI[1]/UL[1]/LI[5]/A[1]",
      "width" : 235,
      "height" : 23
    }, {
      "top" : 0,
      "left" : 319,
      "xpath" : "/HTML[1]/BODY[1]/DIV[1]/NAV[1]/SECTION[1]/UL[1]/LI[2]/A[1]",
      "width" : 78,
      "height" : 45
    }, {
      "top" : 54,
      "left" : 319,
      "xpath" : "/HTML[1]/BODY[1]/DIV[1]/NAV[1]/SECTION[1]/UL[1]/LI[2]/UL[1]/LI[1]/A[1]",
      "width" : 86,
      "height" : 23
    }, {
      "top" : 82,
      "left" : 319,
      "xpath" : "/HTML[1]/BODY[1]/DIV[1]/NAV[1]/SECTION[1]/UL[1]/LI[2]/UL[1]/LI[2]/A[1]",
      "width" : 86,
      "height" : 23
    }, {
      "top" : 0,
      "left" : 396,
      "xpath" : "/HTML[1]/BODY[1]/DIV[1]/NAV[1]/SECTION[1]/UL[1]/LI[3]/A[1]",
      "width" : 100,
      "height" : 45
    }, {
      "top" : 54,
      "left" : 396,
      "xpath" : "/HTML[1]/BODY[1]/DIV[1]/NAV[1]/SECTION[1]/UL[1]/LI[3]/UL[1]/LI[1]/A[1]",
      "width" : 77,
      "height" : 23
    }, {
      "top" : 0,
      "left" : 496,
      "xpath" : "/HTML[1]/BODY[1]/DIV[1]/NAV[1]/SECTION[1]/UL[1]/LI[4]/A[1]",
      "width" : 89,
      "height" : 45
    }, {
      "top" : 54,
      "left" : 496,
      "xpath" : "/HTML[1]/BODY[1]/DIV[1]/NAV[1]/SECTION[1]/UL[1]/LI[4]/UL[1]/LI[1]/A[1]",
      "width" : 138,
      "height" : 23
    }, {
      "top" : 82,
      "left" : 496,
      "xpath" : "/HTML[1]/BODY[1]/DIV[1]/NAV[1]/SECTION[1]/UL[1]/LI[4]/UL[1]/LI[2]/A[1]",
      "width" : 138,
      "height" : 23
    }, {
      "top" : 200,
      "left" : 145,
      "xpath" : "//DIV[@id = 'content']/P[2]/A[1]",
      "width" : 111,
      "height" : 17
    }, {
      "top" : 286,
      "left" : 158,
      "xpath" : "//TH[@id = 'entries_c0']/A[1]",
      "width" : 39,
      "height" : 17
    }, {
      "top" : 286,
      "left" : 316,
      "xpath" : "//TH[@id = 'entries_c1']/A[1]",
      "width" : 69,
      "height" : 17
    }, {
      "top" : 0,
      "left" : 0,
      "xpath" : "//DIV[@id = 'entry-form-modal']/A[1]",
      "width" : 0,
      "height" : 0
    }, {
      "top" : 0,
      "left" : 0,
      "xpath" : "//FORM[@id = 'yw0']/INPUT[6]",
      "width" : 0,
      "height" : 0
    }, {
      "top" : 0,
      "left" : 0,
      "xpath" : "//FORM[@id = 'entry-form']/INPUT[7]",
      "width" : 0,
      "height" : 0
    } ],
    "fanIn" : 1,
    "fanOut" : 0,
    "id" : 2,
    "failedEvents" : [ "xpath /HTML[1]/BODY[1]/DIV[1]/NAV[1]/SECTION[1]/UL[1]/LI[1]/UL[1]/LI[1]/A[1]", "xpath /HTML[1]/BODY[1]/DIV[1]/NAV[1]/SECTION[1]/UL[1]/LI[1]/UL[1]/LI[2]/A[1]", "xpath /HTML[1]/BODY[1]/DIV[1]/NAV[1]/SECTION[1]/UL[1]/LI[1]/UL[1]/LI[4]/A[1]", "xpath /HTML[1]/BODY[1]/DIV[1]/NAV[1]/SECTION[1]/UL[1]/LI[1]/UL[1]/LI[5]/A[1]", "xpath /HTML[1]/BODY[1]/DIV[1]/NAV[1]/SECTION[1]/UL[1]/LI[2]/UL[1]/LI[1]/A[1]", "xpath /HTML[1]/BODY[1]/DIV[1]/NAV[1]/SECTION[1]/UL[1]/LI[2]/UL[1]/LI[2]/A[1]", "xpath /HTML[1]/BODY[1]/DIV[1]/NAV[1]/SECTION[1]/UL[1]/LI[3]/UL[1]/LI[1]/A[1]", "xpath /HTML[1]/BODY[1]/DIV[1]/NAV[1]/SECTION[1]/UL[1]/LI[4]/UL[1]/LI[1]/A[1]", "xpath /HTML[1]/BODY[1]/DIV[1]/NAV[1]/SECTION[1]/UL[1]/LI[4]/UL[1]/LI[2]/A[1]", "xpath //DIV[@id = 'entry-form-modal']/A[1]", "xpath //FORM[@id = 'yw0']/INPUT[6]", "xpath //FORM[@id = 'entry-form']/INPUT[7]" ],
    "hasNearDuplicate" : false,
    "distToNearestState" : -1.0,
    "cluster" : -1,
    "timeAdded" : 1661172397397,
    "nearestState" : "index"
  } ],
  "links" : [ {
    "source" : 0,
    "target" : 2,
    "text" : "",
    "element" : "Element{node=[A: null], tag=A, text=, attributes={class=postfix button secondary expand}}",
    "eventType" : "click"
  } ]
}