{
  "nodes" : [ {
    "name" : "state71",
    "url" : "http://localhost:3000/wallets",
    "candidateElements" : [ {
      "top" : 410,
      "left" : 56,
      "xpath" : "/HTML[1]/BODY[1]/DIV[1]/DIV[2]/DIV[3]/DIV[1]/DIV[1]/DIV[2]/DIV[2]/DIV[2]/UL[1]/LI[1]/A[1]",
      "width" : 688,
      "height" : 40
    }, {
      "top" : 452,
      "left" : 56,
      "xpath" : "/HTML[1]/BODY[1]/DIV[1]/DIV[2]/DIV[3]/DIV[1]/DIV[1]/DIV[2]/DIV[2]/DIV[2]/UL[1]/LI[2]/A[1]",
      "width" : 688,
      "height" : 40
    }, {
      "top" : 494,
      "left" : 56,
      "xpath" : "/HTML[1]/BODY[1]/DIV[1]/DIV[2]/DIV[3]/DIV[1]/DIV[1]/DIV[2]/DIV[2]/DIV[2]/UL[1]/LI[3]/A[1]",
      "width" : 688,
      "height" : 40
    } ],
    "fanIn" : 1,
    "fanOut" : 1,
    "id" : 71,
    "failedEvents" : [ ],
    "hasNearDuplicate" : false,
    "distToNearestState" : 9.0,
    "cluster" : -1,
    "timeAdded" : 1661372601961,
    "nearestState" : "state12"
  }, {
    "name" : "state20",
    "url" : "http://localhost:3000/wallets/2",
    "candidateElements" : [ {
      "top" : 616,
      "left" : 56,
      "xpath" : "/HTML[1]/BODY[1]/DIV[1]/DIV[2]/DIV[2]/DIV[1]/DIV[1]/DIV[3]/DIV[1]/DIV[1]/DIV[2]/A[1]",
      "width" : 688,
      "height" : 34
    }, {
      "top" : 481,
      "left" : 56,
      "xpath" : "/HTML[1]/BODY[1]/DIV[1]/DIV[2]/DIV[2]/DIV[1]/DIV[1]/DIV[2]/DIV[1]/DIV[2]/DIV[1]/DIV[3]/BUTTON[1]",
      "width" : 688,
      "height" : 30
    }, {
      "top" : 579,
      "left" : 116,
      "xpath" : "/HTML[1]/BODY[1]/DIV[3]/DIV[1]/DIV[1]/DIV[1]/DIV[2]/FORM[1]/FIELDSET[1]/DIV[3]/INPUT[1]",
      "width" : 47,
      "height" : 34
    } ],
    "fanIn" : 1,
    "fanOut" : 1,
    "id" : 20,
    "failedEvents" : [ "xpath /HTML[1]/BODY[1]/DIV[1]/DIV[2]/DIV[2]/DIV[1]/DIV[1]/DIV[3]/DIV[1]/DIV[1]/DIV[2]/A[1]", "xpath /HTML[1]/BODY[1]/DIV[1]/DIV[2]/DIV[2]/DIV[1]/DIV[1]/DIV[2]/DIV[1]/DIV[2]/DIV[1]/DIV[3]/BUTTON[1]" ],
    "hasNearDuplicate" : false,
    "distToNearestState" : 18.0,
    "cluster" : -1,
    "timeAdded" : 1661372203926,
    "nearestState" : "state17"
  }, {
    "name" : "state74",
    "url" : "http://localhost:3000/wallets",
    "candidateElements" : [ ],
    "fanIn" : 1,
    "fanOut" : 0,
    "id" : 74,
    "failedEvents" : [ ],
    "hasNearDuplicate" : false,
    "distToNearestState" : 9.0,
    "cluster" : -1,
    "timeAdded" : 1661372622240,
    "nearestState" : "state73"
  }, {
    "name" : "state73",
    "url" : "http://localhost:3000/wallets",
    "candidateElements" : [ {
      "top" : 494,
      "left" : 56,
      "xpath" : "/HTML[1]/BODY[1]/DIV[1]/DIV[2]/DIV[3]/DIV[1]/DIV[1]/DIV[2]/DIV[2]/DIV[2]/UL[1]/LI[3]/A[1]",
      "width" : 688,
      "height" : 40
    } ],
    "fanIn" : 1,
    "fanOut" : 1,
    "id" : 73,
    "failedEvents" : [ ],
    "hasNearDuplicate" : false,
    "distToNearestState" : 7.0,
    "cluster" : -1,
    "timeAdded" : 1661372615378,
    "nearestState" : "state71"
  }, {
    "name" : "state6",
    "url" : "http://localhost:3000/",
    "candidateElements" : [ {
      "top" : 96,
      "left" : 636,
      "xpath" : "/HTML[1]/BODY[1]/DIV[1]/DIV[1]/DIV[1]/DIV[2]/UL[1]/LI[7]/A[1]",
      "width" : 73,
      "height" : 45
    }, {
      "top" : 345,
      "left" : 462,
      "xpath" : "/HTML[1]/BODY[1]/DIV[3]/DIV[1]/DIV[1]/DIV[1]/DIV[3]/A[1]",
      "width" : 66,
      "height" : 30
    }, {
      "top" : 345,
      "left" : 537,
      "xpath" : "/HTML[1]/BODY[1]/DIV[3]/DIV[1]/DIV[1]/DIV[1]/DIV[3]/A[2]",
      "width" : 146,
      "height" : 30
    }, {
      "top" : 140,
      "left" : 671,
      "xpath" : "/HTML[1]/BODY[1]/DIV[3]/DIV[1]/DIV[1]/DIV[1]/DIV[1]/BUTTON[1]",
      "width" : 13,
      "height" : 21
    }, {
      "top" : 296,
      "left" : 116,
      "xpath" : "/HTML[1]/BODY[1]/DIV[3]/DIV[1]/DIV[1]/DIV[1]/DIV[2]/FORM[1]/FIELDSET[1]/DIV[4]/INPUT[1]",
      "width" : 69,
      "height" : 34
    } ],
    "fanIn" : 2,
    "fanOut" : 2,
    "id" : 6,
    "failedEvents" : [ "xpath /HTML[1]/BODY[1]/DIV[1]/DIV[1]/DIV[1]/DIV[2]/UL[1]/LI[7]/A[1]", "xpath /HTML[1]/BODY[1]/DIV[1]/DIV[1]/DIV[1]/DIV[2]/UL[1]/LI[7]/A[1]", "xpath /HTML[1]/BODY[1]/DIV[1]/DIV[1]/DIV[1]/DIV[2]/UL[1]/LI[7]/A[1]" ],
    "hasNearDuplicate" : false,
    "distToNearestState" : 6.0,
    "cluster" : -1,
    "timeAdded" : 1661372101305,
    "nearestState" : "state5"
  }, {
    "name" : "state5",
    "url" : "http://localhost:3000/",
    "candidateElements" : [ {
      "top" : 96,
      "left" : 636,
      "xpath" : "/HTML[1]/BODY[1]/DIV[1]/DIV[1]/DIV[1]/DIV[2]/UL[1]/LI[7]/A[1]",
      "width" : 73,
      "height" : 45
    }, {
      "top" : 394,
      "left" : 624,
      "xpath" : "/HTML[1]/BODY[1]/DIV[3]/DIV[1]/DIV[1]/DIV[1]/DIV[4]/DIV[1]/A[1]",
      "width" : 59,
      "height" : 30
    }, {
      "top" : 140,
      "left" : 671,
      "xpath" : "/HTML[1]/BODY[1]/DIV[3]/DIV[1]/DIV[1]/DIV[1]/DIV[1]/BUTTON[1]",
      "width" : 13,
      "height" : 21
    }, {
      "top" : 345,
      "left" : 116,
      "xpath" : "/HTML[1]/BODY[1]/DIV[3]/DIV[1]/DIV[1]/DIV[1]/DIV[2]/FORM[1]/FIELDSET[1]/DIV[5]/INPUT[1]",
      "width" : 76,
      "height" : 34
    } ],
    "fanIn" : 3,
    "fanOut" : 3,
    "id" : 5,
    "failedEvents" : [ "xpath /HTML[1]/BODY[1]/DIV[1]/DIV[1]/DIV[1]/DIV[2]/UL[1]/LI[7]/A[1]", "xpath /HTML[1]/BODY[1]/DIV[1]/DIV[1]/DIV[1]/DIV[2]/UL[1]/LI[6]/A[1]", "xpath /HTML[1]/BODY[1]/DIV[1]/DIV[1]/DIV[1]/DIV[2]/UL[1]/LI[6]/A[1]", "xpath /HTML[1]/BODY[1]/DIV[1]/DIV[1]/DIV[1]/DIV[2]/UL[1]/LI[6]/A[1]", "xpath /HTML[1]/BODY[1]/DIV[1]/DIV[1]/DIV[1]/DIV[2]/UL[1]/LI[6]/A[1]", "xpath /HTML[1]/BODY[1]/DIV[1]/DIV[1]/DIV[1]/DIV[2]/UL[1]/LI[6]/A[1]", "xpath /HTML[1]/BODY[1]/DIV[1]/DIV[1]/DIV[1]/DIV[2]/UL[1]/LI[6]/A[1]", "xpath /HTML[1]/BODY[1]/DIV[1]/DIV[1]/DIV[1]/DIV[2]/UL[1]/LI[6]/A[1]" ],
    "hasNearDuplicate" : false,
    "distToNearestState" : 17.0,
    "cluster" : -1,
    "timeAdded" : 1661372092655,
    "nearestState" : "state2"
  }, {
    "name" : "index",
    "url" : "http://localhost:3000",
    "candidateElements" : [ {
      "top" : 96,
      "left" : 40,
      "xpath" : "/HTML[1]/BODY[1]/DIV[1]/DIV[1]/DIV[1]/DIV[1]/A[1]",
      "width" : 123,
      "height" : 46
    }, {
      "top" : 96,
      "left" : 355,
      "xpath" : "/HTML[1]/BODY[1]/DIV[1]/DIV[1]/DIV[1]/DIV[2]/UL[1]/LI[1]/A[1]",
      "width" : 68,
      "height" : 45
    }, {
      "top" : 96,
      "left" : 554,
      "xpath" : "/HTML[1]/BODY[1]/DIV[1]/DIV[1]/DIV[1]/DIV[2]/UL[1]/LI[6]/A[1]",
      "width" : 82,
      "height" : 45
    }, {
      "top" : 96,
      "left" : 636,
      "xpath" : "/HTML[1]/BODY[1]/DIV[1]/DIV[1]/DIV[1]/DIV[2]/UL[1]/LI[7]/A[1]",
      "width" : 73,
      "height" : 45
    } ],
    "fanIn" : 2,
    "fanOut" : 3,
    "id" : 0,
    "failedEvents" : [ "xpath /HTML[1]/BODY[1]/DIV[1]/DIV[1]/DIV[1]/DIV[2]/UL[1]/LI[1]/A[1]", "xpath /HTML[1]/BODY[1]/DIV[1]/DIV[1]/DIV[1]/DIV[2]/UL[1]/LI[1]/A[1]", "xpath /HTML[1]/BODY[1]/DIV[1]/DIV[1]/DIV[1]/DIV[2]/UL[1]/LI[1]/A[1]", "xpath /HTML[1]/BODY[1]/DIV[1]/DIV[1]/DIV[1]/DIV[2]/UL[1]/LI[1]/A[1]", "xpath /HTML[1]/BODY[1]/DIV[1]/DIV[1]/DIV[1]/DIV[2]/UL[1]/LI[1]/A[1]", "xpath /HTML[1]/BODY[1]/DIV[1]/DIV[1]/DIV[1]/DIV[2]/UL[1]/LI[1]/A[1]", "xpath /HTML[1]/BODY[1]/DIV[1]/DIV[1]/DIV[1]/DIV[2]/UL[1]/LI[1]/A[1]", "xpath /HTML[1]/BODY[1]/DIV[1]/DIV[1]/DIV[1]/DIV[2]/UL[1]/LI[1]/A[1]", "xpath /HTML[1]/BODY[1]/DIV[1]/DIV[1]/DIV[1]/DIV[2]/UL[1]/LI[1]/A[1]", "xpath /HTML[1]/BODY[1]/DIV[1]/DIV[1]/DIV[1]/DIV[2]/UL[1]/LI[1]/A[1]", "xpath /HTML[1]/BODY[1]/DIV[1]/DIV[1]/DIV[1]/DIV[2]/UL[1]/LI[1]/A[1]", "xpath /HTML[1]/BODY[1]/DIV[1]/DIV[1]/DIV[1]/DIV[2]/UL[1]/LI[1]/A[1]", "xpath /HTML[1]/BODY[1]/DIV[1]/DIV[1]/DIV[1]/DIV[2]/UL[1]/LI[1]/A[1]", "xpath /HTML[1]/BODY[1]/DIV[1]/DIV[1]/DIV[1]/DIV[2]/UL[1]/LI[1]/A[1]", "xpath /HTML[1]/BODY[1]/DIV[1]/DIV[1]/DIV[1]/DIV[2]/UL[1]/LI[1]/A[1]", "xpath /HTML[1]/BODY[1]/DIV[1]/DIV[1]/DIV[1]/DIV[2]/UL[1]/LI[1]/A[1]", "xpath /HTML[1]/BODY[1]/DIV[1]/DIV[1]/DIV[1]/DIV[2]/UL[1]/LI[1]/A[1]", "xpath /HTML[1]/BODY[1]/DIV[1]/DIV[1]/DIV[1]/DIV[2]/UL[1]/LI[1]/A[1]" ],
    "hasNearDuplicate" : false,
    "distToNearestState" : -1.0,
    "cluster" : -1,
    "timeAdded" : 1661372057269,
    "nearestState" : "null"
  }, {
    "name" : "state2",
    "url" : "http://localhost:3000/",
    "candidateElements" : [ {
      "top" : 96,
      "left" : 355,
      "xpath" : "/HTML[1]/BODY[1]/DIV[1]/DIV[1]/DIV[1]/DIV[2]/UL[1]/LI[1]/A[1]",
      "width" : 68,
      "height" : 45
    }, {
      "top" : 96,
      "left" : 554,
      "xpath" : "/HTML[1]/BODY[1]/DIV[1]/DIV[1]/DIV[1]/DIV[2]/UL[1]/LI[6]/A[1]",
      "width" : 82,
      "height" : 45
    }, {
      "top" : 96,
      "left" : 636,
      "xpath" : "/HTML[1]/BODY[1]/DIV[1]/DIV[1]/DIV[1]/DIV[2]/UL[1]/LI[7]/A[1]",
      "width" : 73,
      "height" : 45
    } ],
    "fanIn" : 2,
    "fanOut" : 1,
    "id" : 2,
    "failedEvents" : [ ],
    "hasNearDuplicate" : false,
    "distToNearestState" : 1.0,
    "cluster" : -1,
    "timeAdded" : 1661372071981,
    "nearestState" : "index"
  }, {
    "name" : "state19",
    "url" : "http://localhost:3000/wallets/2",
    "candidateElements" : [ {
      "top" : 64,
      "left" : 115,
      "xpath" : "/HTML[1]/BODY[1]/DIV[1]/DIV[2]/DIV[2]/DIV[1]/UL[1]/LI[2]/A[1]",
      "width" : 45,
      "height" : 17
    }, {
      "top" : 245,
      "left" : 677,
      "xpath" : "/HTML[1]/BODY[1]/DIV[1]/DIV[2]/DIV[2]/DIV[1]/DIV[1]/DIV[1]/DIV[1]/DIV[2]/DIV[1]/A[1]",
      "width" : 67,
      "height" : 18
    }, {
      "top" : 579,
      "left" : 56,
      "xpath" : "/HTML[1]/BODY[1]/DIV[1]/DIV[2]/DIV[2]/DIV[1]/DIV[1]/DIV[3]/DIV[1]/DIV[1]/DIV[2]/A[1]",
      "width" : 688,
      "height" : 34
    }, {
      "top" : 209,
      "left" : 56,
      "xpath" : "/HTML[1]/BODY[1]/DIV[1]/DIV[2]/DIV[2]/DIV[1]/DIV[1]/DIV[1]/DIV[1]/DIV[2]/BUTTON[1]",
      "width" : 688,
      "height" : 34
    }, {
      "top" : 443,
      "left" : 56,
      "xpath" : "/HTML[1]/BODY[1]/DIV[1]/DIV[2]/DIV[2]/DIV[1]/DIV[1]/DIV[2]/DIV[1]/DIV[2]/DIV[1]/DIV[2]/BUTTON[1]",
      "width" : 688,
      "height" : 30
    } ],
    "fanIn" : 1,
    "fanOut" : 1,
    "id" : 19,
    "failedEvents" : [ "xpath /HTML[1]/BODY[1]/DIV[1]/DIV[2]/DIV[2]/DIV[1]/UL[1]/LI[2]/A[1]" ],
    "hasNearDuplicate" : false,
    "distToNearestState" : 20.0,
    "cluster" : -1,
    "timeAdded" : 1661372195375,
    "nearestState" : "state12"
  }, {
    "name" : "state18",
    "url" : "http://localhost:3000/wallets",
    "candidateElements" : [ {
      "top" : 111,
      "left" : 40,
      "xpath" : "/HTML[1]/BODY[1]/DIV[1]/DIV[2]/DIV[3]/DIV[1]/DIV[1]/DIV[1]/DIV[1]/A[1]",
      "width" : 720,
      "height" : 47
    }, {
      "top" : 167,
      "left" : 56,
      "xpath" : "/HTML[1]/BODY[1]/DIV[1]/DIV[2]/DIV[3]/DIV[1]/DIV[1]/DIV[1]/DIV[1]/DIV[1]/A[1]",
      "width" : 52,
      "height" : 34
    }, {
      "top" : 287,
      "left" : 56,
      "xpath" : "/HTML[1]/BODY[1]/DIV[1]/DIV[2]/DIV[3]/DIV[1]/DIV[1]/DIV[2]/DIV[1]/DIV[2]/UL[1]/LI[1]/A[1]",
      "width" : 688,
      "height" : 40
    }, {
      "top" : 329,
      "left" : 56,
      "xpath" : "/HTML[1]/BODY[1]/DIV[1]/DIV[2]/DIV[3]/DIV[1]/DIV[1]/DIV[2]/DIV[1]/DIV[2]/UL[1]/LI[2]/A[1]",
      "width" : 688,
      "height" : 40
    }, {
      "top" : 459,
      "left" : 56,
      "xpath" : "/HTML[1]/BODY[1]/DIV[1]/DIV[2]/DIV[3]/DIV[1]/DIV[1]/DIV[2]/DIV[2]/DIV[2]/UL[1]/LI[1]/A[1]",
      "width" : 688,
      "height" : 40
    }, {
      "top" : 501,
      "left" : 56,
      "xpath" : "/HTML[1]/BODY[1]/DIV[1]/DIV[2]/DIV[3]/DIV[1]/DIV[1]/DIV[2]/DIV[2]/DIV[2]/UL[1]/LI[2]/A[1]",
      "width" : 688,
      "height" : 40
    }, {
      "top" : 543,
      "left" : 56,
      "xpath" : "/HTML[1]/BODY[1]/DIV[1]/DIV[2]/DIV[3]/DIV[1]/DIV[1]/DIV[2]/DIV[2]/DIV[2]/UL[1]/LI[3]/A[1]",
      "width" : 688,
      "height" : 40
    }, {
      "top" : 122,
      "left" : 469,
      "xpath" : "/HTML[1]/BODY[1]/DIV[1]/DIV[2]/DIV[3]/DIV[1]/DIV[1]/DIV[1]/DIV[1]/A[1]/DIV[2]/BUTTON[1]",
      "width" : 52,
      "height" : 22
    }, {
      "top" : 122,
      "left" : 525,
      "xpath" : "/HTML[1]/BODY[1]/DIV[1]/DIV[2]/DIV[3]/DIV[1]/DIV[1]/DIV[1]/DIV[1]/A[1]/DIV[2]/BUTTON[2]",
      "width" : 48,
      "height" : 22
    }, {
      "top" : 122,
      "left" : 577,
      "xpath" : "/HTML[1]/BODY[1]/DIV[1]/DIV[2]/DIV[3]/DIV[1]/DIV[1]/DIV[1]/DIV[1]/A[1]/DIV[2]/BUTTON[3]",
      "width" : 126,
      "height" : 22
    } ],
    "fanIn" : 1,
    "fanOut" : 1,
    "id" : 18,
    "failedEvents" : [ ],
    "hasNearDuplicate" : false,
    "distToNearestState" : 18.0,
    "cluster" : -1,
    "timeAdded" : 1661372188075,
    "nearestState" : "state12"
  }, {
    "name" : "state24",
    "url" : "http://localhost:3000/plans",
    "candidateElements" : [ {
      "top" : 195,
      "left" : 415,
      "xpath" : "/HTML[1]/BODY[1]/DIV[1]/DIV[2]/DIV[3]/DIV[1]/DIV[2]/DIV[1]/DIV[1]/DIV[2]/DIV[1]/DIV[2]/DIV[1]/A[1]",
      "width" : 329,
      "height" : 42
    }, {
      "top" : 257,
      "left" : 56,
      "xpath" : "/HTML[1]/BODY[1]/DIV[1]/DIV[2]/DIV[3]/DIV[1]/DIV[2]/DIV[1]/DIV[1]/DIV[2]/BUTTON[1]",
      "width" : 58,
      "height" : 34
    }, {
      "top" : 257,
      "left" : 117,
      "xpath" : "/HTML[1]/BODY[1]/DIV[1]/DIV[2]/DIV[3]/DIV[1]/DIV[2]/DIV[1]/DIV[1]/DIV[2]/BUTTON[2]",
      "width" : 55,
      "height" : 34
    } ],
    "fanIn" : 2,
    "fanOut" : 2,
    "id" : 24,
    "failedEvents" : [ ],
    "hasNearDuplicate" : false,
    "distToNearestState" : 19.0,
    "cluster" : -1,
    "timeAdded" : 1661372224973,
    "nearestState" : "state12"
  }, {
    "name" : "state68",
    "url" : "http://localhost:3000/wallets",
    "candidateElements" : [ {
      "top" : 287,
      "left" : 56,
      "xpath" : "/HTML[1]/BODY[1]/DIV[1]/DIV[2]/DIV[3]/DIV[1]/DIV[1]/DIV[2]/DIV[1]/DIV[2]/UL[1]/LI[1]/A[1]",
      "width" : 688,
      "height" : 40
    }, {
      "top" : 329,
      "left" : 56,
      "xpath" : "/HTML[1]/BODY[1]/DIV[1]/DIV[2]/DIV[3]/DIV[1]/DIV[1]/DIV[2]/DIV[1]/DIV[2]/UL[1]/LI[2]/A[1]",
      "width" : 688,
      "height" : 40
    }, {
      "top" : 459,
      "left" : 56,
      "xpath" : "/HTML[1]/BODY[1]/DIV[1]/DIV[2]/DIV[3]/DIV[1]/DIV[1]/DIV[2]/DIV[2]/DIV[2]/UL[1]/LI[1]/A[1]",
      "width" : 688,
      "height" : 40
    }, {
      "top" : 501,
      "left" : 56,
      "xpath" : "/HTML[1]/BODY[1]/DIV[1]/DIV[2]/DIV[3]/DIV[1]/DIV[1]/DIV[2]/DIV[2]/DIV[2]/UL[1]/LI[2]/A[1]",
      "width" : 688,
      "height" : 40
    }, {
      "top" : 543,
      "left" : 56,
      "xpath" : "/HTML[1]/BODY[1]/DIV[1]/DIV[2]/DIV[3]/DIV[1]/DIV[1]/DIV[2]/DIV[2]/DIV[2]/UL[1]/LI[3]/A[1]",
      "width" : 688,
      "height" : 40
    }, {
      "top" : 122,
      "left" : 453,
      "xpath" : "/HTML[1]/BODY[1]/DIV[1]/DIV[2]/DIV[3]/DIV[1]/DIV[1]/DIV[1]/DIV[1]/A[1]/DIV[2]/BUTTON[1]",
      "width" : 52,
      "height" : 22
    }, {
      "top" : 122,
      "left" : 509,
      "xpath" : "/HTML[1]/BODY[1]/DIV[1]/DIV[2]/DIV[3]/DIV[1]/DIV[1]/DIV[1]/DIV[1]/A[1]/DIV[2]/BUTTON[2]",
      "width" : 48,
      "height" : 22
    }, {
      "top" : 122,
      "left" : 561,
      "xpath" : "/HTML[1]/BODY[1]/DIV[1]/DIV[2]/DIV[3]/DIV[1]/DIV[1]/DIV[1]/DIV[1]/A[1]/DIV[2]/BUTTON[3]",
      "width" : 126,
      "height" : 22
    } ],
    "fanIn" : 1,
    "fanOut" : 0,
    "id" : 68,
    "failedEvents" : [ "xpath /HTML[1]/BODY[1]/DIV[1]/DIV[2]/DIV[3]/DIV[1]/DIV[1]/DIV[2]/DIV[1]/DIV[2]/UL[1]/LI[1]/A[1]", "xpath /HTML[1]/BODY[1]/DIV[1]/DIV[2]/DIV[3]/DIV[1]/DIV[1]/DIV[2]/DIV[1]/DIV[2]/UL[1]/LI[2]/A[1]", "xpath /HTML[1]/BODY[1]/DIV[1]/DIV[2]/DIV[3]/DIV[1]/DIV[1]/DIV[2]/DIV[2]/DIV[2]/UL[1]/LI[1]/A[1]", "xpath /HTML[1]/BODY[1]/DIV[1]/DIV[2]/DIV[3]/DIV[1]/DIV[1]/DIV[2]/DIV[2]/DIV[2]/UL[1]/LI[2]/A[1]", "xpath /HTML[1]/BODY[1]/DIV[1]/DIV[2]/DIV[3]/DIV[1]/DIV[1]/DIV[2]/DIV[2]/DIV[2]/UL[1]/LI[3]/A[1]", "xpath /HTML[1]/BODY[1]/DIV[1]/DIV[2]/DIV[3]/DIV[1]/DIV[1]/DIV[1]/DIV[1]/A[1]/DIV[2]/BUTTON[1]", "xpath /HTML[1]/BODY[1]/DIV[1]/DIV[2]/DIV[3]/DIV[1]/DIV[1]/DIV[1]/DIV[1]/A[1]/DIV[2]/BUTTON[2]", "xpath /HTML[1]/BODY[1]/DIV[1]/DIV[2]/DIV[3]/DIV[1]/DIV[1]/DIV[1]/DIV[1]/A[1]/DIV[2]/BUTTON[3]" ],
    "hasNearDuplicate" : false,
    "distToNearestState" : 13.0,
    "cluster" : -1,
    "timeAdded" : 1661372571060,
    "nearestState" : "state17"
  }, {
    "name" : "state12",
    "url" : "http://localhost:3000/wallets",
    "candidateElements" : [ {
      "top" : 22,
      "left" : 275,
      "xpath" : "/HTML[1]/BODY[1]/DIV[1]/DIV[1]/DIV[1]/DIV[2]/UL[1]/LI[2]/A[1]",
      "width" : 75,
      "height" : 45
    }, {
      "top" : 22,
      "left" : 350,
      "xpath" : "/HTML[1]/BODY[1]/DIV[1]/DIV[1]/DIV[1]/DIV[2]/UL[1]/LI[3]/A[1]",
      "width" : 66,
      "height" : 45
    }, {
      "top" : 64,
      "left" : 55,
      "xpath" : "/HTML[1]/BODY[1]/DIV[1]/DIV[2]/DIV[2]/DIV[1]/UL[1]/LI[1]/A[1]",
      "width" : 38,
      "height" : 17
    }, {
      "top" : 127,
      "left" : 183,
      "xpath" : "/HTML[1]/BODY[1]/DIV[1]/DIV[2]/DIV[2]/DIV[1]/DIV[1]/DIV[1]/DIV[1]/A[1]",
      "width" : 34,
      "height" : 22
    }, {
      "top" : 239,
      "left" : 56,
      "xpath" : "/HTML[1]/BODY[1]/DIV[1]/DIV[2]/DIV[2]/DIV[1]/DIV[1]/DIV[2]/DIV[1]/DIV[2]/UL[1]/LI[1]/A[1]",
      "width" : 688,
      "height" : 40
    }, {
      "top" : 281,
      "left" : 56,
      "xpath" : "/HTML[1]/BODY[1]/DIV[1]/DIV[2]/DIV[2]/DIV[1]/DIV[1]/DIV[2]/DIV[1]/DIV[2]/UL[1]/LI[2]/A[1]",
      "width" : 688,
      "height" : 40
    }, {
      "top" : 412,
      "left" : 56,
      "xpath" : "/HTML[1]/BODY[1]/DIV[1]/DIV[2]/DIV[2]/DIV[1]/DIV[1]/DIV[2]/DIV[2]/DIV[2]/UL[1]/LI[1]/A[1]",
      "width" : 688,
      "height" : 40
    }, {
      "top" : 454,
      "left" : 56,
      "xpath" : "/HTML[1]/BODY[1]/DIV[1]/DIV[2]/DIV[2]/DIV[1]/DIV[1]/DIV[2]/DIV[2]/DIV[2]/UL[1]/LI[2]/A[1]",
      "width" : 688,
      "height" : 40
    }, {
      "top" : 496,
      "left" : 56,
      "xpath" : "/HTML[1]/BODY[1]/DIV[1]/DIV[2]/DIV[2]/DIV[1]/DIV[1]/DIV[2]/DIV[2]/DIV[2]/UL[1]/LI[3]/A[1]",
      "width" : 688,
      "height" : 40
    } ],
    "fanIn" : 2,
    "fanOut" : 2,
    "id" : 12,
    "failedEvents" : [ ],
    "hasNearDuplicate" : false,
    "distToNearestState" : 30.0,
    "cluster" : -1,
    "timeAdded" : 1661372143684,
    "nearestState" : "state2"
  }, {
    "name" : "state23",
    "url" : "http://localhost:3000/plans",
    "candidateElements" : [ {
      "top" : 195,
      "left" : 415,
      "xpath" : "/HTML[1]/BODY[1]/DIV[1]/DIV[2]/DIV[3]/DIV[1]/DIV[2]/DIV[1]/DIV[1]/DIV[2]/DIV[1]/DIV[2]/DIV[1]/A[1]",
      "width" : 329,
      "height" : 42
    }, {
      "top" : 257,
      "left" : 56,
      "xpath" : "/HTML[1]/BODY[1]/DIV[1]/DIV[2]/DIV[3]/DIV[1]/DIV[2]/DIV[1]/DIV[1]/DIV[2]/BUTTON[1]",
      "width" : 58,
      "height" : 34
    }, {
      "top" : 257,
      "left" : 117,
      "xpath" : "/HTML[1]/BODY[1]/DIV[1]/DIV[2]/DIV[3]/DIV[1]/DIV[2]/DIV[1]/DIV[1]/DIV[2]/BUTTON[2]",
      "width" : 55,
      "height" : 34
    } ],
    "fanIn" : 1,
    "fanOut" : 1,
    "id" : 23,
    "failedEvents" : [ ],
    "hasNearDuplicate" : false,
    "distToNearestState" : 15.0,
    "cluster" : -1,
    "timeAdded" : 1661372221300,
    "nearestState" : "state14"
  }, {
    "name" : "state78",
    "url" : "http://localhost:3000/wallets",
    "candidateElements" : [ {
      "top" : 122,
      "left" : 509,
      "xpath" : "/HTML[1]/BODY[1]/DIV[1]/DIV[2]/DIV[3]/DIV[1]/DIV[1]/DIV[1]/DIV[1]/A[1]/DIV[2]/BUTTON[2]",
      "width" : 48,
      "height" : 22
    }, {
      "top" : 122,
      "left" : 561,
      "xpath" : "/HTML[1]/BODY[1]/DIV[1]/DIV[2]/DIV[3]/DIV[1]/DIV[1]/DIV[1]/DIV[1]/A[1]/DIV[2]/BUTTON[3]",
      "width" : 126,
      "height" : 22
    }, {
      "top" : 217,
      "left" : 217,
      "xpath" : "/HTML[1]/BODY[1]/DIV[3]/DIV[1]/DIV[1]/DIV[1]/FORM[1]/DIV[2]/DIV[1]/INPUT[2]",
      "width" : 70,
      "height" : 34
    }, {
      "top" : 217,
      "left" : 116,
      "xpath" : "/HTML[1]/BODY[1]/DIV[3]/DIV[1]/DIV[1]/DIV[1]/FORM[1]/DIV[2]/DIV[1]/INPUT[1]",
      "width" : 97,
      "height" : 34
    } ],
    "fanIn" : 1,
    "fanOut" : 1,
    "id" : 78,
    "failedEvents" : [ "xpath /HTML[1]/BODY[1]/DIV[1]/DIV[2]/DIV[3]/DIV[1]/DIV[1]/DIV[1]/DIV[1]/A[1]/DIV[2]/BUTTON[2]", "xpath /HTML[1]/BODY[1]/DIV[1]/DIV[2]/DIV[3]/DIV[1]/DIV[1]/DIV[1]/DIV[1]/A[1]/DIV[2]/BUTTON[3]" ],
    "hasNearDuplicate" : false,
    "distToNearestState" : 20.0,
    "cluster" : -1,
    "timeAdded" : 1661372650334,
    "nearestState" : "state73"
  }, {
    "name" : "state77",
    "url" : "http://localhost:3000/wallets",
    "candidateElements" : [ {
      "top" : 122,
      "left" : 453,
      "xpath" : "/HTML[1]/BODY[1]/DIV[1]/DIV[2]/DIV[3]/DIV[1]/DIV[1]/DIV[1]/DIV[1]/A[1]/DIV[2]/BUTTON[1]",
      "width" : 52,
      "height" : 22
    }, {
      "top" : 122,
      "left" : 509,
      "xpath" : "/HTML[1]/BODY[1]/DIV[1]/DIV[2]/DIV[3]/DIV[1]/DIV[1]/DIV[1]/DIV[1]/A[1]/DIV[2]/BUTTON[2]",
      "width" : 48,
      "height" : 22
    }, {
      "top" : 122,
      "left" : 561,
      "xpath" : "/HTML[1]/BODY[1]/DIV[1]/DIV[2]/DIV[3]/DIV[1]/DIV[1]/DIV[1]/DIV[1]/A[1]/DIV[2]/BUTTON[3]",
      "width" : 126,
      "height" : 22
    } ],
    "fanIn" : 2,
    "fanOut" : 1,
    "id" : 77,
    "failedEvents" : [ ],
    "hasNearDuplicate" : false,
    "distToNearestState" : 4.0,
    "cluster" : -1,
    "timeAdded" : 1661372643045,
    "nearestState" : "state28"
  }, {
    "name" : "state10",
    "url" : "http://localhost:3000/",
    "candidateElements" : [ {
      "top" : 296,
      "left" : 617,
      "xpath" : "/HTML[1]/BODY[1]/DIV[3]/DIV[1]/DIV[1]/DIV[1]/DIV[4]/DIV[1]/A[1]",
      "width" : 66,
      "height" : 30
    }, {
      "top" : 247,
      "left" : 116,
      "xpath" : "/HTML[1]/BODY[1]/DIV[3]/DIV[1]/DIV[1]/DIV[1]/DIV[2]/FORM[1]/FIELDSET[1]/DIV[3]/INPUT[1]",
      "width" : 74,
      "height" : 34
    } ],
    "fanIn" : 1,
    "fanOut" : 1,
    "id" : 10,
    "failedEvents" : [ ],
    "hasNearDuplicate" : false,
    "distToNearestState" : 8.0,
    "cluster" : -1,
    "timeAdded" : 1661372130005,
    "nearestState" : "state6"
  }, {
    "name" : "state21",
    "url" : "http://localhost:3000/wallets/2",
    "candidateElements" : [ {
      "top" : 64,
      "left" : 115,
      "xpath" : "/HTML[1]/BODY[1]/DIV[1]/DIV[2]/DIV[2]/DIV[1]/UL[1]/LI[2]/A[1]",
      "width" : 45,
      "height" : 17
    }, {
      "top" : 656,
      "left" : 56,
      "xpath" : "/HTML[1]/BODY[1]/DIV[1]/DIV[2]/DIV[2]/DIV[1]/DIV[1]/DIV[3]/DIV[1]/DIV[1]/DIV[2]/A[1]",
      "width" : 688,
      "height" : 34
    }, {
      "top" : 209,
      "left" : 56,
      "xpath" : "/HTML[1]/BODY[1]/DIV[1]/DIV[2]/DIV[2]/DIV[1]/DIV[1]/DIV[1]/DIV[1]/DIV[2]/BUTTON[1]",
      "width" : 688,
      "height" : 34
    }, {
      "top" : 520,
      "left" : 56,
      "xpath" : "/HTML[1]/BODY[1]/DIV[1]/DIV[2]/DIV[2]/DIV[1]/DIV[1]/DIV[2]/DIV[1]/DIV[2]/DIV[1]/DIV[4]/BUTTON[1]",
      "width" : 688,
      "height" : 30
    } ],
    "fanIn" : 1,
    "fanOut" : 1,
    "id" : 21,
    "failedEvents" : [ "xpath /HTML[1]/BODY[1]/DIV[1]/DIV[2]/DIV[2]/DIV[1]/UL[1]/LI[2]/A[1]" ],
    "hasNearDuplicate" : false,
    "distToNearestState" : 31.0,
    "cluster" : -1,
    "timeAdded" : 1661372213481,
    "nearestState" : "state10"
  }, {
    "name" : "state17",
    "url" : "http://localhost:3000/wallets",
    "candidateElements" : [ {
      "top" : 127,
      "left" : 183,
      "xpath" : "/HTML[1]/BODY[1]/DIV[1]/DIV[2]/DIV[3]/DIV[1]/DIV[1]/DIV[1]/DIV[1]/A[1]",
      "width" : 34,
      "height" : 22
    }, {
      "top" : 239,
      "left" : 56,
      "xpath" : "/HTML[1]/BODY[1]/DIV[1]/DIV[2]/DIV[3]/DIV[1]/DIV[1]/DIV[2]/DIV[1]/DIV[2]/UL[1]/LI[1]/A[1]",
      "width" : 688,
      "height" : 40
    }, {
      "top" : 281,
      "left" : 56,
      "xpath" : "/HTML[1]/BODY[1]/DIV[1]/DIV[2]/DIV[3]/DIV[1]/DIV[1]/DIV[2]/DIV[1]/DIV[2]/UL[1]/LI[2]/A[1]",
      "width" : 688,
      "height" : 40
    }, {
      "top" : 412,
      "left" : 56,
      "xpath" : "/HTML[1]/BODY[1]/DIV[1]/DIV[2]/DIV[3]/DIV[1]/DIV[1]/DIV[2]/DIV[2]/DIV[2]/UL[1]/LI[1]/A[1]",
      "width" : 688,
      "height" : 40
    }, {
      "top" : 454,
      "left" : 56,
      "xpath" : "/HTML[1]/BODY[1]/DIV[1]/DIV[2]/DIV[3]/DIV[1]/DIV[1]/DIV[2]/DIV[2]/DIV[2]/UL[1]/LI[2]/A[1]",
      "width" : 688,
      "height" : 40
    }, {
      "top" : 496,
      "left" : 56,
      "xpath" : "/HTML[1]/BODY[1]/DIV[1]/DIV[2]/DIV[3]/DIV[1]/DIV[1]/DIV[2]/DIV[2]/DIV[2]/UL[1]/LI[3]/A[1]",
      "width" : 688,
      "height" : 40
    }, {
      "top" : 223,
      "left" : 116,
      "xpath" : "/HTML[1]/BODY[1]/DIV[3]/DIV[1]/DIV[1]/DIV[1]/DIV[2]/FORM[1]/FIELDSET[1]/DIV[4]/INPUT[1]",
      "width" : 52,
      "height" : 34
    } ],
    "fanIn" : 1,
    "fanOut" : 1,
    "id" : 17,
    "failedEvents" : [ "xpath /HTML[1]/BODY[1]/DIV[1]/DIV[2]/DIV[3]/DIV[1]/DIV[1]/DIV[1]/DIV[1]/A[1]", "xpath /HTML[1]/BODY[1]/DIV[1]/DIV[2]/DIV[3]/DIV[1]/DIV[1]/DIV[2]/DIV[1]/DIV[2]/UL[1]/LI[1]/A[1]", "xpath /HTML[1]/BODY[1]/DIV[1]/DIV[2]/DIV[3]/DIV[1]/DIV[1]/DIV[2]/DIV[1]/DIV[2]/UL[1]/LI[2]/A[1]", "xpath /HTML[1]/BODY[1]/DIV[1]/DIV[2]/DIV[3]/DIV[1]/DIV[1]/DIV[2]/DIV[2]/DIV[2]/UL[1]/LI[1]/A[1]", "xpath /HTML[1]/BODY[1]/DIV[1]/DIV[2]/DIV[3]/DIV[1]/DIV[1]/DIV[2]/DIV[2]/DIV[2]/UL[1]/LI[2]/A[1]", "xpath /HTML[1]/BODY[1]/DIV[1]/DIV[2]/DIV[3]/DIV[1]/DIV[1]/DIV[2]/DIV[2]/DIV[2]/UL[1]/LI[3]/A[1]" ],
    "hasNearDuplicate" : false,
    "distToNearestState" : 22.0,
    "cluster" : -1,
    "timeAdded" : 1661372173588,
    "nearestState" : "state10"
  }, {
    "name" : "state28",
    "url" : "http://localhost:3000/wallets",
    "candidateElements" : [ {
      "top" : 167,
      "left" : 56,
      "xpath" : "/HTML[1]/BODY[1]/DIV[1]/DIV[2]/DIV[3]/DIV[1]/DIV[1]/DIV[1]/DIV[1]/DIV[1]/A[1]",
      "width" : 52,
      "height" : 34
    }, {
      "top" : 287,
      "left" : 56,
      "xpath" : "/HTML[1]/BODY[1]/DIV[1]/DIV[2]/DIV[3]/DIV[1]/DIV[1]/DIV[2]/DIV[1]/DIV[2]/UL[1]/LI[1]/A[1]",
      "width" : 688,
      "height" : 40
    }, {
      "top" : 329,
      "left" : 56,
      "xpath" : "/HTML[1]/BODY[1]/DIV[1]/DIV[2]/DIV[3]/DIV[1]/DIV[1]/DIV[2]/DIV[1]/DIV[2]/UL[1]/LI[2]/A[1]",
      "width" : 688,
      "height" : 40
    }, {
      "top" : 459,
      "left" : 56,
      "xpath" : "/HTML[1]/BODY[1]/DIV[1]/DIV[2]/DIV[3]/DIV[1]/DIV[1]/DIV[2]/DIV[2]/DIV[2]/UL[1]/LI[1]/A[1]",
      "width" : 688,
      "height" : 40
    }, {
      "top" : 501,
      "left" : 56,
      "xpath" : "/HTML[1]/BODY[1]/DIV[1]/DIV[2]/DIV[3]/DIV[1]/DIV[1]/DIV[2]/DIV[2]/DIV[2]/UL[1]/LI[2]/A[1]",
      "width" : 688,
      "height" : 40
    }, {
      "top" : 543,
      "left" : 56,
      "xpath" : "/HTML[1]/BODY[1]/DIV[1]/DIV[2]/DIV[3]/DIV[1]/DIV[1]/DIV[2]/DIV[2]/DIV[2]/UL[1]/LI[3]/A[1]",
      "width" : 688,
      "height" : 40
    }, {
      "top" : 122,
      "left" : 453,
      "xpath" : "/HTML[1]/BODY[1]/DIV[1]/DIV[2]/DIV[3]/DIV[1]/DIV[1]/DIV[1]/DIV[1]/A[1]/DIV[2]/BUTTON[1]",
      "width" : 52,
      "height" : 22
    }, {
      "top" : 122,
      "left" : 509,
      "xpath" : "/HTML[1]/BODY[1]/DIV[1]/DIV[2]/DIV[3]/DIV[1]/DIV[1]/DIV[1]/DIV[1]/A[1]/DIV[2]/BUTTON[2]",
      "width" : 48,
      "height" : 22
    }, {
      "top" : 122,
      "left" : 561,
      "xpath" : "/HTML[1]/BODY[1]/DIV[1]/DIV[2]/DIV[3]/DIV[1]/DIV[1]/DIV[1]/DIV[1]/A[1]/DIV[2]/BUTTON[3]",
      "width" : 126,
      "height" : 22
    } ],
    "fanIn" : 0,
    "fanOut" : 4,
    "id" : 28,
    "failedEvents" : [ ],
    "hasNearDuplicate" : false,
    "distToNearestState" : 3.0,
    "cluster" : -1,
    "timeAdded" : 1661372242442,
    "nearestState" : "state18"
  }, {
    "name" : "state14",
    "url" : "http://localhost:3000/plans",
    "candidateElements" : [ {
      "top" : 64,
      "left" : 55,
      "xpath" : "/HTML[1]/BODY[1]/DIV[1]/DIV[2]/DIV[3]/DIV[1]/UL[1]/LI[1]/A[1]",
      "width" : 38,
      "height" : 17
    }, {
      "top" : 185,
      "left" : 56,
      "xpath" : "/HTML[1]/BODY[1]/DIV[1]/DIV[2]/DIV[3]/DIV[1]/DIV[1]/DIV[1]/DIV[1]/DIV[2]/BUTTON[1]",
      "width" : 97,
      "height" : 34
    } ],
    "fanIn" : 3,
    "fanOut" : 2,
    "id" : 14,
    "failedEvents" : [ ],
    "hasNearDuplicate" : false,
    "distToNearestState" : 26.0,
    "cluster" : -1,
    "timeAdded" : 1661372153602,
    "nearestState" : "state10"
  }, {
    "name" : "state25",
    "url" : "http://localhost:3000/plans",
    "candidateElements" : [ {
      "top" : 195,
      "left" : 415,
      "xpath" : "/HTML[1]/BODY[1]/DIV[1]/DIV[2]/DIV[3]/DIV[1]/DIV[2]/DIV[1]/DIV[1]/DIV[2]/DIV[1]/DIV[2]/DIV[1]/A[1]",
      "width" : 329,
      "height" : 42
    }, {
      "top" : 257,
      "left" : 56,
      "xpath" : "/HTML[1]/BODY[1]/DIV[1]/DIV[2]/DIV[3]/DIV[1]/DIV[2]/DIV[1]/DIV[1]/DIV[2]/BUTTON[1]",
      "width" : 58,
      "height" : 34
    }, {
      "top" : 257,
      "left" : 117,
      "xpath" : "/HTML[1]/BODY[1]/DIV[1]/DIV[2]/DIV[3]/DIV[1]/DIV[2]/DIV[1]/DIV[1]/DIV[2]/BUTTON[2]",
      "width" : 55,
      "height" : 34
    } ],
    "fanIn" : 1,
    "fanOut" : 1,
    "id" : 25,
    "failedEvents" : [ ],
    "hasNearDuplicate" : false,
    "distToNearestState" : 3.0,
    "cluster" : -1,
    "timeAdded" : 1661372228547,
    "nearestState" : "state23"
  } ],
  "links" : [ {
    "source" : 0,
    "target" : 2,
    "text" : "$ dimeshift",
    "element" : "Element{node=[A: null], tag=A, text=$ dimeshift, attributes={class=btn btn-info btn-lg btn-logo, href=/}}",
    "eventType" : "click"
  }, {
    "source" : 2,
    "target" : 0,
    "text" : "Home",
    "element" : "Element{node=[A: null], tag=A, text=Home, attributes={class=menu_category menu_category_home, data-i18n=Home, href=/}}",
    "eventType" : "click"
  }, {
    "source" : 0,
    "target" : 5,
    "text" : "Register",
    "element" : "Element{node=[A: null], tag=A, text=Register, attributes={data-i18n=Register, href=/user/registration}}",
    "eventType" : "click"
  }, {
    "source" : 5,
    "target" : 6,
    "text" : "Sign In",
    "element" : "Element{node=[A: null], tag=A, text=Sign In, attributes={class=btn btn-default btn-sm, href=http://localhost:3000/user/signin}}",
    "eventType" : "click"
  }, {
    "source" : 6,
    "target" : 5,
    "text" : "Register",
    "element" : "Element{node=[A: null], tag=A, text=Register, attributes={class=btn btn-default btn-sm, href=http://localhost:3000/user/registration}}",
    "eventType" : "click"
  }, {
    "source" : 5,
    "target" : 0,
    "text" : "×",
    "element" : "Element{node=[BUTTON: null], tag=BUTTON, text=×, attributes={aria-hidden=true, class=close, data-dismiss=modal, type=button}}",
    "eventType" : "click"
  }, {
    "source" : 0,
    "target" : 6,
    "text" : "Sign In",
    "element" : "Element{node=[A: null], tag=A, text=Sign In, attributes={class=signin_caller, data-i18n=Sign In, href=/user/signin}}",
    "eventType" : "click"
  }, {
    "source" : 6,
    "target" : 10,
    "text" : "Restore your password",
    "element" : "Element{node=[A: null], tag=A, text=Restore your password, attributes={class=btn btn-default btn-sm, href=http://localhost:3000/user/restore}}",
    "eventType" : "click"
  }, {
    "source" : 10,
    "target" : 5,
    "text" : "Register",
    "element" : "Element{node=[A: null], tag=A, text=Register, attributes={class=btn btn-default btn-sm, href=http://localhost:3000/user/registration}}",
    "eventType" : "click"
  }, {
    "source" : 5,
    "target" : 12,
    "text" : "",
    "element" : "Element{node=[INPUT: null], tag=INPUT, text=, attributes={class=btn btn-primary pull-left, data-loading-text=Registration..., id=registration_modal_form_submit, type=submit, value=Sign Up}}",
    "eventType" : "click"
  }, {
    "source" : 12,
    "target" : 14,
    "text" : "Goals",
    "element" : "Element{node=[A: null], tag=A, text=Goals, attributes={class=menu_category menu_category_wallets, data-i18n=Goals, href=/plans}}",
    "eventType" : "click"
  }, {
    "source" : 14,
    "target" : 12,
    "text" : "Home",
    "element" : "Element{node=[A: null], tag=A, text=Home, attributes={href=http://localhost:3000}}",
    "eventType" : "click"
  }, {
    "source" : 12,
    "target" : 17,
    "text" : "Add",
    "element" : "Element{node=[A: null], tag=A, text=Add, attributes={class=btn btn-primary btn-xs, href=http://localhost:3000/wallets/add, id=add_wallet_button}}",
    "eventType" : "click"
  }, {
    "source" : 17,
    "target" : 18,
    "text" : "",
    "element" : "Element{node=[INPUT: null], tag=INPUT, text=, attributes={class=btn btn-primary pull-left, data-loading-text=Saving..., id=add_wallet_modal_form_submit, type=submit, value=Add}}",
    "eventType" : "click"
  }, {
    "source" : 18,
    "target" : 19,
    "text" : "$0.00 Hide Edit Manage AccessesMine",
    "element" : "Element{node=[A: null], tag=A, text=$0.00 Hide Edit Manage AccessesMine, attributes={class=list-group-item item, data-id=2, href=http://localhost:3000/wallets/2}}",
    "eventType" : "click"
  }, {
    "source" : 19,
    "target" : 20,
    "text" : "set total to",
    "element" : "Element{node=[A: null], tag=A, text=set total to, attributes={class=action, href=#, id=set_total_to_button}}",
    "eventType" : "click"
  }, {
    "source" : 20,
    "target" : 21,
    "text" : "",
    "element" : "Element{node=[INPUT: null], tag=INPUT, text=, attributes={class=btn btn-primary pull-left, data-loading-text=Saving..., type=submit, value=Set}}",
    "eventType" : "click"
  }, {
    "source" : 21,
    "target" : 14,
    "text" : "Set Goal",
    "element" : "Element{node=[A: null], tag=A, text=Set Goal, attributes={class=btn btn-default btn-block, href=http://localhost:3000/plans}}",
    "eventType" : "click"
  }, {
    "source" : 14,
    "target" : 23,
    "text" : "Create new",
    "element" : "Element{node=[BUTTON: null], tag=BUTTON, text=Create new, attributes={class=btn btn-primary, id=button_create_new, type=submit}}",
    "eventType" : "click"
  }, {
    "source" : 23,
    "target" : 24,
    "text" : "Mine ",
    "element" : "Element{node=[A: null], tag=A, text=Mine , attributes={class=list-group-item step1_wallet_checkbox , data-id=2, href=#}}",
    "eventType" : "click"
  }, {
    "source" : 24,
    "target" : 25,
    "text" : "Mine ",
    "element" : "Element{node=[A: null], tag=A, text=Mine , attributes={class=list-group-item step1_wallet_checkbox  active, data-id=2, href=#}}",
    "eventType" : "click"
  }, {
    "source" : 25,
    "target" : 24,
    "text" : "Mine ",
    "element" : "Element{node=[A: null], tag=A, text=Mine , attributes={class=list-group-item step1_wallet_checkbox, data-id=2, href=#}}",
    "eventType" : "click"
  }, {
    "source" : 24,
    "target" : 14,
    "text" : "Back",
    "element" : "Element{node=[BUTTON: null], tag=BUTTON, text=Back, attributes={class=btn btn-default, id=button_step1_back, type=submit}}",
    "eventType" : "click"
  }, {
    "source" : 28,
    "target" : 2,
    "text" : "$ dimeshift",
    "element" : "Element{node=[A: null], tag=A, text=$ dimeshift, attributes={class=btn btn-info btn-lg btn-logo, href=/}}",
    "eventType" : "click"
  }, {
    "source" : 28,
    "target" : 68,
    "text" : "Add",
    "element" : "Element{node=[A: null], tag=A, text=Add, attributes={class=btn btn-primary, href=http://localhost:3000/wallets/add, id=add_wallet_button}}",
    "eventType" : "click"
  }, {
    "source" : 28,
    "target" : 71,
    "text" : "Trash",
    "element" : "Element{node=[A: null], tag=A, text=Trash, attributes={class=filter_menu, data-status=hidden, href=#}}",
    "eventType" : "click"
  }, {
    "source" : 71,
    "target" : 73,
    "text" : "Yours",
    "element" : "Element{node=[A: null], tag=A, text=Yours, attributes={class=origin_menu, data-origin=mine, href=#}}",
    "eventType" : "click"
  }, {
    "source" : 73,
    "target" : 74,
    "text" : "Shared with you",
    "element" : "Element{node=[A: null], tag=A, text=Shared with you, attributes={class=origin_menu, data-origin=shared, href=#}}",
    "eventType" : "click"
  }, {
    "source" : 28,
    "target" : 77,
    "text" : "Yours",
    "element" : "Element{node=[A: null], tag=A, text=Yours, attributes={class=origin_menu, data-origin=mine, href=#}}",
    "eventType" : "click"
  }, {
    "source" : 77,
    "target" : 78,
    "text" : "Hide",
    "element" : "Element{node=[BUTTON: null], tag=BUTTON, text=Hide, attributes={class=btn btn-default btn-xs item_button_remove}}",
    "eventType" : "click"
  }, {
    "source" : 78,
    "target" : 77,
    "text" : "",
    "element" : "Element{node=[INPUT: null], tag=INPUT, text=, attributes={class=btn btn-primary pull-left, data-loading-text=Canceling..., type=submit, value=Cancel}}",
    "eventType" : "click"
  } ]
}