{
  "nodes" : [ {
    "name" : "index",
    "url" : "http://localhost:3000/ppma/",
    "candidateElements" : [ {
      "top" : 158,
      "left" : 688,
      "xpath" : "//FORM[@id = 'login-form']/DIV[1]/DIV[2]/A[1]",
      "width" : 45,
      "height" : 32
    } ],
    "fanIn" : 0,
    "fanOut" : 0,
    "id" : 0,
    "failedEvents" : [ ],
    "hasNearDuplicate" : false,
    "distToNearestState" : -1.0,
    "cluster" : -1,
    "timeAdded" : 1661182181558,
    "nearestState" : "null"
  } ],
  "links" : [ ]
}