{
  "states" : {
    "index" : {
      "name" : "index",
      "url" : "http://localhost:3000",
      "candidateElements" : [ {
        "top" : 96,
        "left" : 40,
        "xpath" : "/HTML[1]/BODY[1]/DIV[1]/DIV[1]/DIV[1]/DIV[1]/A[1]",
        "width" : 123,
        "height" : 46
      }, {
        "top" : 96,
        "left" : 355,
        "xpath" : "/HTML[1]/BODY[1]/DIV[1]/DIV[1]/DIV[1]/DIV[2]/UL[1]/LI[1]/A[1]",
        "width" : 68,
        "height" : 45
      }, {
        "top" : 96,
        "left" : 554,
        "xpath" : "/HTML[1]/BODY[1]/DIV[1]/DIV[1]/DIV[1]/DIV[2]/UL[1]/LI[6]/A[1]",
        "width" : 82,
        "height" : 45
      }, {
        "top" : 96,
        "left" : 636,
        "xpath" : "/HTML[1]/BODY[1]/DIV[1]/DIV[1]/DIV[1]/DIV[2]/UL[1]/LI[7]/A[1]",
        "width" : 73,
        "height" : 45
      } ],
      "fanIn" : 1,
      "fanOut" : 2,
      "id" : 0,
      "failedEvents" : [ ],
      "hasNearDuplicate" : false,
      "distToNearestState" : -1.0,
      "cluster" : -1,
      "timeAdded" : 1661525811953,
      "nearestState" : "null"
    },
    "state5" : {
      "name" : "state5",
      "url" : "http://localhost:3000/",
      "candidateElements" : [ {
        "top" : 96,
        "left" : 636,
        "xpath" : "/HTML[1]/BODY[1]/DIV[1]/DIV[1]/DIV[1]/DIV[2]/UL[1]/LI[7]/A[1]",
        "width" : 73,
        "height" : 45
      }, {
        "top" : 394,
        "left" : 624,
        "xpath" : "/HTML[1]/BODY[1]/DIV[3]/DIV[1]/DIV[1]/DIV[1]/DIV[4]/DIV[1]/A[1]",
        "width" : 59,
        "height" : 30
      }, {
        "top" : 140,
        "left" : 671,
        "xpath" : "/HTML[1]/BODY[1]/DIV[3]/DIV[1]/DIV[1]/DIV[1]/DIV[1]/BUTTON[1]",
        "width" : 13,
        "height" : 21
      }, {
        "top" : 345,
        "left" : 116,
        "xpath" : "/HTML[1]/BODY[1]/DIV[3]/DIV[1]/DIV[1]/DIV[1]/DIV[2]/FORM[1]/FIELDSET[1]/DIV[5]/INPUT[1]",
        "width" : 76,
        "height" : 34
      } ],
      "fanIn" : 1,
      "fanOut" : 0,
      "id" : 5,
      "failedEvents" : [ "xpath /HTML[1]/BODY[1]/DIV[1]/DIV[1]/DIV[1]/DIV[2]/UL[1]/LI[7]/A[1]" ],
      "hasNearDuplicate" : false,
      "distToNearestState" : -1.0,
      "cluster" : -1,
      "timeAdded" : 1661525854072,
      "nearestState" : "state2"
    },
    "state2" : {
      "name" : "state2",
      "url" : "http://localhost:3000/",
      "candidateElements" : [ {
        "top" : 96,
        "left" : 355,
        "xpath" : "/HTML[1]/BODY[1]/DIV[1]/DIV[1]/DIV[1]/DIV[2]/UL[1]/LI[1]/A[1]",
        "width" : 68,
        "height" : 45
      }, {
        "top" : 96,
        "left" : 554,
        "xpath" : "/HTML[1]/BODY[1]/DIV[1]/DIV[1]/DIV[1]/DIV[2]/UL[1]/LI[6]/A[1]",
        "width" : 82,
        "height" : 45
      }, {
        "top" : 96,
        "left" : 636,
        "xpath" : "/HTML[1]/BODY[1]/DIV[1]/DIV[1]/DIV[1]/DIV[2]/UL[1]/LI[7]/A[1]",
        "width" : 73,
        "height" : 45
      } ],
      "fanIn" : 1,
      "fanOut" : 1,
      "id" : 2,
      "failedEvents" : [ ],
      "hasNearDuplicate" : false,
      "distToNearestState" : -1.0,
      "cluster" : -1,
      "timeAdded" : 1661525830389,
      "nearestState" : "index"
    }
  },
  "edges" : [ {
    "from" : "index",
    "to" : "state2",
    "text" : "$ dimeshift",
    "id" : "xpath /HTML[1]/BODY[1]/DIV[1]/DIV[1]/DIV[1]/DIV[1]/A[1]",
    "element" : "Element{node=[A: null], tag=A, text=$ dimeshift, attributes={class=btn btn-info btn-lg btn-logo, href=/}}",
    "eventType" : "click",
    "inputValues" : "none"
  }, {
    "from" : "state2",
    "to" : "index",
    "text" : "Home",
    "id" : "xpath /HTML[1]/BODY[1]/DIV[1]/DIV[1]/DIV[1]/DIV[2]/UL[1]/LI[1]/A[1]",
    "element" : "Element{node=[A: null], tag=A, text=Home, attributes={class=menu_category menu_category_home, data-i18n=Home, href=/}}",
    "eventType" : "click",
    "inputValues" : "none"
  }, {
    "from" : "index",
    "to" : "state5",
    "text" : "Register",
    "id" : "xpath /HTML[1]/BODY[1]/DIV[1]/DIV[1]/DIV[1]/DIV[2]/UL[1]/LI[6]/A[1]",
    "element" : "Element{node=[A: null], tag=A, text=Register, attributes={data-i18n=Register, href=/user/registration}}",
    "eventType" : "click",
    "inputValues" : "none"
  } ],
  "statistics" : {
    "duration" : "1 minute 4 seconds",
    "crawlPaths" : 1,
    "averageDomSize" : "8.54 kB",
    "edges" : 3,
    "startDate" : "2022-08-26 16:56:39 CEST",
    "stateStats" : {
      "leastFanOut" : {
        "id" : "state5",
        "count" : 0
      },
      "leastFanIn" : {
        "id" : "index",
        "count" : 1
      },
      "mostFanOut" : {
        "id" : "index",
        "count" : 2
      },
      "mostFanIn" : {
        "id" : "index",
        "count" : 1
      },
      "totalNumberOfStates" : 3,
      "urls" : {
        "http://localhost:3000" : [ "index" ],
        "http://localhost:3000/" : [ "state5", "state2" ]
      }
    },
    "failedEvents" : 1
  },
  "exitStatus" : "MAX_TIME"
}