{
  "nodes" : [ {
    "name" : "index",
    "url" : "http://localhost:3000",
    "candidateElements" : [ {
      "top" : 96,
      "left" : 40,
      "xpath" : "/HTML[1]/BODY[1]/DIV[1]/DIV[1]/DIV[1]/DIV[1]/A[1]",
      "width" : 123,
      "height" : 46
    }, {
      "top" : 96,
      "left" : 355,
      "xpath" : "/HTML[1]/BODY[1]/DIV[1]/DIV[1]/DIV[1]/DIV[2]/UL[1]/LI[1]/A[1]",
      "width" : 68,
      "height" : 45
    }, {
      "top" : 96,
      "left" : 554,
      "xpath" : "/HTML[1]/BODY[1]/DIV[1]/DIV[1]/DIV[1]/DIV[2]/UL[1]/LI[6]/A[1]",
      "width" : 82,
      "height" : 45
    }, {
      "top" : 96,
      "left" : 636,
      "xpath" : "/HTML[1]/BODY[1]/DIV[1]/DIV[1]/DIV[1]/DIV[2]/UL[1]/LI[7]/A[1]",
      "width" : 73,
      "height" : 45
    } ],
    "fanIn" : 1,
    "fanOut" : 2,
    "id" : 0,
    "failedEvents" : [ ],
    "hasNearDuplicate" : false,
    "distToNearestState" : -1.0,
    "cluster" : -1,
    "timeAdded" : 1661408946551,
    "nearestState" : "null"
  }, {
    "name" : "state4",
    "url" : "http://localhost:3000/",
    "candidateElements" : [ {
      "top" : 96,
      "left" : 636,
      "xpath" : "/HTML[1]/BODY[1]/DIV[1]/DIV[1]/DIV[1]/DIV[2]/UL[1]/LI[7]/A[1]",
      "width" : 73,
      "height" : 45
    }, {
      "top" : 394,
      "left" : 624,
      "xpath" : "/HTML[1]/BODY[1]/DIV[3]/DIV[1]/DIV[1]/DIV[1]/DIV[4]/DIV[1]/A[1]",
      "width" : 59,
      "height" : 30
    }, {
      "top" : 140,
      "left" : 671,
      "xpath" : "/HTML[1]/BODY[1]/DIV[3]/DIV[1]/DIV[1]/DIV[1]/DIV[1]/BUTTON[1]",
      "width" : 13,
      "height" : 21
    }, {
      "top" : 345,
      "left" : 116,
      "xpath" : "/HTML[1]/BODY[1]/DIV[3]/DIV[1]/DIV[1]/DIV[1]/DIV[2]/FORM[1]/FIELDSET[1]/DIV[5]/INPUT[1]",
      "width" : 76,
      "height" : 34
    } ],
    "fanIn" : 2,
    "fanOut" : 1,
    "id" : 4,
    "failedEvents" : [ "xpath /HTML[1]/BODY[1]/DIV[1]/DIV[1]/DIV[1]/DIV[2]/UL[1]/LI[7]/A[1]", "xpath /HTML[1]/BODY[1]/DIV[3]/DIV[1]/DIV[1]/DIV[1]/DIV[2]/FORM[1]/FIELDSET[1]/DIV[5]/INPUT[1]" ],
    "hasNearDuplicate" : false,
    "distToNearestState" : -1.0,
    "cluster" : -1,
    "timeAdded" : 1661408979637,
    "nearestState" : "index"
  } ],
  "links" : [ {
    "source" : 0,
    "target" : 4,
    "text" : "Register",
    "element" : "Element{node=[A: null], tag=A, text=Register, attributes={data-i18n=Register, href=/user/registration}}",
    "eventType" : "click"
  }, {
    "source" : 4,
    "target" : 0,
    "text" : "×",
    "element" : "Element{node=[BUTTON: null], tag=BUTTON, text=×, attributes={aria-hidden=true, class=close, data-dismiss=modal, type=button}}",
    "eventType" : "click"
  }, {
    "source" : 0,
    "target" : 4,
    "text" : "Sign In",
    "element" : "Element{node=[A: null], tag=A, text=Sign In, attributes={class=signin_caller, data-i18n=Sign In, href=/user/signin}}",
    "eventType" : "click"
  } ]
}