{
  "nodes" : [ {
    "name" : "index",
    "url" : "http://localhost:3000/ppma/",
    "candidateElements" : [ {
      "top" : 158,
      "left" : 472,
      "xpath" : "//FORM[@id = 'login-form']/DIV[1]/DIV[2]/A[1]",
      "width" : 37,
      "height" : 32
    } ],
    "fanIn" : 0,
    "fanOut" : 1,
    "id" : 0,
    "failedEvents" : [ ],
    "hasNearDuplicate" : false,
    "distToNearestState" : -1.0,
    "cluster" : -1,
    "timeAdded" : 1661254213693,
    "nearestState" : "null"
  }, {
    "name" : "state2",
    "url" : "http://localhost:3000/ppma/index.php?r=entry/index",
    "candidateElements" : [ {
      "top" : 0,
      "left" : 0,
      "xpath" : "//FORM[@id = 'yw0']/INPUT[6]",
      "width" : 0,
      "height" : 0
    }, {
      "top" : 189,
      "left" : 800,
      "xpath" : "/HTML[1]/BODY[1]/DIV[1]/NAV[1]/SECTION[1]/UL[1]/LI[4]/UL[1]/LI[1]/A[1]",
      "width" : 800,
      "height" : 23
    }, {
      "top" : 135,
      "left" : 0,
      "xpath" : "/HTML[1]/BODY[1]/DIV[1]/NAV[1]/SECTION[1]/UL[1]/LI[3]/A[1]",
      "width" : 800,
      "height" : 45
    }, {
      "top" : 256,
      "left" : 155,
      "xpath" : "//TH[@id = 'entries_c1']/A[1]",
      "width" : 69,
      "height" : 17
    }, {
      "top" : 90,
      "left" : 0,
      "xpath" : "/HTML[1]/BODY[1]/DIV[1]/NAV[1]/SECTION[1]/UL[1]/LI[2]/A[1]",
      "width" : 800,
      "height" : 45
    }, {
      "top" : 156,
      "left" : 800,
      "xpath" : "/HTML[1]/BODY[1]/DIV[1]/NAV[1]/SECTION[1]/UL[1]/LI[1]/UL[1]/LI[5]/A[1]",
      "width" : 800,
      "height" : 23
    }, {
      "top" : 127,
      "left" : 800,
      "xpath" : "/HTML[1]/BODY[1]/DIV[1]/NAV[1]/SECTION[1]/UL[1]/LI[2]/UL[1]/LI[2]/A[1]",
      "width" : 800,
      "height" : 23
    }, {
      "top" : 170,
      "left" : 15,
      "xpath" : "//DIV[@id = 'content']/P[2]/A[1]",
      "width" : 111,
      "height" : 17
    }, {
      "top" : 256,
      "left" : 28,
      "xpath" : "//TH[@id = 'entries_c0']/A[1]",
      "width" : 39,
      "height" : 17
    }, {
      "top" : 217,
      "left" : 800,
      "xpath" : "/HTML[1]/BODY[1]/DIV[1]/NAV[1]/SECTION[1]/UL[1]/LI[4]/UL[1]/LI[2]/A[1]",
      "width" : 800,
      "height" : 23
    }, {
      "top" : 0,
      "left" : 0,
      "xpath" : "/HTML[1]/BODY[1]/DIV[1]/NAV[1]/UL[1]/LI[1]/H1[1]/A[1]",
      "width" : 800,
      "height" : 45
    }, {
      "top" : 82,
      "left" : 800,
      "xpath" : "/HTML[1]/BODY[1]/DIV[1]/NAV[1]/SECTION[1]/UL[1]/LI[1]/UL[1]/LI[2]/A[1]",
      "width" : 800,
      "height" : 23
    }, {
      "top" : 128,
      "left" : 800,
      "xpath" : "/HTML[1]/BODY[1]/DIV[1]/NAV[1]/SECTION[1]/UL[1]/LI[1]/UL[1]/LI[4]/A[1]",
      "width" : 800,
      "height" : 23
    }, {
      "top" : 0,
      "left" : 0,
      "xpath" : "//DIV[@id = 'entry-form-modal']/A[1]",
      "width" : 0,
      "height" : 0
    }, {
      "top" : 99,
      "left" : 800,
      "xpath" : "/HTML[1]/BODY[1]/DIV[1]/NAV[1]/SECTION[1]/UL[1]/LI[2]/UL[1]/LI[1]/A[1]",
      "width" : 800,
      "height" : 23
    }, {
      "top" : 45,
      "left" : 0,
      "xpath" : "/HTML[1]/BODY[1]/DIV[1]/NAV[1]/SECTION[1]/UL[1]/LI[1]/A[1]",
      "width" : 800,
      "height" : 45
    }, {
      "top" : 0,
      "left" : 0,
      "xpath" : "//FORM[@id = 'entry-form']/INPUT[7]",
      "width" : 0,
      "height" : 0
    }, {
      "top" : 180,
      "left" : 0,
      "xpath" : "/HTML[1]/BODY[1]/DIV[1]/NAV[1]/SECTION[1]/UL[1]/LI[4]/A[1]",
      "width" : 800,
      "height" : 45
    }, {
      "top" : 54,
      "left" : 800,
      "xpath" : "/HTML[1]/BODY[1]/DIV[1]/NAV[1]/SECTION[1]/UL[1]/LI[1]/UL[1]/LI[1]/A[1]",
      "width" : 800,
      "height" : 23
    }, {
      "top" : 144,
      "left" : 800,
      "xpath" : "/HTML[1]/BODY[1]/DIV[1]/NAV[1]/SECTION[1]/UL[1]/LI[3]/UL[1]/LI[1]/A[1]",
      "width" : 800,
      "height" : 23
    } ],
    "fanIn" : 1,
    "fanOut" : 0,
    "id" : 2,
    "failedEvents" : [ "xpath //FORM[@id = 'yw0']/INPUT[6]", "xpath /HTML[1]/BODY[1]/DIV[1]/NAV[1]/SECTION[1]/UL[1]/LI[4]/UL[1]/LI[1]/A[1]", "xpath /HTML[1]/BODY[1]/DIV[1]/NAV[1]/SECTION[1]/UL[1]/LI[3]/A[1]", "xpath /HTML[1]/BODY[1]/DIV[1]/NAV[1]/SECTION[1]/UL[1]/LI[2]/A[1]", "xpath /HTML[1]/BODY[1]/DIV[1]/NAV[1]/SECTION[1]/UL[1]/LI[1]/UL[1]/LI[5]/A[1]", "xpath /HTML[1]/BODY[1]/DIV[1]/NAV[1]/SECTION[1]/UL[1]/LI[2]/UL[1]/LI[2]/A[1]", "xpath /HTML[1]/BODY[1]/DIV[1]/NAV[1]/SECTION[1]/UL[1]/LI[4]/UL[1]/LI[2]/A[1]", "xpath /HTML[1]/BODY[1]/DIV[1]/NAV[1]/SECTION[1]/UL[1]/LI[1]/UL[1]/LI[2]/A[1]", "xpath /HTML[1]/BODY[1]/DIV[1]/NAV[1]/SECTION[1]/UL[1]/LI[1]/UL[1]/LI[4]/A[1]", "xpath //DIV[@id = 'entry-form-modal']/A[1]", "xpath /HTML[1]/BODY[1]/DIV[1]/NAV[1]/SECTION[1]/UL[1]/LI[2]/UL[1]/LI[1]/A[1]", "xpath /HTML[1]/BODY[1]/DIV[1]/NAV[1]/SECTION[1]/UL[1]/LI[1]/A[1]", "xpath //FORM[@id = 'entry-form']/INPUT[7]", "xpath /HTML[1]/BODY[1]/DIV[1]/NAV[1]/SECTION[1]/UL[1]/LI[4]/A[1]", "xpath /HTML[1]/BODY[1]/DIV[1]/NAV[1]/SECTION[1]/UL[1]/LI[1]/UL[1]/LI[1]/A[1]", "xpath /HTML[1]/BODY[1]/DIV[1]/NAV[1]/SECTION[1]/UL[1]/LI[3]/UL[1]/LI[1]/A[1]" ],
    "hasNearDuplicate" : false,
    "distToNearestState" : 0.8734939759036144,
    "cluster" : -1,
    "timeAdded" : 1661254219810,
    "nearestState" : "index"
  } ],
  "links" : [ {
    "source" : 0,
    "target" : 2,
    "text" : "",
    "element" : "Element{node=[A: null], tag=A, text=, attributes={class=postfix button secondary expand}}",
    "eventType" : "click"
  } ]
}