{
  "nodes" : [ {
    "name" : "state71",
    "url" : "http://localhost:3000/wallets",
    "candidateElements" : [ {
      "top" : 213,
      "left" : 116,
      "xpath" : "/HTML[1]/BODY[1]/DIV[3]/DIV[1]/DIV[1]/DIV[1]/FORM[1]/DIV[2]/DIV[1]/INPUT[1]",
      "width" : 107,
      "height" : 34
    } ],
    "fanIn" : 1,
    "fanOut" : 1,
    "id" : 71,
    "failedEvents" : [ ],
    "hasNearDuplicate" : false,
    "distToNearestState" : -1.0,
    "cluster" : -1,
    "timeAdded" : 1661414082255,
    "nearestState" : "state70"
  }, {
    "name" : "state70",
    "url" : "http://localhost:3000/wallets",
    "candidateElements" : [ {
      "top" : 182,
      "left" : 561,
      "xpath" : "/HTML[1]/BODY[1]/DIV[3]/DIV[1]/DIV[1]/DIV[1]/FORM[1]/FIELDSET[1]/DIV[1]/DIV[1]/TABLE[1]/TBODY[1]/TR[1]/TD[4]/DIV[1]/A[1]",
      "width" : 114,
      "height" : 22
    } ],
    "fanIn" : 1,
    "fanOut" : 1,
    "id" : 70,
    "failedEvents" : [ ],
    "hasNearDuplicate" : false,
    "distToNearestState" : -1.0,
    "cluster" : -1,
    "timeAdded" : 1661414076643,
    "nearestState" : "state69"
  }, {
    "name" : "state9",
    "url" : "http://localhost:3000/",
    "candidateElements" : [ {
      "top" : 296,
      "left" : 617,
      "xpath" : "/HTML[1]/BODY[1]/DIV[3]/DIV[1]/DIV[1]/DIV[1]/DIV[4]/DIV[1]/A[1]",
      "width" : 66,
      "height" : 30
    }, {
      "top" : 247,
      "left" : 116,
      "xpath" : "/HTML[1]/BODY[1]/DIV[3]/DIV[1]/DIV[1]/DIV[1]/DIV[2]/FORM[1]/FIELDSET[1]/DIV[3]/INPUT[1]",
      "width" : 74,
      "height" : 34
    } ],
    "fanIn" : 1,
    "fanOut" : 1,
    "id" : 9,
    "failedEvents" : [ ],
    "hasNearDuplicate" : false,
    "distToNearestState" : -1.0,
    "cluster" : -1,
    "timeAdded" : 1661413848269,
    "nearestState" : "state7"
  }, {
    "name" : "state5",
    "url" : "http://localhost:3000/",
    "candidateElements" : [ {
      "top" : 96,
      "left" : 636,
      "xpath" : "/HTML[1]/BODY[1]/DIV[1]/DIV[1]/DIV[1]/DIV[2]/UL[1]/LI[7]/A[1]",
      "width" : 73,
      "height" : 45
    }, {
      "top" : 345,
      "left" : 462,
      "xpath" : "/HTML[1]/BODY[1]/DIV[3]/DIV[1]/DIV[1]/DIV[1]/DIV[3]/A[1]",
      "width" : 66,
      "height" : 30
    }, {
      "top" : 345,
      "left" : 537,
      "xpath" : "/HTML[1]/BODY[1]/DIV[3]/DIV[1]/DIV[1]/DIV[1]/DIV[3]/A[2]",
      "width" : 146,
      "height" : 30
    }, {
      "top" : 140,
      "left" : 671,
      "xpath" : "/HTML[1]/BODY[1]/DIV[3]/DIV[1]/DIV[1]/DIV[1]/DIV[1]/BUTTON[1]",
      "width" : 13,
      "height" : 21
    }, {
      "top" : 296,
      "left" : 116,
      "xpath" : "/HTML[1]/BODY[1]/DIV[3]/DIV[1]/DIV[1]/DIV[1]/DIV[2]/FORM[1]/FIELDSET[1]/DIV[4]/INPUT[1]",
      "width" : 69,
      "height" : 34
    } ],
    "fanIn" : 2,
    "fanOut" : 2,
    "id" : 5,
    "failedEvents" : [ "xpath /HTML[1]/BODY[1]/DIV[1]/DIV[1]/DIV[1]/DIV[2]/UL[1]/LI[7]/A[1]" ],
    "hasNearDuplicate" : false,
    "distToNearestState" : -1.0,
    "cluster" : -1,
    "timeAdded" : 1661413832940,
    "nearestState" : "state4"
  }, {
    "name" : "state7",
    "url" : "http://localhost:3000/",
    "candidateElements" : [ {
      "top" : 96,
      "left" : 636,
      "xpath" : "/HTML[1]/BODY[1]/DIV[1]/DIV[1]/DIV[1]/DIV[2]/UL[1]/LI[7]/A[1]",
      "width" : 73,
      "height" : 45
    } ],
    "fanIn" : 1,
    "fanOut" : 1,
    "id" : 7,
    "failedEvents" : [ ],
    "hasNearDuplicate" : false,
    "distToNearestState" : -1.0,
    "cluster" : -1,
    "timeAdded" : 1661413841316,
    "nearestState" : "state5"
  }, {
    "name" : "state4",
    "url" : "http://localhost:3000/",
    "candidateElements" : [ {
      "top" : 96,
      "left" : 636,
      "xpath" : "/HTML[1]/BODY[1]/DIV[1]/DIV[1]/DIV[1]/DIV[2]/UL[1]/LI[7]/A[1]",
      "width" : 73,
      "height" : 45
    }, {
      "top" : 394,
      "left" : 624,
      "xpath" : "/HTML[1]/BODY[1]/DIV[3]/DIV[1]/DIV[1]/DIV[1]/DIV[4]/DIV[1]/A[1]",
      "width" : 59,
      "height" : 30
    }, {
      "top" : 140,
      "left" : 671,
      "xpath" : "/HTML[1]/BODY[1]/DIV[3]/DIV[1]/DIV[1]/DIV[1]/DIV[1]/BUTTON[1]",
      "width" : 13,
      "height" : 21
    }, {
      "top" : 345,
      "left" : 116,
      "xpath" : "/HTML[1]/BODY[1]/DIV[3]/DIV[1]/DIV[1]/DIV[1]/DIV[2]/FORM[1]/FIELDSET[1]/DIV[5]/INPUT[1]",
      "width" : 76,
      "height" : 34
    } ],
    "fanIn" : 3,
    "fanOut" : 3,
    "id" : 4,
    "failedEvents" : [ "xpath /HTML[1]/BODY[1]/DIV[1]/DIV[1]/DIV[1]/DIV[2]/UL[1]/LI[7]/A[1]", "xpath /HTML[1]/BODY[1]/DIV[1]/DIV[1]/DIV[1]/DIV[2]/UL[1]/LI[6]/A[1]", "xpath /HTML[1]/BODY[1]/DIV[1]/DIV[1]/DIV[1]/DIV[2]/UL[1]/LI[6]/A[1]", "xpath /HTML[1]/BODY[1]/DIV[1]/DIV[1]/DIV[1]/DIV[2]/UL[1]/LI[6]/A[1]", "xpath /HTML[1]/BODY[1]/DIV[1]/DIV[1]/DIV[1]/DIV[2]/UL[1]/LI[6]/A[1]", "xpath /HTML[1]/BODY[1]/DIV[1]/DIV[1]/DIV[1]/DIV[2]/UL[1]/LI[6]/A[1]", "xpath /HTML[1]/BODY[1]/DIV[1]/DIV[1]/DIV[1]/DIV[2]/UL[1]/LI[6]/A[1]", "xpath /HTML[1]/BODY[1]/DIV[1]/DIV[1]/DIV[1]/DIV[2]/UL[1]/LI[6]/A[1]", "xpath /HTML[1]/BODY[1]/DIV[1]/DIV[1]/DIV[1]/DIV[2]/UL[1]/LI[6]/A[1]", "xpath /HTML[1]/BODY[1]/DIV[1]/DIV[1]/DIV[1]/DIV[2]/UL[1]/LI[6]/A[1]", "xpath /HTML[1]/BODY[1]/DIV[1]/DIV[1]/DIV[1]/DIV[2]/UL[1]/LI[6]/A[1]", "xpath /HTML[1]/BODY[1]/DIV[1]/DIV[1]/DIV[1]/DIV[2]/UL[1]/LI[6]/A[1]", "xpath /HTML[1]/BODY[1]/DIV[1]/DIV[1]/DIV[1]/DIV[2]/UL[1]/LI[6]/A[1]" ],
    "hasNearDuplicate" : false,
    "distToNearestState" : -1.0,
    "cluster" : -1,
    "timeAdded" : 1661413826120,
    "nearestState" : "index"
  }, {
    "name" : "state19",
    "url" : "http://localhost:3000/wallets/2",
    "candidateElements" : [ {
      "top" : 616,
      "left" : 56,
      "xpath" : "/HTML[1]/BODY[1]/DIV[1]/DIV[2]/DIV[2]/DIV[1]/DIV[1]/DIV[3]/DIV[1]/DIV[1]/DIV[2]/A[1]",
      "width" : 688,
      "height" : 34
    }, {
      "top" : 481,
      "left" : 56,
      "xpath" : "/HTML[1]/BODY[1]/DIV[1]/DIV[2]/DIV[2]/DIV[1]/DIV[1]/DIV[2]/DIV[1]/DIV[2]/DIV[1]/DIV[3]/BUTTON[1]",
      "width" : 688,
      "height" : 30
    }, {
      "top" : 579,
      "left" : 116,
      "xpath" : "/HTML[1]/BODY[1]/DIV[3]/DIV[1]/DIV[1]/DIV[1]/DIV[2]/FORM[1]/FIELDSET[1]/DIV[3]/INPUT[1]",
      "width" : 47,
      "height" : 34
    } ],
    "fanIn" : 1,
    "fanOut" : 1,
    "id" : 19,
    "failedEvents" : [ "xpath /HTML[1]/BODY[1]/DIV[1]/DIV[2]/DIV[2]/DIV[1]/DIV[1]/DIV[3]/DIV[1]/DIV[1]/DIV[2]/A[1]", "xpath /HTML[1]/BODY[1]/DIV[1]/DIV[2]/DIV[2]/DIV[1]/DIV[1]/DIV[2]/DIV[1]/DIV[2]/DIV[1]/DIV[3]/BUTTON[1]" ],
    "hasNearDuplicate" : false,
    "distToNearestState" : -1.0,
    "cluster" : -1,
    "timeAdded" : 1661413895808,
    "nearestState" : "state18"
  }, {
    "name" : "state18",
    "url" : "http://localhost:3000/wallets/2",
    "candidateElements" : [ {
      "top" : 64,
      "left" : 115,
      "xpath" : "/HTML[1]/BODY[1]/DIV[1]/DIV[2]/DIV[2]/DIV[1]/UL[1]/LI[2]/A[1]",
      "width" : 45,
      "height" : 17
    }, {
      "top" : 245,
      "left" : 677,
      "xpath" : "/HTML[1]/BODY[1]/DIV[1]/DIV[2]/DIV[2]/DIV[1]/DIV[1]/DIV[1]/DIV[1]/DIV[2]/DIV[1]/A[1]",
      "width" : 67,
      "height" : 18
    }, {
      "top" : 579,
      "left" : 56,
      "xpath" : "/HTML[1]/BODY[1]/DIV[1]/DIV[2]/DIV[2]/DIV[1]/DIV[1]/DIV[3]/DIV[1]/DIV[1]/DIV[2]/A[1]",
      "width" : 688,
      "height" : 34
    }, {
      "top" : 209,
      "left" : 56,
      "xpath" : "/HTML[1]/BODY[1]/DIV[1]/DIV[2]/DIV[2]/DIV[1]/DIV[1]/DIV[1]/DIV[1]/DIV[2]/BUTTON[1]",
      "width" : 688,
      "height" : 34
    }, {
      "top" : 443,
      "left" : 56,
      "xpath" : "/HTML[1]/BODY[1]/DIV[1]/DIV[2]/DIV[2]/DIV[1]/DIV[1]/DIV[2]/DIV[1]/DIV[2]/DIV[1]/DIV[2]/BUTTON[1]",
      "width" : 688,
      "height" : 30
    } ],
    "fanIn" : 1,
    "fanOut" : 1,
    "id" : 18,
    "failedEvents" : [ "xpath /HTML[1]/BODY[1]/DIV[1]/DIV[2]/DIV[2]/DIV[1]/UL[1]/LI[2]/A[1]" ],
    "hasNearDuplicate" : false,
    "distToNearestState" : -1.0,
    "cluster" : -1,
    "timeAdded" : 1661413889086,
    "nearestState" : "state17"
  }, {
    "name" : "state13",
    "url" : "http://localhost:3000/plans",
    "candidateElements" : [ {
      "top" : 64,
      "left" : 55,
      "xpath" : "/HTML[1]/BODY[1]/DIV[1]/DIV[2]/DIV[3]/DIV[1]/UL[1]/LI[1]/A[1]",
      "width" : 38,
      "height" : 17
    }, {
      "top" : 185,
      "left" : 56,
      "xpath" : "/HTML[1]/BODY[1]/DIV[1]/DIV[2]/DIV[3]/DIV[1]/DIV[1]/DIV[1]/DIV[1]/DIV[2]/BUTTON[1]",
      "width" : 97,
      "height" : 34
    } ],
    "fanIn" : 1,
    "fanOut" : 1,
    "id" : 13,
    "failedEvents" : [ ],
    "hasNearDuplicate" : false,
    "distToNearestState" : -1.0,
    "cluster" : -1,
    "timeAdded" : 1661413862136,
    "nearestState" : "state11"
  }, {
    "name" : "state11",
    "url" : "http://localhost:3000/wallets",
    "candidateElements" : [ {
      "top" : 22,
      "left" : 275,
      "xpath" : "/HTML[1]/BODY[1]/DIV[1]/DIV[1]/DIV[1]/DIV[2]/UL[1]/LI[2]/A[1]",
      "width" : 75,
      "height" : 45
    }, {
      "top" : 22,
      "left" : 350,
      "xpath" : "/HTML[1]/BODY[1]/DIV[1]/DIV[1]/DIV[1]/DIV[2]/UL[1]/LI[3]/A[1]",
      "width" : 66,
      "height" : 45
    }, {
      "top" : 64,
      "left" : 55,
      "xpath" : "/HTML[1]/BODY[1]/DIV[1]/DIV[2]/DIV[2]/DIV[1]/UL[1]/LI[1]/A[1]",
      "width" : 38,
      "height" : 17
    }, {
      "top" : 127,
      "left" : 183,
      "xpath" : "/HTML[1]/BODY[1]/DIV[1]/DIV[2]/DIV[2]/DIV[1]/DIV[1]/DIV[1]/DIV[1]/A[1]",
      "width" : 34,
      "height" : 22
    }, {
      "top" : 239,
      "left" : 56,
      "xpath" : "/HTML[1]/BODY[1]/DIV[1]/DIV[2]/DIV[2]/DIV[1]/DIV[1]/DIV[2]/DIV[1]/DIV[2]/UL[1]/LI[1]/A[1]",
      "width" : 688,
      "height" : 40
    }, {
      "top" : 281,
      "left" : 56,
      "xpath" : "/HTML[1]/BODY[1]/DIV[1]/DIV[2]/DIV[2]/DIV[1]/DIV[1]/DIV[2]/DIV[1]/DIV[2]/UL[1]/LI[2]/A[1]",
      "width" : 688,
      "height" : 40
    }, {
      "top" : 412,
      "left" : 56,
      "xpath" : "/HTML[1]/BODY[1]/DIV[1]/DIV[2]/DIV[2]/DIV[1]/DIV[1]/DIV[2]/DIV[2]/DIV[2]/UL[1]/LI[1]/A[1]",
      "width" : 688,
      "height" : 40
    }, {
      "top" : 454,
      "left" : 56,
      "xpath" : "/HTML[1]/BODY[1]/DIV[1]/DIV[2]/DIV[2]/DIV[1]/DIV[1]/DIV[2]/DIV[2]/DIV[2]/UL[1]/LI[2]/A[1]",
      "width" : 688,
      "height" : 40
    }, {
      "top" : 496,
      "left" : 56,
      "xpath" : "/HTML[1]/BODY[1]/DIV[1]/DIV[2]/DIV[2]/DIV[1]/DIV[1]/DIV[2]/DIV[2]/DIV[2]/UL[1]/LI[3]/A[1]",
      "width" : 688,
      "height" : 40
    } ],
    "fanIn" : 2,
    "fanOut" : 2,
    "id" : 11,
    "failedEvents" : [ ],
    "hasNearDuplicate" : false,
    "distToNearestState" : -1.0,
    "cluster" : -1,
    "timeAdded" : 1661413855323,
    "nearestState" : "state9"
  }, {
    "name" : "state55",
    "url" : "http://localhost:3000/wallets",
    "candidateElements" : [ {
      "top" : 287,
      "left" : 56,
      "xpath" : "/HTML[1]/BODY[1]/DIV[1]/DIV[2]/DIV[3]/DIV[1]/DIV[1]/DIV[2]/DIV[1]/DIV[2]/UL[1]/LI[1]/A[1]",
      "width" : 688,
      "height" : 40
    }, {
      "top" : 329,
      "left" : 56,
      "xpath" : "/HTML[1]/BODY[1]/DIV[1]/DIV[2]/DIV[3]/DIV[1]/DIV[1]/DIV[2]/DIV[1]/DIV[2]/UL[1]/LI[2]/A[1]",
      "width" : 688,
      "height" : 40
    }, {
      "top" : 459,
      "left" : 56,
      "xpath" : "/HTML[1]/BODY[1]/DIV[1]/DIV[2]/DIV[3]/DIV[1]/DIV[1]/DIV[2]/DIV[2]/DIV[2]/UL[1]/LI[1]/A[1]",
      "width" : 688,
      "height" : 40
    }, {
      "top" : 501,
      "left" : 56,
      "xpath" : "/HTML[1]/BODY[1]/DIV[1]/DIV[2]/DIV[3]/DIV[1]/DIV[1]/DIV[2]/DIV[2]/DIV[2]/UL[1]/LI[2]/A[1]",
      "width" : 688,
      "height" : 40
    }, {
      "top" : 543,
      "left" : 56,
      "xpath" : "/HTML[1]/BODY[1]/DIV[1]/DIV[2]/DIV[3]/DIV[1]/DIV[1]/DIV[2]/DIV[2]/DIV[2]/UL[1]/LI[3]/A[1]",
      "width" : 688,
      "height" : 40
    }, {
      "top" : 122,
      "left" : 453,
      "xpath" : "/HTML[1]/BODY[1]/DIV[1]/DIV[2]/DIV[3]/DIV[1]/DIV[1]/DIV[1]/DIV[1]/A[1]/DIV[2]/BUTTON[1]",
      "width" : 52,
      "height" : 22
    }, {
      "top" : 122,
      "left" : 509,
      "xpath" : "/HTML[1]/BODY[1]/DIV[1]/DIV[2]/DIV[3]/DIV[1]/DIV[1]/DIV[1]/DIV[1]/A[1]/DIV[2]/BUTTON[2]",
      "width" : 48,
      "height" : 22
    }, {
      "top" : 122,
      "left" : 561,
      "xpath" : "/HTML[1]/BODY[1]/DIV[1]/DIV[2]/DIV[3]/DIV[1]/DIV[1]/DIV[1]/DIV[1]/A[1]/DIV[2]/BUTTON[3]",
      "width" : 126,
      "height" : 22
    } ],
    "fanIn" : 1,
    "fanOut" : 0,
    "id" : 55,
    "failedEvents" : [ "xpath /HTML[1]/BODY[1]/DIV[1]/DIV[2]/DIV[3]/DIV[1]/DIV[1]/DIV[2]/DIV[1]/DIV[2]/UL[1]/LI[1]/A[1]", "xpath /HTML[1]/BODY[1]/DIV[1]/DIV[2]/DIV[3]/DIV[1]/DIV[1]/DIV[2]/DIV[1]/DIV[2]/UL[1]/LI[2]/A[1]", "xpath /HTML[1]/BODY[1]/DIV[1]/DIV[2]/DIV[3]/DIV[1]/DIV[1]/DIV[2]/DIV[2]/DIV[2]/UL[1]/LI[1]/A[1]", "xpath /HTML[1]/BODY[1]/DIV[1]/DIV[2]/DIV[3]/DIV[1]/DIV[1]/DIV[2]/DIV[2]/DIV[2]/UL[1]/LI[2]/A[1]", "xpath /HTML[1]/BODY[1]/DIV[1]/DIV[2]/DIV[3]/DIV[1]/DIV[1]/DIV[2]/DIV[2]/DIV[2]/UL[1]/LI[3]/A[1]", "xpath /HTML[1]/BODY[1]/DIV[1]/DIV[2]/DIV[3]/DIV[1]/DIV[1]/DIV[1]/DIV[1]/A[1]/DIV[2]/BUTTON[1]", "xpath /HTML[1]/BODY[1]/DIV[1]/DIV[2]/DIV[3]/DIV[1]/DIV[1]/DIV[1]/DIV[1]/A[1]/DIV[2]/BUTTON[2]", "xpath /HTML[1]/BODY[1]/DIV[1]/DIV[2]/DIV[3]/DIV[1]/DIV[1]/DIV[1]/DIV[1]/A[1]/DIV[2]/BUTTON[3]" ],
    "hasNearDuplicate" : false,
    "distToNearestState" : -1.0,
    "cluster" : -1,
    "timeAdded" : 1661414004762,
    "nearestState" : "state28"
  }, {
    "name" : "state76",
    "url" : "http://localhost:3000/wallets",
    "candidateElements" : [ ],
    "fanIn" : 1,
    "fanOut" : 0,
    "id" : 76,
    "failedEvents" : [ ],
    "hasNearDuplicate" : false,
    "distToNearestState" : -1.0,
    "cluster" : -1,
    "timeAdded" : 1661414097493,
    "nearestState" : "state71"
  }, {
    "name" : "state17",
    "url" : "http://localhost:3000/wallets",
    "candidateElements" : [ {
      "top" : 111,
      "left" : 40,
      "xpath" : "/HTML[1]/BODY[1]/DIV[1]/DIV[2]/DIV[3]/DIV[1]/DIV[1]/DIV[1]/DIV[1]/A[1]",
      "width" : 720,
      "height" : 47
    }, {
      "top" : 167,
      "left" : 56,
      "xpath" : "/HTML[1]/BODY[1]/DIV[1]/DIV[2]/DIV[3]/DIV[1]/DIV[1]/DIV[1]/DIV[1]/DIV[1]/A[1]",
      "width" : 52,
      "height" : 34
    }, {
      "top" : 287,
      "left" : 56,
      "xpath" : "/HTML[1]/BODY[1]/DIV[1]/DIV[2]/DIV[3]/DIV[1]/DIV[1]/DIV[2]/DIV[1]/DIV[2]/UL[1]/LI[1]/A[1]",
      "width" : 688,
      "height" : 40
    }, {
      "top" : 329,
      "left" : 56,
      "xpath" : "/HTML[1]/BODY[1]/DIV[1]/DIV[2]/DIV[3]/DIV[1]/DIV[1]/DIV[2]/DIV[1]/DIV[2]/UL[1]/LI[2]/A[1]",
      "width" : 688,
      "height" : 40
    }, {
      "top" : 459,
      "left" : 56,
      "xpath" : "/HTML[1]/BODY[1]/DIV[1]/DIV[2]/DIV[3]/DIV[1]/DIV[1]/DIV[2]/DIV[2]/DIV[2]/UL[1]/LI[1]/A[1]",
      "width" : 688,
      "height" : 40
    }, {
      "top" : 501,
      "left" : 56,
      "xpath" : "/HTML[1]/BODY[1]/DIV[1]/DIV[2]/DIV[3]/DIV[1]/DIV[1]/DIV[2]/DIV[2]/DIV[2]/UL[1]/LI[2]/A[1]",
      "width" : 688,
      "height" : 40
    }, {
      "top" : 543,
      "left" : 56,
      "xpath" : "/HTML[1]/BODY[1]/DIV[1]/DIV[2]/DIV[3]/DIV[1]/DIV[1]/DIV[2]/DIV[2]/DIV[2]/UL[1]/LI[3]/A[1]",
      "width" : 688,
      "height" : 40
    }, {
      "top" : 122,
      "left" : 469,
      "xpath" : "/HTML[1]/BODY[1]/DIV[1]/DIV[2]/DIV[3]/DIV[1]/DIV[1]/DIV[1]/DIV[1]/A[1]/DIV[2]/BUTTON[1]",
      "width" : 52,
      "height" : 22
    }, {
      "top" : 122,
      "left" : 525,
      "xpath" : "/HTML[1]/BODY[1]/DIV[1]/DIV[2]/DIV[3]/DIV[1]/DIV[1]/DIV[1]/DIV[1]/A[1]/DIV[2]/BUTTON[2]",
      "width" : 48,
      "height" : 22
    }, {
      "top" : 122,
      "left" : 577,
      "xpath" : "/HTML[1]/BODY[1]/DIV[1]/DIV[2]/DIV[3]/DIV[1]/DIV[1]/DIV[1]/DIV[1]/A[1]/DIV[2]/BUTTON[3]",
      "width" : 126,
      "height" : 22
    } ],
    "fanIn" : 1,
    "fanOut" : 1,
    "id" : 17,
    "failedEvents" : [ ],
    "hasNearDuplicate" : false,
    "distToNearestState" : -1.0,
    "cluster" : -1,
    "timeAdded" : 1661413883704,
    "nearestState" : "state16"
  }, {
    "name" : "state16",
    "url" : "http://localhost:3000/wallets",
    "candidateElements" : [ {
      "top" : 239,
      "left" : 56,
      "xpath" : "/HTML[1]/BODY[1]/DIV[1]/DIV[2]/DIV[3]/DIV[1]/DIV[1]/DIV[2]/DIV[1]/DIV[2]/UL[1]/LI[1]/A[1]",
      "width" : 688,
      "height" : 40
    }, {
      "top" : 281,
      "left" : 56,
      "xpath" : "/HTML[1]/BODY[1]/DIV[1]/DIV[2]/DIV[3]/DIV[1]/DIV[1]/DIV[2]/DIV[1]/DIV[2]/UL[1]/LI[2]/A[1]",
      "width" : 688,
      "height" : 40
    }, {
      "top" : 412,
      "left" : 56,
      "xpath" : "/HTML[1]/BODY[1]/DIV[1]/DIV[2]/DIV[3]/DIV[1]/DIV[1]/DIV[2]/DIV[2]/DIV[2]/UL[1]/LI[1]/A[1]",
      "width" : 688,
      "height" : 40
    }, {
      "top" : 454,
      "left" : 56,
      "xpath" : "/HTML[1]/BODY[1]/DIV[1]/DIV[2]/DIV[3]/DIV[1]/DIV[1]/DIV[2]/DIV[2]/DIV[2]/UL[1]/LI[2]/A[1]",
      "width" : 688,
      "height" : 40
    }, {
      "top" : 496,
      "left" : 56,
      "xpath" : "/HTML[1]/BODY[1]/DIV[1]/DIV[2]/DIV[3]/DIV[1]/DIV[1]/DIV[2]/DIV[2]/DIV[2]/UL[1]/LI[3]/A[1]",
      "width" : 688,
      "height" : 40
    }, {
      "top" : 223,
      "left" : 116,
      "xpath" : "/HTML[1]/BODY[1]/DIV[3]/DIV[1]/DIV[1]/DIV[1]/DIV[2]/FORM[1]/FIELDSET[1]/DIV[4]/INPUT[1]",
      "width" : 52,
      "height" : 34
    } ],
    "fanIn" : 1,
    "fanOut" : 1,
    "id" : 16,
    "failedEvents" : [ "xpath /HTML[1]/BODY[1]/DIV[1]/DIV[2]/DIV[3]/DIV[1]/DIV[1]/DIV[2]/DIV[1]/DIV[2]/UL[1]/LI[1]/A[1]", "xpath /HTML[1]/BODY[1]/DIV[1]/DIV[2]/DIV[3]/DIV[1]/DIV[1]/DIV[2]/DIV[1]/DIV[2]/UL[1]/LI[2]/A[1]", "xpath /HTML[1]/BODY[1]/DIV[1]/DIV[2]/DIV[3]/DIV[1]/DIV[1]/DIV[2]/DIV[2]/DIV[2]/UL[1]/LI[1]/A[1]", "xpath /HTML[1]/BODY[1]/DIV[1]/DIV[2]/DIV[3]/DIV[1]/DIV[1]/DIV[2]/DIV[2]/DIV[2]/UL[1]/LI[2]/A[1]", "xpath /HTML[1]/BODY[1]/DIV[1]/DIV[2]/DIV[3]/DIV[1]/DIV[1]/DIV[2]/DIV[2]/DIV[2]/UL[1]/LI[3]/A[1]" ],
    "hasNearDuplicate" : false,
    "distToNearestState" : -1.0,
    "cluster" : -1,
    "timeAdded" : 1661413872252,
    "nearestState" : "state15"
  }, {
    "name" : "state15",
    "url" : "http://localhost:3000/wallets",
    "candidateElements" : [ {
      "top" : 127,
      "left" : 183,
      "xpath" : "/HTML[1]/BODY[1]/DIV[1]/DIV[2]/DIV[3]/DIV[1]/DIV[1]/DIV[1]/DIV[1]/A[1]",
      "width" : 34,
      "height" : 22
    }, {
      "top" : 239,
      "left" : 56,
      "xpath" : "/HTML[1]/BODY[1]/DIV[1]/DIV[2]/DIV[3]/DIV[1]/DIV[1]/DIV[2]/DIV[1]/DIV[2]/UL[1]/LI[1]/A[1]",
      "width" : 688,
      "height" : 40
    }, {
      "top" : 281,
      "left" : 56,
      "xpath" : "/HTML[1]/BODY[1]/DIV[1]/DIV[2]/DIV[3]/DIV[1]/DIV[1]/DIV[2]/DIV[1]/DIV[2]/UL[1]/LI[2]/A[1]",
      "width" : 688,
      "height" : 40
    }, {
      "top" : 412,
      "left" : 56,
      "xpath" : "/HTML[1]/BODY[1]/DIV[1]/DIV[2]/DIV[3]/DIV[1]/DIV[1]/DIV[2]/DIV[2]/DIV[2]/UL[1]/LI[1]/A[1]",
      "width" : 688,
      "height" : 40
    }, {
      "top" : 454,
      "left" : 56,
      "xpath" : "/HTML[1]/BODY[1]/DIV[1]/DIV[2]/DIV[3]/DIV[1]/DIV[1]/DIV[2]/DIV[2]/DIV[2]/UL[1]/LI[2]/A[1]",
      "width" : 688,
      "height" : 40
    }, {
      "top" : 496,
      "left" : 56,
      "xpath" : "/HTML[1]/BODY[1]/DIV[1]/DIV[2]/DIV[3]/DIV[1]/DIV[1]/DIV[2]/DIV[2]/DIV[2]/UL[1]/LI[3]/A[1]",
      "width" : 688,
      "height" : 40
    } ],
    "fanIn" : 1,
    "fanOut" : 1,
    "id" : 15,
    "failedEvents" : [ ],
    "hasNearDuplicate" : false,
    "distToNearestState" : -1.0,
    "cluster" : -1,
    "timeAdded" : 1661413866952,
    "nearestState" : "state13"
  }, {
    "name" : "state58",
    "url" : "http://localhost:3000/wallets",
    "candidateElements" : [ {
      "top" : 410,
      "left" : 56,
      "xpath" : "/HTML[1]/BODY[1]/DIV[1]/DIV[2]/DIV[3]/DIV[1]/DIV[1]/DIV[2]/DIV[2]/DIV[2]/UL[1]/LI[1]/A[1]",
      "width" : 688,
      "height" : 40
    }, {
      "top" : 452,
      "left" : 56,
      "xpath" : "/HTML[1]/BODY[1]/DIV[1]/DIV[2]/DIV[3]/DIV[1]/DIV[1]/DIV[2]/DIV[2]/DIV[2]/UL[1]/LI[2]/A[1]",
      "width" : 688,
      "height" : 40
    }, {
      "top" : 494,
      "left" : 56,
      "xpath" : "/HTML[1]/BODY[1]/DIV[1]/DIV[2]/DIV[3]/DIV[1]/DIV[1]/DIV[2]/DIV[2]/DIV[2]/UL[1]/LI[3]/A[1]",
      "width" : 688,
      "height" : 40
    } ],
    "fanIn" : 1,
    "fanOut" : 2,
    "id" : 58,
    "failedEvents" : [ ],
    "hasNearDuplicate" : false,
    "distToNearestState" : -1.0,
    "cluster" : -1,
    "timeAdded" : 1661414024136,
    "nearestState" : "state55"
  }, {
    "name" : "state60",
    "url" : "http://localhost:3000/wallets",
    "candidateElements" : [ {
      "top" : 494,
      "left" : 56,
      "xpath" : "/HTML[1]/BODY[1]/DIV[1]/DIV[2]/DIV[3]/DIV[1]/DIV[1]/DIV[2]/DIV[2]/DIV[2]/UL[1]/LI[3]/A[1]",
      "width" : 688,
      "height" : 40
    } ],
    "fanIn" : 1,
    "fanOut" : 1,
    "id" : 60,
    "failedEvents" : [ ],
    "hasNearDuplicate" : false,
    "distToNearestState" : -1.0,
    "cluster" : -1,
    "timeAdded" : 1661414030729,
    "nearestState" : "state58"
  }, {
    "name" : "state81",
    "url" : "http://localhost:3000/wallets",
    "candidateElements" : [ ],
    "fanIn" : 0,
    "fanOut" : 1,
    "id" : 81,
    "failedEvents" : [ ],
    "hasNearDuplicate" : false,
    "distToNearestState" : -1.0,
    "cluster" : -1,
    "timeAdded" : 1661414120032,
    "nearestState" : "state80"
  }, {
    "name" : "state80",
    "url" : "http://localhost:3000/wallets",
    "candidateElements" : [ ],
    "fanIn" : 1,
    "fanOut" : 0,
    "id" : 80,
    "failedEvents" : [ ],
    "hasNearDuplicate" : false,
    "distToNearestState" : -1.0,
    "cluster" : -1,
    "timeAdded" : 1661414113996,
    "nearestState" : "state76"
  }, {
    "name" : "state20",
    "url" : "http://localhost:3000/wallets/2",
    "candidateElements" : [ {
      "top" : 64,
      "left" : 115,
      "xpath" : "/HTML[1]/BODY[1]/DIV[1]/DIV[2]/DIV[2]/DIV[1]/UL[1]/LI[2]/A[1]",
      "width" : 45,
      "height" : 17
    }, {
      "top" : 656,
      "left" : 56,
      "xpath" : "/HTML[1]/BODY[1]/DIV[1]/DIV[2]/DIV[2]/DIV[1]/DIV[1]/DIV[3]/DIV[1]/DIV[1]/DIV[2]/A[1]",
      "width" : 688,
      "height" : 34
    }, {
      "top" : 209,
      "left" : 56,
      "xpath" : "/HTML[1]/BODY[1]/DIV[1]/DIV[2]/DIV[2]/DIV[1]/DIV[1]/DIV[1]/DIV[1]/DIV[2]/BUTTON[1]",
      "width" : 688,
      "height" : 34
    }, {
      "top" : 520,
      "left" : 56,
      "xpath" : "/HTML[1]/BODY[1]/DIV[1]/DIV[2]/DIV[2]/DIV[1]/DIV[1]/DIV[2]/DIV[1]/DIV[2]/DIV[1]/DIV[4]/BUTTON[1]",
      "width" : 688,
      "height" : 30
    } ],
    "fanIn" : 1,
    "fanOut" : 1,
    "id" : 20,
    "failedEvents" : [ "xpath /HTML[1]/BODY[1]/DIV[1]/DIV[2]/DIV[2]/DIV[1]/UL[1]/LI[2]/A[1]" ],
    "hasNearDuplicate" : false,
    "distToNearestState" : -1.0,
    "cluster" : -1,
    "timeAdded" : 1661413903534,
    "nearestState" : "state19"
  }, {
    "name" : "state64",
    "url" : "http://localhost:3000/wallets",
    "candidateElements" : [ {
      "top" : 122,
      "left" : 453,
      "xpath" : "/HTML[1]/BODY[1]/DIV[1]/DIV[2]/DIV[3]/DIV[1]/DIV[1]/DIV[1]/DIV[1]/A[1]/DIV[2]/BUTTON[1]",
      "width" : 52,
      "height" : 22
    }, {
      "top" : 122,
      "left" : 509,
      "xpath" : "/HTML[1]/BODY[1]/DIV[1]/DIV[2]/DIV[3]/DIV[1]/DIV[1]/DIV[1]/DIV[1]/A[1]/DIV[2]/BUTTON[2]",
      "width" : 48,
      "height" : 22
    }, {
      "top" : 122,
      "left" : 561,
      "xpath" : "/HTML[1]/BODY[1]/DIV[1]/DIV[2]/DIV[3]/DIV[1]/DIV[1]/DIV[1]/DIV[1]/A[1]/DIV[2]/BUTTON[3]",
      "width" : 126,
      "height" : 22
    } ],
    "fanIn" : 2,
    "fanOut" : 2,
    "id" : 64,
    "failedEvents" : [ ],
    "hasNearDuplicate" : false,
    "distToNearestState" : -1.0,
    "cluster" : -1,
    "timeAdded" : 1661414044757,
    "nearestState" : "state61"
  }, {
    "name" : "state61",
    "url" : "http://localhost:3000/wallets",
    "candidateElements" : [ ],
    "fanIn" : 2,
    "fanOut" : 0,
    "id" : 61,
    "failedEvents" : [ ],
    "hasNearDuplicate" : false,
    "distToNearestState" : -1.0,
    "cluster" : -1,
    "timeAdded" : 1661414035671,
    "nearestState" : "state60"
  }, {
    "name" : "index",
    "url" : "http://localhost:3000",
    "candidateElements" : [ {
      "top" : 0,
      "left" : 40,
      "xpath" : "/HTML[1]/BODY[1]/DIV[1]/DIV[1]/DIV[1]/DIV[1]/A[1]",
      "width" : 123,
      "height" : 46
    }, {
      "top" : 0,
      "left" : 355,
      "xpath" : "/HTML[1]/BODY[1]/DIV[1]/DIV[1]/DIV[1]/DIV[2]/UL[1]/LI[1]/A[1]",
      "width" : 68,
      "height" : 45
    }, {
      "top" : 0,
      "left" : 554,
      "xpath" : "/HTML[1]/BODY[1]/DIV[1]/DIV[1]/DIV[1]/DIV[2]/UL[1]/LI[6]/A[1]",
      "width" : 82,
      "height" : 45
    }, {
      "top" : 0,
      "left" : 636,
      "xpath" : "/HTML[1]/BODY[1]/DIV[1]/DIV[1]/DIV[1]/DIV[2]/UL[1]/LI[7]/A[1]",
      "width" : 73,
      "height" : 45
    } ],
    "fanIn" : 0,
    "fanOut" : 1,
    "id" : 0,
    "failedEvents" : [ ],
    "hasNearDuplicate" : false,
    "distToNearestState" : -1.0,
    "cluster" : -1,
    "timeAdded" : 1661413812927,
    "nearestState" : "null"
  }, {
    "name" : "state24",
    "url" : "http://localhost:3000/plans",
    "candidateElements" : [ {
      "top" : 195,
      "left" : 415,
      "xpath" : "/HTML[1]/BODY[1]/DIV[1]/DIV[2]/DIV[3]/DIV[1]/DIV[2]/DIV[1]/DIV[1]/DIV[2]/DIV[1]/DIV[2]/DIV[1]/A[1]",
      "width" : 329,
      "height" : 42
    }, {
      "top" : 257,
      "left" : 56,
      "xpath" : "/HTML[1]/BODY[1]/DIV[1]/DIV[2]/DIV[3]/DIV[1]/DIV[2]/DIV[1]/DIV[1]/DIV[2]/BUTTON[1]",
      "width" : 58,
      "height" : 34
    }, {
      "top" : 257,
      "left" : 117,
      "xpath" : "/HTML[1]/BODY[1]/DIV[1]/DIV[2]/DIV[3]/DIV[1]/DIV[2]/DIV[1]/DIV[1]/DIV[2]/BUTTON[2]",
      "width" : 55,
      "height" : 34
    } ],
    "fanIn" : 2,
    "fanOut" : 2,
    "id" : 24,
    "failedEvents" : [ ],
    "hasNearDuplicate" : false,
    "distToNearestState" : -1.0,
    "cluster" : -1,
    "timeAdded" : 1661413919604,
    "nearestState" : "state23"
  }, {
    "name" : "state23",
    "url" : "http://localhost:3000/plans",
    "candidateElements" : [ {
      "top" : 195,
      "left" : 415,
      "xpath" : "/HTML[1]/BODY[1]/DIV[1]/DIV[2]/DIV[3]/DIV[1]/DIV[2]/DIV[1]/DIV[1]/DIV[2]/DIV[1]/DIV[2]/DIV[1]/A[1]",
      "width" : 329,
      "height" : 42
    }, {
      "top" : 257,
      "left" : 56,
      "xpath" : "/HTML[1]/BODY[1]/DIV[1]/DIV[2]/DIV[3]/DIV[1]/DIV[2]/DIV[1]/DIV[1]/DIV[2]/BUTTON[1]",
      "width" : 58,
      "height" : 34
    }, {
      "top" : 257,
      "left" : 117,
      "xpath" : "/HTML[1]/BODY[1]/DIV[1]/DIV[2]/DIV[3]/DIV[1]/DIV[2]/DIV[1]/DIV[1]/DIV[2]/BUTTON[2]",
      "width" : 55,
      "height" : 34
    } ],
    "fanIn" : 1,
    "fanOut" : 1,
    "id" : 23,
    "failedEvents" : [ ],
    "hasNearDuplicate" : false,
    "distToNearestState" : -1.0,
    "cluster" : -1,
    "timeAdded" : 1661413916473,
    "nearestState" : "state22"
  }, {
    "name" : "state67",
    "url" : "http://localhost:3000/wallets",
    "candidateElements" : [ {
      "top" : 122,
      "left" : 561,
      "xpath" : "/HTML[1]/BODY[1]/DIV[1]/DIV[2]/DIV[3]/DIV[1]/DIV[1]/DIV[1]/DIV[1]/A[1]/DIV[2]/BUTTON[3]",
      "width" : 126,
      "height" : 22
    }, {
      "top" : 270,
      "left" : 116,
      "xpath" : "/HTML[1]/BODY[1]/DIV[3]/DIV[1]/DIV[1]/DIV[1]/DIV[2]/FORM[1]/FIELDSET[1]/DIV[4]/INPUT[1]",
      "width" : 57,
      "height" : 34
    } ],
    "fanIn" : 2,
    "fanOut" : 1,
    "id" : 67,
    "failedEvents" : [ "xpath /HTML[1]/BODY[1]/DIV[1]/DIV[2]/DIV[3]/DIV[1]/DIV[1]/DIV[1]/DIV[1]/A[1]/DIV[2]/BUTTON[3]" ],
    "hasNearDuplicate" : false,
    "distToNearestState" : -1.0,
    "cluster" : -1,
    "timeAdded" : 1661414063030,
    "nearestState" : "state66"
  }, {
    "name" : "state22",
    "url" : "http://localhost:3000/plans",
    "candidateElements" : [ {
      "top" : 195,
      "left" : 415,
      "xpath" : "/HTML[1]/BODY[1]/DIV[1]/DIV[2]/DIV[3]/DIV[1]/DIV[2]/DIV[1]/DIV[1]/DIV[2]/DIV[1]/DIV[2]/DIV[1]/A[1]",
      "width" : 329,
      "height" : 42
    }, {
      "top" : 257,
      "left" : 56,
      "xpath" : "/HTML[1]/BODY[1]/DIV[1]/DIV[2]/DIV[3]/DIV[1]/DIV[2]/DIV[1]/DIV[1]/DIV[2]/BUTTON[1]",
      "width" : 58,
      "height" : 34
    }, {
      "top" : 257,
      "left" : 117,
      "xpath" : "/HTML[1]/BODY[1]/DIV[1]/DIV[2]/DIV[3]/DIV[1]/DIV[2]/DIV[1]/DIV[1]/DIV[2]/BUTTON[2]",
      "width" : 55,
      "height" : 34
    } ],
    "fanIn" : 1,
    "fanOut" : 1,
    "id" : 22,
    "failedEvents" : [ ],
    "hasNearDuplicate" : false,
    "distToNearestState" : -1.0,
    "cluster" : -1,
    "timeAdded" : 1661413913262,
    "nearestState" : "state21"
  }, {
    "name" : "state66",
    "url" : "http://localhost:3000/wallets",
    "candidateElements" : [ {
      "top" : 122,
      "left" : 509,
      "xpath" : "/HTML[1]/BODY[1]/DIV[1]/DIV[2]/DIV[3]/DIV[1]/DIV[1]/DIV[1]/DIV[1]/A[1]/DIV[2]/BUTTON[2]",
      "width" : 48,
      "height" : 22
    }, {
      "top" : 122,
      "left" : 561,
      "xpath" : "/HTML[1]/BODY[1]/DIV[1]/DIV[2]/DIV[3]/DIV[1]/DIV[1]/DIV[1]/DIV[1]/A[1]/DIV[2]/BUTTON[3]",
      "width" : 126,
      "height" : 22
    } ],
    "fanIn" : 2,
    "fanOut" : 2,
    "id" : 66,
    "failedEvents" : [ ],
    "hasNearDuplicate" : false,
    "distToNearestState" : -1.0,
    "cluster" : -1,
    "timeAdded" : 1661414057534,
    "nearestState" : "state65"
  }, {
    "name" : "state21",
    "url" : "http://localhost:3000/plans",
    "candidateElements" : [ {
      "top" : 185,
      "left" : 56,
      "xpath" : "/HTML[1]/BODY[1]/DIV[1]/DIV[2]/DIV[3]/DIV[1]/DIV[1]/DIV[1]/DIV[1]/DIV[2]/BUTTON[1]",
      "width" : 97,
      "height" : 34
    } ],
    "fanIn" : 1,
    "fanOut" : 1,
    "id" : 21,
    "failedEvents" : [ ],
    "hasNearDuplicate" : false,
    "distToNearestState" : -1.0,
    "cluster" : -1,
    "timeAdded" : 1661413910145,
    "nearestState" : "state20"
  }, {
    "name" : "state65",
    "url" : "http://localhost:3000/wallets",
    "candidateElements" : [ {
      "top" : 122,
      "left" : 509,
      "xpath" : "/HTML[1]/BODY[1]/DIV[1]/DIV[2]/DIV[3]/DIV[1]/DIV[1]/DIV[1]/DIV[1]/A[1]/DIV[2]/BUTTON[2]",
      "width" : 48,
      "height" : 22
    }, {
      "top" : 122,
      "left" : 561,
      "xpath" : "/HTML[1]/BODY[1]/DIV[1]/DIV[2]/DIV[3]/DIV[1]/DIV[1]/DIV[1]/DIV[1]/A[1]/DIV[2]/BUTTON[3]",
      "width" : 126,
      "height" : 22
    }, {
      "top" : 217,
      "left" : 217,
      "xpath" : "/HTML[1]/BODY[1]/DIV[3]/DIV[1]/DIV[1]/DIV[1]/FORM[1]/DIV[2]/DIV[1]/INPUT[2]",
      "width" : 70,
      "height" : 34
    }, {
      "top" : 217,
      "left" : 116,
      "xpath" : "/HTML[1]/BODY[1]/DIV[3]/DIV[1]/DIV[1]/DIV[1]/FORM[1]/DIV[2]/DIV[1]/INPUT[1]",
      "width" : 97,
      "height" : 34
    } ],
    "fanIn" : 1,
    "fanOut" : 2,
    "id" : 65,
    "failedEvents" : [ "xpath /HTML[1]/BODY[1]/DIV[1]/DIV[2]/DIV[3]/DIV[1]/DIV[1]/DIV[1]/DIV[1]/A[1]/DIV[2]/BUTTON[2]", "xpath /HTML[1]/BODY[1]/DIV[1]/DIV[2]/DIV[3]/DIV[1]/DIV[1]/DIV[1]/DIV[1]/A[1]/DIV[2]/BUTTON[3]" ],
    "hasNearDuplicate" : false,
    "distToNearestState" : -1.0,
    "cluster" : -1,
    "timeAdded" : 1661414049963,
    "nearestState" : "state64"
  }, {
    "name" : "state28",
    "url" : "http://localhost:3000/wallets",
    "candidateElements" : [ {
      "top" : 167,
      "left" : 56,
      "xpath" : "/HTML[1]/BODY[1]/DIV[1]/DIV[2]/DIV[3]/DIV[1]/DIV[1]/DIV[1]/DIV[1]/DIV[1]/A[1]",
      "width" : 52,
      "height" : 34
    }, {
      "top" : 287,
      "left" : 56,
      "xpath" : "/HTML[1]/BODY[1]/DIV[1]/DIV[2]/DIV[3]/DIV[1]/DIV[1]/DIV[2]/DIV[1]/DIV[2]/UL[1]/LI[1]/A[1]",
      "width" : 688,
      "height" : 40
    }, {
      "top" : 329,
      "left" : 56,
      "xpath" : "/HTML[1]/BODY[1]/DIV[1]/DIV[2]/DIV[3]/DIV[1]/DIV[1]/DIV[2]/DIV[1]/DIV[2]/UL[1]/LI[2]/A[1]",
      "width" : 688,
      "height" : 40
    }, {
      "top" : 459,
      "left" : 56,
      "xpath" : "/HTML[1]/BODY[1]/DIV[1]/DIV[2]/DIV[3]/DIV[1]/DIV[1]/DIV[2]/DIV[2]/DIV[2]/UL[1]/LI[1]/A[1]",
      "width" : 688,
      "height" : 40
    }, {
      "top" : 501,
      "left" : 56,
      "xpath" : "/HTML[1]/BODY[1]/DIV[1]/DIV[2]/DIV[3]/DIV[1]/DIV[1]/DIV[2]/DIV[2]/DIV[2]/UL[1]/LI[2]/A[1]",
      "width" : 688,
      "height" : 40
    }, {
      "top" : 543,
      "left" : 56,
      "xpath" : "/HTML[1]/BODY[1]/DIV[1]/DIV[2]/DIV[3]/DIV[1]/DIV[1]/DIV[2]/DIV[2]/DIV[2]/UL[1]/LI[3]/A[1]",
      "width" : 688,
      "height" : 40
    }, {
      "top" : 122,
      "left" : 453,
      "xpath" : "/HTML[1]/BODY[1]/DIV[1]/DIV[2]/DIV[3]/DIV[1]/DIV[1]/DIV[1]/DIV[1]/A[1]/DIV[2]/BUTTON[1]",
      "width" : 52,
      "height" : 22
    }, {
      "top" : 122,
      "left" : 509,
      "xpath" : "/HTML[1]/BODY[1]/DIV[1]/DIV[2]/DIV[3]/DIV[1]/DIV[1]/DIV[1]/DIV[1]/A[1]/DIV[2]/BUTTON[2]",
      "width" : 48,
      "height" : 22
    }, {
      "top" : 122,
      "left" : 561,
      "xpath" : "/HTML[1]/BODY[1]/DIV[1]/DIV[2]/DIV[3]/DIV[1]/DIV[1]/DIV[1]/DIV[1]/A[1]/DIV[2]/BUTTON[3]",
      "width" : 126,
      "height" : 22
    } ],
    "fanIn" : 0,
    "fanOut" : 4,
    "id" : 28,
    "failedEvents" : [ ],
    "hasNearDuplicate" : false,
    "distToNearestState" : -1.0,
    "cluster" : -1,
    "timeAdded" : 1661413931595,
    "nearestState" : "state27"
  }, {
    "name" : "state27",
    "url" : "http://localhost:3000/plans",
    "candidateElements" : [ ],
    "fanIn" : 1,
    "fanOut" : 0,
    "id" : 27,
    "failedEvents" : [ ],
    "hasNearDuplicate" : false,
    "distToNearestState" : -1.0,
    "cluster" : -1,
    "timeAdded" : 1661413927627,
    "nearestState" : "state25"
  }, {
    "name" : "state25",
    "url" : "http://localhost:3000/plans",
    "candidateElements" : [ {
      "top" : 195,
      "left" : 415,
      "xpath" : "/HTML[1]/BODY[1]/DIV[1]/DIV[2]/DIV[3]/DIV[1]/DIV[2]/DIV[1]/DIV[1]/DIV[2]/DIV[1]/DIV[2]/DIV[1]/A[1]",
      "width" : 329,
      "height" : 42
    }, {
      "top" : 257,
      "left" : 56,
      "xpath" : "/HTML[1]/BODY[1]/DIV[1]/DIV[2]/DIV[3]/DIV[1]/DIV[2]/DIV[1]/DIV[1]/DIV[2]/BUTTON[1]",
      "width" : 58,
      "height" : 34
    }, {
      "top" : 257,
      "left" : 117,
      "xpath" : "/HTML[1]/BODY[1]/DIV[1]/DIV[2]/DIV[3]/DIV[1]/DIV[2]/DIV[1]/DIV[1]/DIV[2]/BUTTON[2]",
      "width" : 55,
      "height" : 34
    } ],
    "fanIn" : 1,
    "fanOut" : 1,
    "id" : 25,
    "failedEvents" : [ ],
    "hasNearDuplicate" : false,
    "distToNearestState" : -1.0,
    "cluster" : -1,
    "timeAdded" : 1661413922771,
    "nearestState" : "state24"
  }, {
    "name" : "state69",
    "url" : "http://localhost:3000/wallets",
    "candidateElements" : [ {
      "top" : 338,
      "left" : 116,
      "xpath" : "/HTML[1]/BODY[1]/DIV[3]/DIV[1]/DIV[1]/DIV[1]/FORM[1]/FIELDSET[1]/DIV[2]/DIV[1]/INPUT[1]",
      "width" : 104,
      "height" : 34
    } ],
    "fanIn" : 2,
    "fanOut" : 1,
    "id" : 69,
    "failedEvents" : [ ],
    "hasNearDuplicate" : false,
    "distToNearestState" : -1.0,
    "cluster" : -1,
    "timeAdded" : 1661414071274,
    "nearestState" : "state67"
  } ],
  "links" : [ {
    "source" : 0,
    "target" : 4,
    "text" : "Register",
    "element" : "Element{node=[A: null], tag=A, text=Register, attributes={data-i18n=Register, href=/user/registration}}",
    "eventType" : "click"
  }, {
    "source" : 4,
    "target" : 5,
    "text" : "Sign In",
    "element" : "Element{node=[A: null], tag=A, text=Sign In, attributes={class=btn btn-default btn-sm, href=http://localhost:3000/user/signin}}",
    "eventType" : "click"
  }, {
    "source" : 5,
    "target" : 4,
    "text" : "Register",
    "element" : "Element{node=[A: null], tag=A, text=Register, attributes={class=btn btn-default btn-sm, href=http://localhost:3000/user/registration}}",
    "eventType" : "click"
  }, {
    "source" : 4,
    "target" : 7,
    "text" : "×",
    "element" : "Element{node=[BUTTON: null], tag=BUTTON, text=×, attributes={aria-hidden=true, class=close, data-dismiss=modal, type=button}}",
    "eventType" : "click"
  }, {
    "source" : 7,
    "target" : 5,
    "text" : "Sign In",
    "element" : "Element{node=[A: null], tag=A, text=Sign In, attributes={class=signin_caller, data-i18n=Sign In, href=/user/signin}}",
    "eventType" : "click"
  }, {
    "source" : 5,
    "target" : 9,
    "text" : "Restore your password",
    "element" : "Element{node=[A: null], tag=A, text=Restore your password, attributes={class=btn btn-default btn-sm, href=http://localhost:3000/user/restore}}",
    "eventType" : "click"
  }, {
    "source" : 9,
    "target" : 4,
    "text" : "Register",
    "element" : "Element{node=[A: null], tag=A, text=Register, attributes={class=btn btn-default btn-sm, href=http://localhost:3000/user/registration}}",
    "eventType" : "click"
  }, {
    "source" : 4,
    "target" : 11,
    "text" : "",
    "element" : "Element{node=[INPUT: null], tag=INPUT, text=, attributes={class=btn btn-primary pull-left, data-loading-text=Registration..., id=registration_modal_form_submit, type=submit, value=Sign Up}}",
    "eventType" : "click"
  }, {
    "source" : 11,
    "target" : 13,
    "text" : "Goals",
    "element" : "Element{node=[A: null], tag=A, text=Goals, attributes={class=menu_category menu_category_wallets, data-i18n=Goals, href=/plans}}",
    "eventType" : "click"
  }, {
    "source" : 13,
    "target" : 11,
    "text" : "Home",
    "element" : "Element{node=[A: null], tag=A, text=Home, attributes={href=http://localhost:3000}}",
    "eventType" : "click"
  }, {
    "source" : 11,
    "target" : 15,
    "text" : "Home",
    "element" : "Element{node=[A: null], tag=A, text=Home, attributes={href=http://localhost:3000}}",
    "eventType" : "click"
  }, {
    "source" : 15,
    "target" : 16,
    "text" : "Add",
    "element" : "Element{node=[A: null], tag=A, text=Add, attributes={class=btn btn-primary btn-xs, href=http://localhost:3000/wallets/add, id=add_wallet_button}}",
    "eventType" : "click"
  }, {
    "source" : 16,
    "target" : 17,
    "text" : "",
    "element" : "Element{node=[INPUT: null], tag=INPUT, text=, attributes={class=btn btn-primary pull-left, data-loading-text=Saving..., id=add_wallet_modal_form_submit, type=submit, value=Add}}",
    "eventType" : "click"
  }, {
    "source" : 17,
    "target" : 18,
    "text" : "$0.00 Hide Edit Manage AccessesPersonal",
    "element" : "Element{node=[A: null], tag=A, text=$0.00 Hide Edit Manage AccessesPersonal, attributes={class=list-group-item item, data-id=2, href=http://localhost:3000/wallets/2}}",
    "eventType" : "click"
  }, {
    "source" : 18,
    "target" : 19,
    "text" : "set total to",
    "element" : "Element{node=[A: null], tag=A, text=set total to, attributes={class=action, href=#, id=set_total_to_button}}",
    "eventType" : "click"
  }, {
    "source" : 19,
    "target" : 20,
    "text" : "",
    "element" : "Element{node=[INPUT: null], tag=INPUT, text=, attributes={class=btn btn-primary pull-left, data-loading-text=Saving..., type=submit, value=Set}}",
    "eventType" : "click"
  }, {
    "source" : 20,
    "target" : 21,
    "text" : "Set Goal",
    "element" : "Element{node=[A: null], tag=A, text=Set Goal, attributes={class=btn btn-default btn-block, href=http://localhost:3000/plans}}",
    "eventType" : "click"
  }, {
    "source" : 21,
    "target" : 22,
    "text" : "Create new",
    "element" : "Element{node=[BUTTON: null], tag=BUTTON, text=Create new, attributes={class=btn btn-primary, id=button_create_new, type=submit}}",
    "eventType" : "click"
  }, {
    "source" : 22,
    "target" : 23,
    "text" : "Personal ",
    "element" : "Element{node=[A: null], tag=A, text=Personal , attributes={class=list-group-item step1_wallet_checkbox , data-id=2, href=#}}",
    "eventType" : "click"
  }, {
    "source" : 23,
    "target" : 24,
    "text" : "Personal ",
    "element" : "Element{node=[A: null], tag=A, text=Personal , attributes={class=list-group-item step1_wallet_checkbox  active, data-id=2, href=#}}",
    "eventType" : "click"
  }, {
    "source" : 24,
    "target" : 25,
    "text" : "Personal ",
    "element" : "Element{node=[A: null], tag=A, text=Personal , attributes={class=list-group-item step1_wallet_checkbox, data-id=2, href=#}}",
    "eventType" : "click"
  }, {
    "source" : 25,
    "target" : 24,
    "text" : "Personal ",
    "element" : "Element{node=[A: null], tag=A, text=Personal , attributes={class=list-group-item step1_wallet_checkbox active, data-id=2, href=#}}",
    "eventType" : "click"
  }, {
    "source" : 24,
    "target" : 27,
    "text" : "Back",
    "element" : "Element{node=[BUTTON: null], tag=BUTTON, text=Back, attributes={class=btn btn-default, id=button_step1_back, type=submit}}",
    "eventType" : "click"
  }, {
    "source" : 28,
    "target" : 55,
    "text" : "Add",
    "element" : "Element{node=[A: null], tag=A, text=Add, attributes={class=btn btn-primary, href=http://localhost:3000/wallets/add, id=add_wallet_button}}",
    "eventType" : "click"
  }, {
    "source" : 28,
    "target" : 58,
    "text" : "Trash",
    "element" : "Element{node=[A: null], tag=A, text=Trash, attributes={class=filter_menu, data-status=hidden, href=#}}",
    "eventType" : "click"
  }, {
    "source" : 58,
    "target" : 60,
    "text" : "Yours",
    "element" : "Element{node=[A: null], tag=A, text=Yours, attributes={class=origin_menu, data-origin=mine, href=#}}",
    "eventType" : "click"
  }, {
    "source" : 60,
    "target" : 61,
    "text" : "Shared with you",
    "element" : "Element{node=[A: null], tag=A, text=Shared with you, attributes={class=origin_menu, data-origin=shared, href=#}}",
    "eventType" : "click"
  }, {
    "source" : 28,
    "target" : 64,
    "text" : "Yours",
    "element" : "Element{node=[A: null], tag=A, text=Yours, attributes={class=origin_menu, data-origin=mine, href=#}}",
    "eventType" : "click"
  }, {
    "source" : 64,
    "target" : 65,
    "text" : "Hide",
    "element" : "Element{node=[BUTTON: null], tag=BUTTON, text=Hide, attributes={class=btn btn-default btn-xs item_button_remove}}",
    "eventType" : "click"
  }, {
    "source" : 65,
    "target" : 66,
    "text" : "",
    "element" : "Element{node=[INPUT: null], tag=INPUT, text=, attributes={class=btn btn-primary pull-left, data-loading-text=Canceling..., type=submit, value=Cancel}}",
    "eventType" : "click"
  }, {
    "source" : 66,
    "target" : 67,
    "text" : "Edit",
    "element" : "Element{node=[BUTTON: null], tag=BUTTON, text=Edit, attributes={class=btn btn-default btn-xs item_button_edit}}",
    "eventType" : "click"
  }, {
    "source" : 67,
    "target" : 66,
    "text" : "",
    "element" : "Element{node=[INPUT: null], tag=INPUT, text=, attributes={class=btn btn-primary pull-left, data-loading-text=Saving..., type=submit, value=Save}}",
    "eventType" : "click"
  }, {
    "source" : 66,
    "target" : 69,
    "text" : "Manage Accesses",
    "element" : "Element{node=[BUTTON: null], tag=BUTTON, text=Manage Accesses, attributes={class=btn btn-default btn-xs item_button_accesses}}",
    "eventType" : "click"
  }, {
    "source" : 69,
    "target" : 70,
    "text" : "",
    "element" : "Element{node=[INPUT: null], tag=INPUT, text=, attributes={class=btn btn-primary pull-left, data-loading-text=Saving..., type=submit, value=Give Access}}",
    "eventType" : "click"
  }, {
    "source" : 70,
    "target" : 71,
    "text" : "Remove Access",
    "element" : "Element{node=[A: null], tag=A, text=Remove Access, attributes={class=btn btn-default btn-xs item_button_remove_access, data-id=1, href=#}}",
    "eventType" : "click"
  }, {
    "source" : 71,
    "target" : 69,
    "text" : "",
    "element" : "Element{node=[INPUT: null], tag=INPUT, text=, attributes={class=process_button btn btn-danger pull-left, data-loading-text=Removing..., type=button, value=Yes, Remove}}",
    "eventType" : "click"
  }, {
    "source" : 58,
    "target" : 61,
    "text" : "Shared with you",
    "element" : "Element{node=[A: null], tag=A, text=Shared with you, attributes={class=origin_menu, data-origin=shared, href=#}}",
    "eventType" : "click"
  }, {
    "source" : 28,
    "target" : 76,
    "text" : "Shared with you",
    "element" : "Element{node=[A: null], tag=A, text=Shared with you, attributes={class=origin_menu, data-origin=shared, href=#}}",
    "eventType" : "click"
  }, {
    "source" : 64,
    "target" : 67,
    "text" : "Edit",
    "element" : "Element{node=[BUTTON: null], tag=BUTTON, text=Edit, attributes={class=btn btn-default btn-xs item_button_edit}}",
    "eventType" : "click"
  }, {
    "source" : 65,
    "target" : 80,
    "text" : "",
    "element" : "Element{node=[INPUT: null], tag=INPUT, text=, attributes={class=process_button btn btn-danger pull-left, data-loading-text=Removing..., type=button, value=Yes, Hide It}}",
    "eventType" : "click"
  }, {
    "source" : 81,
    "target" : 64,
    "text" : "Yours",
    "element" : "Element{node=[A: null], tag=A, text=Yours, attributes={class=origin_menu, data-origin=mine, href=#}}",
    "eventType" : "click"
  } ]
}