{
  "states" : {
    "state71" : {
      "name" : "state71",
      "url" : "http://localhost:3000/wallets",
      "candidateElements" : [ {
        "top" : 213,
        "left" : 116,
        "xpath" : "/HTML[1]/BODY[1]/DIV[3]/DIV[1]/DIV[1]/DIV[1]/FORM[1]/DIV[2]/DIV[1]/INPUT[1]",
        "width" : 107,
        "height" : 34
      } ],
      "fanIn" : 1,
      "fanOut" : 1,
      "id" : 71,
      "failedEvents" : [ ],
      "hasNearDuplicate" : false,
      "distToNearestState" : -1.0,
      "cluster" : -1,
      "timeAdded" : 1661414082255,
      "nearestState" : "state70"
    },
    "state70" : {
      "name" : "state70",
      "url" : "http://localhost:3000/wallets",
      "candidateElements" : [ {
        "top" : 182,
        "left" : 561,
        "xpath" : "/HTML[1]/BODY[1]/DIV[3]/DIV[1]/DIV[1]/DIV[1]/FORM[1]/FIELDSET[1]/DIV[1]/DIV[1]/TABLE[1]/TBODY[1]/TR[1]/TD[4]/DIV[1]/A[1]",
        "width" : 114,
        "height" : 22
      } ],
      "fanIn" : 1,
      "fanOut" : 1,
      "id" : 70,
      "failedEvents" : [ ],
      "hasNearDuplicate" : false,
      "distToNearestState" : -1.0,
      "cluster" : -1,
      "timeAdded" : 1661414076643,
      "nearestState" : "state69"
    },
    "state9" : {
      "name" : "state9",
      "url" : "http://localhost:3000/",
      "candidateElements" : [ {
        "top" : 296,
        "left" : 617,
        "xpath" : "/HTML[1]/BODY[1]/DIV[3]/DIV[1]/DIV[1]/DIV[1]/DIV[4]/DIV[1]/A[1]",
        "width" : 66,
        "height" : 30
      }, {
        "top" : 247,
        "left" : 116,
        "xpath" : "/HTML[1]/BODY[1]/DIV[3]/DIV[1]/DIV[1]/DIV[1]/DIV[2]/FORM[1]/FIELDSET[1]/DIV[3]/INPUT[1]",
        "width" : 74,
        "height" : 34
      } ],
      "fanIn" : 1,
      "fanOut" : 1,
      "id" : 9,
      "failedEvents" : [ ],
      "hasNearDuplicate" : false,
      "distToNearestState" : -1.0,
      "cluster" : -1,
      "timeAdded" : 1661413848269,
      "nearestState" : "state7"
    },
    "state5" : {
      "name" : "state5",
      "url" : "http://localhost:3000/",
      "candidateElements" : [ {
        "top" : 96,
        "left" : 636,
        "xpath" : "/HTML[1]/BODY[1]/DIV[1]/DIV[1]/DIV[1]/DIV[2]/UL[1]/LI[7]/A[1]",
        "width" : 73,
        "height" : 45
      }, {
        "top" : 345,
        "left" : 462,
        "xpath" : "/HTML[1]/BODY[1]/DIV[3]/DIV[1]/DIV[1]/DIV[1]/DIV[3]/A[1]",
        "width" : 66,
        "height" : 30
      }, {
        "top" : 345,
        "left" : 537,
        "xpath" : "/HTML[1]/BODY[1]/DIV[3]/DIV[1]/DIV[1]/DIV[1]/DIV[3]/A[2]",
        "width" : 146,
        "height" : 30
      }, {
        "top" : 140,
        "left" : 671,
        "xpath" : "/HTML[1]/BODY[1]/DIV[3]/DIV[1]/DIV[1]/DIV[1]/DIV[1]/BUTTON[1]",
        "width" : 13,
        "height" : 21
      }, {
        "top" : 296,
        "left" : 116,
        "xpath" : "/HTML[1]/BODY[1]/DIV[3]/DIV[1]/DIV[1]/DIV[1]/DIV[2]/FORM[1]/FIELDSET[1]/DIV[4]/INPUT[1]",
        "width" : 69,
        "height" : 34
      } ],
      "fanIn" : 2,
      "fanOut" : 2,
      "id" : 5,
      "failedEvents" : [ "xpath /HTML[1]/BODY[1]/DIV[1]/DIV[1]/DIV[1]/DIV[2]/UL[1]/LI[7]/A[1]" ],
      "hasNearDuplicate" : false,
      "distToNearestState" : -1.0,
      "cluster" : -1,
      "timeAdded" : 1661413832940,
      "nearestState" : "state4"
    },
    "state7" : {
      "name" : "state7",
      "url" : "http://localhost:3000/",
      "candidateElements" : [ {
        "top" : 96,
        "left" : 636,
        "xpath" : "/HTML[1]/BODY[1]/DIV[1]/DIV[1]/DIV[1]/DIV[2]/UL[1]/LI[7]/A[1]",
        "width" : 73,
        "height" : 45
      } ],
      "fanIn" : 1,
      "fanOut" : 1,
      "id" : 7,
      "failedEvents" : [ ],
      "hasNearDuplicate" : false,
      "distToNearestState" : -1.0,
      "cluster" : -1,
      "timeAdded" : 1661413841316,
      "nearestState" : "state5"
    },
    "state4" : {
      "name" : "state4",
      "url" : "http://localhost:3000/",
      "candidateElements" : [ {
        "top" : 96,
        "left" : 636,
        "xpath" : "/HTML[1]/BODY[1]/DIV[1]/DIV[1]/DIV[1]/DIV[2]/UL[1]/LI[7]/A[1]",
        "width" : 73,
        "height" : 45
      }, {
        "top" : 394,
        "left" : 624,
        "xpath" : "/HTML[1]/BODY[1]/DIV[3]/DIV[1]/DIV[1]/DIV[1]/DIV[4]/DIV[1]/A[1]",
        "width" : 59,
        "height" : 30
      }, {
        "top" : 140,
        "left" : 671,
        "xpath" : "/HTML[1]/BODY[1]/DIV[3]/DIV[1]/DIV[1]/DIV[1]/DIV[1]/BUTTON[1]",
        "width" : 13,
        "height" : 21
      }, {
        "top" : 345,
        "left" : 116,
        "xpath" : "/HTML[1]/BODY[1]/DIV[3]/DIV[1]/DIV[1]/DIV[1]/DIV[2]/FORM[1]/FIELDSET[1]/DIV[5]/INPUT[1]",
        "width" : 76,
        "height" : 34
      } ],
      "fanIn" : 3,
      "fanOut" : 3,
      "id" : 4,
      "failedEvents" : [ "xpath /HTML[1]/BODY[1]/DIV[1]/DIV[1]/DIV[1]/DIV[2]/UL[1]/LI[7]/A[1]", "xpath /HTML[1]/BODY[1]/DIV[1]/DIV[1]/DIV[1]/DIV[2]/UL[1]/LI[6]/A[1]", "xpath /HTML[1]/BODY[1]/DIV[1]/DIV[1]/DIV[1]/DIV[2]/UL[1]/LI[6]/A[1]", "xpath /HTML[1]/BODY[1]/DIV[1]/DIV[1]/DIV[1]/DIV[2]/UL[1]/LI[6]/A[1]", "xpath /HTML[1]/BODY[1]/DIV[1]/DIV[1]/DIV[1]/DIV[2]/UL[1]/LI[6]/A[1]", "xpath /HTML[1]/BODY[1]/DIV[1]/DIV[1]/DIV[1]/DIV[2]/UL[1]/LI[6]/A[1]", "xpath /HTML[1]/BODY[1]/DIV[1]/DIV[1]/DIV[1]/DIV[2]/UL[1]/LI[6]/A[1]", "xpath /HTML[1]/BODY[1]/DIV[1]/DIV[1]/DIV[1]/DIV[2]/UL[1]/LI[6]/A[1]", "xpath /HTML[1]/BODY[1]/DIV[1]/DIV[1]/DIV[1]/DIV[2]/UL[1]/LI[6]/A[1]", "xpath /HTML[1]/BODY[1]/DIV[1]/DIV[1]/DIV[1]/DIV[2]/UL[1]/LI[6]/A[1]", "xpath /HTML[1]/BODY[1]/DIV[1]/DIV[1]/DIV[1]/DIV[2]/UL[1]/LI[6]/A[1]", "xpath /HTML[1]/BODY[1]/DIV[1]/DIV[1]/DIV[1]/DIV[2]/UL[1]/LI[6]/A[1]", "xpath /HTML[1]/BODY[1]/DIV[1]/DIV[1]/DIV[1]/DIV[2]/UL[1]/LI[6]/A[1]" ],
      "hasNearDuplicate" : false,
      "distToNearestState" : -1.0,
      "cluster" : -1,
      "timeAdded" : 1661413826120,
      "nearestState" : "index"
    },
    "state19" : {
      "name" : "state19",
      "url" : "http://localhost:3000/wallets/2",
      "candidateElements" : [ {
        "top" : 616,
        "left" : 56,
        "xpath" : "/HTML[1]/BODY[1]/DIV[1]/DIV[2]/DIV[2]/DIV[1]/DIV[1]/DIV[3]/DIV[1]/DIV[1]/DIV[2]/A[1]",
        "width" : 688,
        "height" : 34
      }, {
        "top" : 481,
        "left" : 56,
        "xpath" : "/HTML[1]/BODY[1]/DIV[1]/DIV[2]/DIV[2]/DIV[1]/DIV[1]/DIV[2]/DIV[1]/DIV[2]/DIV[1]/DIV[3]/BUTTON[1]",
        "width" : 688,
        "height" : 30
      }, {
        "top" : 579,
        "left" : 116,
        "xpath" : "/HTML[1]/BODY[1]/DIV[3]/DIV[1]/DIV[1]/DIV[1]/DIV[2]/FORM[1]/FIELDSET[1]/DIV[3]/INPUT[1]",
        "width" : 47,
        "height" : 34
      } ],
      "fanIn" : 1,
      "fanOut" : 1,
      "id" : 19,
      "failedEvents" : [ "xpath /HTML[1]/BODY[1]/DIV[1]/DIV[2]/DIV[2]/DIV[1]/DIV[1]/DIV[3]/DIV[1]/DIV[1]/DIV[2]/A[1]", "xpath /HTML[1]/BODY[1]/DIV[1]/DIV[2]/DIV[2]/DIV[1]/DIV[1]/DIV[2]/DIV[1]/DIV[2]/DIV[1]/DIV[3]/BUTTON[1]" ],
      "hasNearDuplicate" : false,
      "distToNearestState" : -1.0,
      "cluster" : -1,
      "timeAdded" : 1661413895808,
      "nearestState" : "state18"
    },
    "state18" : {
      "name" : "state18",
      "url" : "http://localhost:3000/wallets/2",
      "candidateElements" : [ {
        "top" : 64,
        "left" : 115,
        "xpath" : "/HTML[1]/BODY[1]/DIV[1]/DIV[2]/DIV[2]/DIV[1]/UL[1]/LI[2]/A[1]",
        "width" : 45,
        "height" : 17
      }, {
        "top" : 245,
        "left" : 677,
        "xpath" : "/HTML[1]/BODY[1]/DIV[1]/DIV[2]/DIV[2]/DIV[1]/DIV[1]/DIV[1]/DIV[1]/DIV[2]/DIV[1]/A[1]",
        "width" : 67,
        "height" : 18
      }, {
        "top" : 579,
        "left" : 56,
        "xpath" : "/HTML[1]/BODY[1]/DIV[1]/DIV[2]/DIV[2]/DIV[1]/DIV[1]/DIV[3]/DIV[1]/DIV[1]/DIV[2]/A[1]",
        "width" : 688,
        "height" : 34
      }, {
        "top" : 209,
        "left" : 56,
        "xpath" : "/HTML[1]/BODY[1]/DIV[1]/DIV[2]/DIV[2]/DIV[1]/DIV[1]/DIV[1]/DIV[1]/DIV[2]/BUTTON[1]",
        "width" : 688,
        "height" : 34
      }, {
        "top" : 443,
        "left" : 56,
        "xpath" : "/HTML[1]/BODY[1]/DIV[1]/DIV[2]/DIV[2]/DIV[1]/DIV[1]/DIV[2]/DIV[1]/DIV[2]/DIV[1]/DIV[2]/BUTTON[1]",
        "width" : 688,
        "height" : 30
      } ],
      "fanIn" : 1,
      "fanOut" : 1,
      "id" : 18,
      "failedEvents" : [ "xpath /HTML[1]/BODY[1]/DIV[1]/DIV[2]/DIV[2]/DIV[1]/UL[1]/LI[2]/A[1]" ],
      "hasNearDuplicate" : false,
      "distToNearestState" : -1.0,
      "cluster" : -1,
      "timeAdded" : 1661413889086,
      "nearestState" : "state17"
    },
    "state13" : {
      "name" : "state13",
      "url" : "http://localhost:3000/plans",
      "candidateElements" : [ {
        "top" : 64,
        "left" : 55,
        "xpath" : "/HTML[1]/BODY[1]/DIV[1]/DIV[2]/DIV[3]/DIV[1]/UL[1]/LI[1]/A[1]",
        "width" : 38,
        "height" : 17
      }, {
        "top" : 185,
        "left" : 56,
        "xpath" : "/HTML[1]/BODY[1]/DIV[1]/DIV[2]/DIV[3]/DIV[1]/DIV[1]/DIV[1]/DIV[1]/DIV[2]/BUTTON[1]",
        "width" : 97,
        "height" : 34
      } ],
      "fanIn" : 1,
      "fanOut" : 1,
      "id" : 13,
      "failedEvents" : [ ],
      "hasNearDuplicate" : false,
      "distToNearestState" : -1.0,
      "cluster" : -1,
      "timeAdded" : 1661413862136,
      "nearestState" : "state11"
    },
    "state11" : {
      "name" : "state11",
      "url" : "http://localhost:3000/wallets",
      "candidateElements" : [ {
        "top" : 22,
        "left" : 275,
        "xpath" : "/HTML[1]/BODY[1]/DIV[1]/DIV[1]/DIV[1]/DIV[2]/UL[1]/LI[2]/A[1]",
        "width" : 75,
        "height" : 45
      }, {
        "top" : 22,
        "left" : 350,
        "xpath" : "/HTML[1]/BODY[1]/DIV[1]/DIV[1]/DIV[1]/DIV[2]/UL[1]/LI[3]/A[1]",
        "width" : 66,
        "height" : 45
      }, {
        "top" : 64,
        "left" : 55,
        "xpath" : "/HTML[1]/BODY[1]/DIV[1]/DIV[2]/DIV[2]/DIV[1]/UL[1]/LI[1]/A[1]",
        "width" : 38,
        "height" : 17
      }, {
        "top" : 127,
        "left" : 183,
        "xpath" : "/HTML[1]/BODY[1]/DIV[1]/DIV[2]/DIV[2]/DIV[1]/DIV[1]/DIV[1]/DIV[1]/A[1]",
        "width" : 34,
        "height" : 22
      }, {
        "top" : 239,
        "left" : 56,
        "xpath" : "/HTML[1]/BODY[1]/DIV[1]/DIV[2]/DIV[2]/DIV[1]/DIV[1]/DIV[2]/DIV[1]/DIV[2]/UL[1]/LI[1]/A[1]",
        "width" : 688,
        "height" : 40
      }, {
        "top" : 281,
        "left" : 56,
        "xpath" : "/HTML[1]/BODY[1]/DIV[1]/DIV[2]/DIV[2]/DIV[1]/DIV[1]/DIV[2]/DIV[1]/DIV[2]/UL[1]/LI[2]/A[1]",
        "width" : 688,
        "height" : 40
      }, {
        "top" : 412,
        "left" : 56,
        "xpath" : "/HTML[1]/BODY[1]/DIV[1]/DIV[2]/DIV[2]/DIV[1]/DIV[1]/DIV[2]/DIV[2]/DIV[2]/UL[1]/LI[1]/A[1]",
        "width" : 688,
        "height" : 40
      }, {
        "top" : 454,
        "left" : 56,
        "xpath" : "/HTML[1]/BODY[1]/DIV[1]/DIV[2]/DIV[2]/DIV[1]/DIV[1]/DIV[2]/DIV[2]/DIV[2]/UL[1]/LI[2]/A[1]",
        "width" : 688,
        "height" : 40
      }, {
        "top" : 496,
        "left" : 56,
        "xpath" : "/HTML[1]/BODY[1]/DIV[1]/DIV[2]/DIV[2]/DIV[1]/DIV[1]/DIV[2]/DIV[2]/DIV[2]/UL[1]/LI[3]/A[1]",
        "width" : 688,
        "height" : 40
      } ],
      "fanIn" : 2,
      "fanOut" : 2,
      "id" : 11,
      "failedEvents" : [ ],
      "hasNearDuplicate" : false,
      "distToNearestState" : -1.0,
      "cluster" : -1,
      "timeAdded" : 1661413855323,
      "nearestState" : "state9"
    },
    "state55" : {
      "name" : "state55",
      "url" : "http://localhost:3000/wallets",
      "candidateElements" : [ {
        "top" : 287,
        "left" : 56,
        "xpath" : "/HTML[1]/BODY[1]/DIV[1]/DIV[2]/DIV[3]/DIV[1]/DIV[1]/DIV[2]/DIV[1]/DIV[2]/UL[1]/LI[1]/A[1]",
        "width" : 688,
        "height" : 40
      }, {
        "top" : 329,
        "left" : 56,
        "xpath" : "/HTML[1]/BODY[1]/DIV[1]/DIV[2]/DIV[3]/DIV[1]/DIV[1]/DIV[2]/DIV[1]/DIV[2]/UL[1]/LI[2]/A[1]",
        "width" : 688,
        "height" : 40
      }, {
        "top" : 459,
        "left" : 56,
        "xpath" : "/HTML[1]/BODY[1]/DIV[1]/DIV[2]/DIV[3]/DIV[1]/DIV[1]/DIV[2]/DIV[2]/DIV[2]/UL[1]/LI[1]/A[1]",
        "width" : 688,
        "height" : 40
      }, {
        "top" : 501,
        "left" : 56,
        "xpath" : "/HTML[1]/BODY[1]/DIV[1]/DIV[2]/DIV[3]/DIV[1]/DIV[1]/DIV[2]/DIV[2]/DIV[2]/UL[1]/LI[2]/A[1]",
        "width" : 688,
        "height" : 40
      }, {
        "top" : 543,
        "left" : 56,
        "xpath" : "/HTML[1]/BODY[1]/DIV[1]/DIV[2]/DIV[3]/DIV[1]/DIV[1]/DIV[2]/DIV[2]/DIV[2]/UL[1]/LI[3]/A[1]",
        "width" : 688,
        "height" : 40
      }, {
        "top" : 122,
        "left" : 453,
        "xpath" : "/HTML[1]/BODY[1]/DIV[1]/DIV[2]/DIV[3]/DIV[1]/DIV[1]/DIV[1]/DIV[1]/A[1]/DIV[2]/BUTTON[1]",
        "width" : 52,
        "height" : 22
      }, {
        "top" : 122,
        "left" : 509,
        "xpath" : "/HTML[1]/BODY[1]/DIV[1]/DIV[2]/DIV[3]/DIV[1]/DIV[1]/DIV[1]/DIV[1]/A[1]/DIV[2]/BUTTON[2]",
        "width" : 48,
        "height" : 22
      }, {
        "top" : 122,
        "left" : 561,
        "xpath" : "/HTML[1]/BODY[1]/DIV[1]/DIV[2]/DIV[3]/DIV[1]/DIV[1]/DIV[1]/DIV[1]/A[1]/DIV[2]/BUTTON[3]",
        "width" : 126,
        "height" : 22
      } ],
      "fanIn" : 1,
      "fanOut" : 0,
      "id" : 55,
      "failedEvents" : [ "xpath /HTML[1]/BODY[1]/DIV[1]/DIV[2]/DIV[3]/DIV[1]/DIV[1]/DIV[2]/DIV[1]/DIV[2]/UL[1]/LI[1]/A[1]", "xpath /HTML[1]/BODY[1]/DIV[1]/DIV[2]/DIV[3]/DIV[1]/DIV[1]/DIV[2]/DIV[1]/DIV[2]/UL[1]/LI[2]/A[1]", "xpath /HTML[1]/BODY[1]/DIV[1]/DIV[2]/DIV[3]/DIV[1]/DIV[1]/DIV[2]/DIV[2]/DIV[2]/UL[1]/LI[1]/A[1]", "xpath /HTML[1]/BODY[1]/DIV[1]/DIV[2]/DIV[3]/DIV[1]/DIV[1]/DIV[2]/DIV[2]/DIV[2]/UL[1]/LI[2]/A[1]", "xpath /HTML[1]/BODY[1]/DIV[1]/DIV[2]/DIV[3]/DIV[1]/DIV[1]/DIV[2]/DIV[2]/DIV[2]/UL[1]/LI[3]/A[1]", "xpath /HTML[1]/BODY[1]/DIV[1]/DIV[2]/DIV[3]/DIV[1]/DIV[1]/DIV[1]/DIV[1]/A[1]/DIV[2]/BUTTON[1]", "xpath /HTML[1]/BODY[1]/DIV[1]/DIV[2]/DIV[3]/DIV[1]/DIV[1]/DIV[1]/DIV[1]/A[1]/DIV[2]/BUTTON[2]", "xpath /HTML[1]/BODY[1]/DIV[1]/DIV[2]/DIV[3]/DIV[1]/DIV[1]/DIV[1]/DIV[1]/A[1]/DIV[2]/BUTTON[3]" ],
      "hasNearDuplicate" : false,
      "distToNearestState" : -1.0,
      "cluster" : -1,
      "timeAdded" : 1661414004762,
      "nearestState" : "state28"
    },
    "state76" : {
      "name" : "state76",
      "url" : "http://localhost:3000/wallets",
      "candidateElements" : [ ],
      "fanIn" : 1,
      "fanOut" : 0,
      "id" : 76,
      "failedEvents" : [ ],
      "hasNearDuplicate" : false,
      "distToNearestState" : -1.0,
      "cluster" : -1,
      "timeAdded" : 1661414097493,
      "nearestState" : "state71"
    },
    "state17" : {
      "name" : "state17",
      "url" : "http://localhost:3000/wallets",
      "candidateElements" : [ {
        "top" : 111,
        "left" : 40,
        "xpath" : "/HTML[1]/BODY[1]/DIV[1]/DIV[2]/DIV[3]/DIV[1]/DIV[1]/DIV[1]/DIV[1]/A[1]",
        "width" : 720,
        "height" : 47
      }, {
        "top" : 167,
        "left" : 56,
        "xpath" : "/HTML[1]/BODY[1]/DIV[1]/DIV[2]/DIV[3]/DIV[1]/DIV[1]/DIV[1]/DIV[1]/DIV[1]/A[1]",
        "width" : 52,
        "height" : 34
      }, {
        "top" : 287,
        "left" : 56,
        "xpath" : "/HTML[1]/BODY[1]/DIV[1]/DIV[2]/DIV[3]/DIV[1]/DIV[1]/DIV[2]/DIV[1]/DIV[2]/UL[1]/LI[1]/A[1]",
        "width" : 688,
        "height" : 40
      }, {
        "top" : 329,
        "left" : 56,
        "xpath" : "/HTML[1]/BODY[1]/DIV[1]/DIV[2]/DIV[3]/DIV[1]/DIV[1]/DIV[2]/DIV[1]/DIV[2]/UL[1]/LI[2]/A[1]",
        "width" : 688,
        "height" : 40
      }, {
        "top" : 459,
        "left" : 56,
        "xpath" : "/HTML[1]/BODY[1]/DIV[1]/DIV[2]/DIV[3]/DIV[1]/DIV[1]/DIV[2]/DIV[2]/DIV[2]/UL[1]/LI[1]/A[1]",
        "width" : 688,
        "height" : 40
      }, {
        "top" : 501,
        "left" : 56,
        "xpath" : "/HTML[1]/BODY[1]/DIV[1]/DIV[2]/DIV[3]/DIV[1]/DIV[1]/DIV[2]/DIV[2]/DIV[2]/UL[1]/LI[2]/A[1]",
        "width" : 688,
        "height" : 40
      }, {
        "top" : 543,
        "left" : 56,
        "xpath" : "/HTML[1]/BODY[1]/DIV[1]/DIV[2]/DIV[3]/DIV[1]/DIV[1]/DIV[2]/DIV[2]/DIV[2]/UL[1]/LI[3]/A[1]",
        "width" : 688,
        "height" : 40
      }, {
        "top" : 122,
        "left" : 469,
        "xpath" : "/HTML[1]/BODY[1]/DIV[1]/DIV[2]/DIV[3]/DIV[1]/DIV[1]/DIV[1]/DIV[1]/A[1]/DIV[2]/BUTTON[1]",
        "width" : 52,
        "height" : 22
      }, {
        "top" : 122,
        "left" : 525,
        "xpath" : "/HTML[1]/BODY[1]/DIV[1]/DIV[2]/DIV[3]/DIV[1]/DIV[1]/DIV[1]/DIV[1]/A[1]/DIV[2]/BUTTON[2]",
        "width" : 48,
        "height" : 22
      }, {
        "top" : 122,
        "left" : 577,
        "xpath" : "/HTML[1]/BODY[1]/DIV[1]/DIV[2]/DIV[3]/DIV[1]/DIV[1]/DIV[1]/DIV[1]/A[1]/DIV[2]/BUTTON[3]",
        "width" : 126,
        "height" : 22
      } ],
      "fanIn" : 1,
      "fanOut" : 1,
      "id" : 17,
      "failedEvents" : [ ],
      "hasNearDuplicate" : false,
      "distToNearestState" : -1.0,
      "cluster" : -1,
      "timeAdded" : 1661413883704,
      "nearestState" : "state16"
    },
    "state16" : {
      "name" : "state16",
      "url" : "http://localhost:3000/wallets",
      "candidateElements" : [ {
        "top" : 239,
        "left" : 56,
        "xpath" : "/HTML[1]/BODY[1]/DIV[1]/DIV[2]/DIV[3]/DIV[1]/DIV[1]/DIV[2]/DIV[1]/DIV[2]/UL[1]/LI[1]/A[1]",
        "width" : 688,
        "height" : 40
      }, {
        "top" : 281,
        "left" : 56,
        "xpath" : "/HTML[1]/BODY[1]/DIV[1]/DIV[2]/DIV[3]/DIV[1]/DIV[1]/DIV[2]/DIV[1]/DIV[2]/UL[1]/LI[2]/A[1]",
        "width" : 688,
        "height" : 40
      }, {
        "top" : 412,
        "left" : 56,
        "xpath" : "/HTML[1]/BODY[1]/DIV[1]/DIV[2]/DIV[3]/DIV[1]/DIV[1]/DIV[2]/DIV[2]/DIV[2]/UL[1]/LI[1]/A[1]",
        "width" : 688,
        "height" : 40
      }, {
        "top" : 454,
        "left" : 56,
        "xpath" : "/HTML[1]/BODY[1]/DIV[1]/DIV[2]/DIV[3]/DIV[1]/DIV[1]/DIV[2]/DIV[2]/DIV[2]/UL[1]/LI[2]/A[1]",
        "width" : 688,
        "height" : 40
      }, {
        "top" : 496,
        "left" : 56,
        "xpath" : "/HTML[1]/BODY[1]/DIV[1]/DIV[2]/DIV[3]/DIV[1]/DIV[1]/DIV[2]/DIV[2]/DIV[2]/UL[1]/LI[3]/A[1]",
        "width" : 688,
        "height" : 40
      }, {
        "top" : 223,
        "left" : 116,
        "xpath" : "/HTML[1]/BODY[1]/DIV[3]/DIV[1]/DIV[1]/DIV[1]/DIV[2]/FORM[1]/FIELDSET[1]/DIV[4]/INPUT[1]",
        "width" : 52,
        "height" : 34
      } ],
      "fanIn" : 1,
      "fanOut" : 1,
      "id" : 16,
      "failedEvents" : [ "xpath /HTML[1]/BODY[1]/DIV[1]/DIV[2]/DIV[3]/DIV[1]/DIV[1]/DIV[2]/DIV[1]/DIV[2]/UL[1]/LI[1]/A[1]", "xpath /HTML[1]/BODY[1]/DIV[1]/DIV[2]/DIV[3]/DIV[1]/DIV[1]/DIV[2]/DIV[1]/DIV[2]/UL[1]/LI[2]/A[1]", "xpath /HTML[1]/BODY[1]/DIV[1]/DIV[2]/DIV[3]/DIV[1]/DIV[1]/DIV[2]/DIV[2]/DIV[2]/UL[1]/LI[1]/A[1]", "xpath /HTML[1]/BODY[1]/DIV[1]/DIV[2]/DIV[3]/DIV[1]/DIV[1]/DIV[2]/DIV[2]/DIV[2]/UL[1]/LI[2]/A[1]", "xpath /HTML[1]/BODY[1]/DIV[1]/DIV[2]/DIV[3]/DIV[1]/DIV[1]/DIV[2]/DIV[2]/DIV[2]/UL[1]/LI[3]/A[1]" ],
      "hasNearDuplicate" : false,
      "distToNearestState" : -1.0,
      "cluster" : -1,
      "timeAdded" : 1661413872252,
      "nearestState" : "state15"
    },
    "state15" : {
      "name" : "state15",
      "url" : "http://localhost:3000/wallets",
      "candidateElements" : [ {
        "top" : 127,
        "left" : 183,
        "xpath" : "/HTML[1]/BODY[1]/DIV[1]/DIV[2]/DIV[3]/DIV[1]/DIV[1]/DIV[1]/DIV[1]/A[1]",
        "width" : 34,
        "height" : 22
      }, {
        "top" : 239,
        "left" : 56,
        "xpath" : "/HTML[1]/BODY[1]/DIV[1]/DIV[2]/DIV[3]/DIV[1]/DIV[1]/DIV[2]/DIV[1]/DIV[2]/UL[1]/LI[1]/A[1]",
        "width" : 688,
        "height" : 40
      }, {
        "top" : 281,
        "left" : 56,
        "xpath" : "/HTML[1]/BODY[1]/DIV[1]/DIV[2]/DIV[3]/DIV[1]/DIV[1]/DIV[2]/DIV[1]/DIV[2]/UL[1]/LI[2]/A[1]",
        "width" : 688,
        "height" : 40
      }, {
        "top" : 412,
        "left" : 56,
        "xpath" : "/HTML[1]/BODY[1]/DIV[1]/DIV[2]/DIV[3]/DIV[1]/DIV[1]/DIV[2]/DIV[2]/DIV[2]/UL[1]/LI[1]/A[1]",
        "width" : 688,
        "height" : 40
      }, {
        "top" : 454,
        "left" : 56,
        "xpath" : "/HTML[1]/BODY[1]/DIV[1]/DIV[2]/DIV[3]/DIV[1]/DIV[1]/DIV[2]/DIV[2]/DIV[2]/UL[1]/LI[2]/A[1]",
        "width" : 688,
        "height" : 40
      }, {
        "top" : 496,
        "left" : 56,
        "xpath" : "/HTML[1]/BODY[1]/DIV[1]/DIV[2]/DIV[3]/DIV[1]/DIV[1]/DIV[2]/DIV[2]/DIV[2]/UL[1]/LI[3]/A[1]",
        "width" : 688,
        "height" : 40
      } ],
      "fanIn" : 1,
      "fanOut" : 1,
      "id" : 15,
      "failedEvents" : [ ],
      "hasNearDuplicate" : false,
      "distToNearestState" : -1.0,
      "cluster" : -1,
      "timeAdded" : 1661413866952,
      "nearestState" : "state13"
    },
    "state58" : {
      "name" : "state58",
      "url" : "http://localhost:3000/wallets",
      "candidateElements" : [ {
        "top" : 410,
        "left" : 56,
        "xpath" : "/HTML[1]/BODY[1]/DIV[1]/DIV[2]/DIV[3]/DIV[1]/DIV[1]/DIV[2]/DIV[2]/DIV[2]/UL[1]/LI[1]/A[1]",
        "width" : 688,
        "height" : 40
      }, {
        "top" : 452,
        "left" : 56,
        "xpath" : "/HTML[1]/BODY[1]/DIV[1]/DIV[2]/DIV[3]/DIV[1]/DIV[1]/DIV[2]/DIV[2]/DIV[2]/UL[1]/LI[2]/A[1]",
        "width" : 688,
        "height" : 40
      }, {
        "top" : 494,
        "left" : 56,
        "xpath" : "/HTML[1]/BODY[1]/DIV[1]/DIV[2]/DIV[3]/DIV[1]/DIV[1]/DIV[2]/DIV[2]/DIV[2]/UL[1]/LI[3]/A[1]",
        "width" : 688,
        "height" : 40
      } ],
      "fanIn" : 1,
      "fanOut" : 2,
      "id" : 58,
      "failedEvents" : [ ],
      "hasNearDuplicate" : false,
      "distToNearestState" : -1.0,
      "cluster" : -1,
      "timeAdded" : 1661414024136,
      "nearestState" : "state55"
    },
    "state60" : {
      "name" : "state60",
      "url" : "http://localhost:3000/wallets",
      "candidateElements" : [ {
        "top" : 494,
        "left" : 56,
        "xpath" : "/HTML[1]/BODY[1]/DIV[1]/DIV[2]/DIV[3]/DIV[1]/DIV[1]/DIV[2]/DIV[2]/DIV[2]/UL[1]/LI[3]/A[1]",
        "width" : 688,
        "height" : 40
      } ],
      "fanIn" : 1,
      "fanOut" : 1,
      "id" : 60,
      "failedEvents" : [ ],
      "hasNearDuplicate" : false,
      "distToNearestState" : -1.0,
      "cluster" : -1,
      "timeAdded" : 1661414030729,
      "nearestState" : "state58"
    },
    "state81" : {
      "name" : "state81",
      "url" : "http://localhost:3000/wallets",
      "candidateElements" : [ ],
      "fanIn" : 0,
      "fanOut" : 1,
      "id" : 81,
      "failedEvents" : [ ],
      "hasNearDuplicate" : false,
      "distToNearestState" : -1.0,
      "cluster" : -1,
      "timeAdded" : 1661414120032,
      "nearestState" : "state80"
    },
    "state80" : {
      "name" : "state80",
      "url" : "http://localhost:3000/wallets",
      "candidateElements" : [ ],
      "fanIn" : 1,
      "fanOut" : 0,
      "id" : 80,
      "failedEvents" : [ ],
      "hasNearDuplicate" : false,
      "distToNearestState" : -1.0,
      "cluster" : -1,
      "timeAdded" : 1661414113996,
      "nearestState" : "state76"
    },
    "state20" : {
      "name" : "state20",
      "url" : "http://localhost:3000/wallets/2",
      "candidateElements" : [ {
        "top" : 64,
        "left" : 115,
        "xpath" : "/HTML[1]/BODY[1]/DIV[1]/DIV[2]/DIV[2]/DIV[1]/UL[1]/LI[2]/A[1]",
        "width" : 45,
        "height" : 17
      }, {
        "top" : 656,
        "left" : 56,
        "xpath" : "/HTML[1]/BODY[1]/DIV[1]/DIV[2]/DIV[2]/DIV[1]/DIV[1]/DIV[3]/DIV[1]/DIV[1]/DIV[2]/A[1]",
        "width" : 688,
        "height" : 34
      }, {
        "top" : 209,
        "left" : 56,
        "xpath" : "/HTML[1]/BODY[1]/DIV[1]/DIV[2]/DIV[2]/DIV[1]/DIV[1]/DIV[1]/DIV[1]/DIV[2]/BUTTON[1]",
        "width" : 688,
        "height" : 34
      }, {
        "top" : 520,
        "left" : 56,
        "xpath" : "/HTML[1]/BODY[1]/DIV[1]/DIV[2]/DIV[2]/DIV[1]/DIV[1]/DIV[2]/DIV[1]/DIV[2]/DIV[1]/DIV[4]/BUTTON[1]",
        "width" : 688,
        "height" : 30
      } ],
      "fanIn" : 1,
      "fanOut" : 1,
      "id" : 20,
      "failedEvents" : [ "xpath /HTML[1]/BODY[1]/DIV[1]/DIV[2]/DIV[2]/DIV[1]/UL[1]/LI[2]/A[1]" ],
      "hasNearDuplicate" : false,
      "distToNearestState" : -1.0,
      "cluster" : -1,
      "timeAdded" : 1661413903534,
      "nearestState" : "state19"
    },
    "state64" : {
      "name" : "state64",
      "url" : "http://localhost:3000/wallets",
      "candidateElements" : [ {
        "top" : 122,
        "left" : 453,
        "xpath" : "/HTML[1]/BODY[1]/DIV[1]/DIV[2]/DIV[3]/DIV[1]/DIV[1]/DIV[1]/DIV[1]/A[1]/DIV[2]/BUTTON[1]",
        "width" : 52,
        "height" : 22
      }, {
        "top" : 122,
        "left" : 509,
        "xpath" : "/HTML[1]/BODY[1]/DIV[1]/DIV[2]/DIV[3]/DIV[1]/DIV[1]/DIV[1]/DIV[1]/A[1]/DIV[2]/BUTTON[2]",
        "width" : 48,
        "height" : 22
      }, {
        "top" : 122,
        "left" : 561,
        "xpath" : "/HTML[1]/BODY[1]/DIV[1]/DIV[2]/DIV[3]/DIV[1]/DIV[1]/DIV[1]/DIV[1]/A[1]/DIV[2]/BUTTON[3]",
        "width" : 126,
        "height" : 22
      } ],
      "fanIn" : 2,
      "fanOut" : 2,
      "id" : 64,
      "failedEvents" : [ ],
      "hasNearDuplicate" : false,
      "distToNearestState" : -1.0,
      "cluster" : -1,
      "timeAdded" : 1661414044757,
      "nearestState" : "state61"
    },
    "state61" : {
      "name" : "state61",
      "url" : "http://localhost:3000/wallets",
      "candidateElements" : [ ],
      "fanIn" : 2,
      "fanOut" : 0,
      "id" : 61,
      "failedEvents" : [ ],
      "hasNearDuplicate" : false,
      "distToNearestState" : -1.0,
      "cluster" : -1,
      "timeAdded" : 1661414035671,
      "nearestState" : "state60"
    },
    "index" : {
      "name" : "index",
      "url" : "http://localhost:3000",
      "candidateElements" : [ {
        "top" : 0,
        "left" : 40,
        "xpath" : "/HTML[1]/BODY[1]/DIV[1]/DIV[1]/DIV[1]/DIV[1]/A[1]",
        "width" : 123,
        "height" : 46
      }, {
        "top" : 0,
        "left" : 355,
        "xpath" : "/HTML[1]/BODY[1]/DIV[1]/DIV[1]/DIV[1]/DIV[2]/UL[1]/LI[1]/A[1]",
        "width" : 68,
        "height" : 45
      }, {
        "top" : 0,
        "left" : 554,
        "xpath" : "/HTML[1]/BODY[1]/DIV[1]/DIV[1]/DIV[1]/DIV[2]/UL[1]/LI[6]/A[1]",
        "width" : 82,
        "height" : 45
      }, {
        "top" : 0,
        "left" : 636,
        "xpath" : "/HTML[1]/BODY[1]/DIV[1]/DIV[1]/DIV[1]/DIV[2]/UL[1]/LI[7]/A[1]",
        "width" : 73,
        "height" : 45
      } ],
      "fanIn" : 0,
      "fanOut" : 1,
      "id" : 0,
      "failedEvents" : [ ],
      "hasNearDuplicate" : false,
      "distToNearestState" : -1.0,
      "cluster" : -1,
      "timeAdded" : 1661413812927,
      "nearestState" : "null"
    },
    "state24" : {
      "name" : "state24",
      "url" : "http://localhost:3000/plans",
      "candidateElements" : [ {
        "top" : 195,
        "left" : 415,
        "xpath" : "/HTML[1]/BODY[1]/DIV[1]/DIV[2]/DIV[3]/DIV[1]/DIV[2]/DIV[1]/DIV[1]/DIV[2]/DIV[1]/DIV[2]/DIV[1]/A[1]",
        "width" : 329,
        "height" : 42
      }, {
        "top" : 257,
        "left" : 56,
        "xpath" : "/HTML[1]/BODY[1]/DIV[1]/DIV[2]/DIV[3]/DIV[1]/DIV[2]/DIV[1]/DIV[1]/DIV[2]/BUTTON[1]",
        "width" : 58,
        "height" : 34
      }, {
        "top" : 257,
        "left" : 117,
        "xpath" : "/HTML[1]/BODY[1]/DIV[1]/DIV[2]/DIV[3]/DIV[1]/DIV[2]/DIV[1]/DIV[1]/DIV[2]/BUTTON[2]",
        "width" : 55,
        "height" : 34
      } ],
      "fanIn" : 2,
      "fanOut" : 2,
      "id" : 24,
      "failedEvents" : [ ],
      "hasNearDuplicate" : false,
      "distToNearestState" : -1.0,
      "cluster" : -1,
      "timeAdded" : 1661413919604,
      "nearestState" : "state23"
    },
    "state23" : {
      "name" : "state23",
      "url" : "http://localhost:3000/plans",
      "candidateElements" : [ {
        "top" : 195,
        "left" : 415,
        "xpath" : "/HTML[1]/BODY[1]/DIV[1]/DIV[2]/DIV[3]/DIV[1]/DIV[2]/DIV[1]/DIV[1]/DIV[2]/DIV[1]/DIV[2]/DIV[1]/A[1]",
        "width" : 329,
        "height" : 42
      }, {
        "top" : 257,
        "left" : 56,
        "xpath" : "/HTML[1]/BODY[1]/DIV[1]/DIV[2]/DIV[3]/DIV[1]/DIV[2]/DIV[1]/DIV[1]/DIV[2]/BUTTON[1]",
        "width" : 58,
        "height" : 34
      }, {
        "top" : 257,
        "left" : 117,
        "xpath" : "/HTML[1]/BODY[1]/DIV[1]/DIV[2]/DIV[3]/DIV[1]/DIV[2]/DIV[1]/DIV[1]/DIV[2]/BUTTON[2]",
        "width" : 55,
        "height" : 34
      } ],
      "fanIn" : 1,
      "fanOut" : 1,
      "id" : 23,
      "failedEvents" : [ ],
      "hasNearDuplicate" : false,
      "distToNearestState" : -1.0,
      "cluster" : -1,
      "timeAdded" : 1661413916473,
      "nearestState" : "state22"
    },
    "state67" : {
      "name" : "state67",
      "url" : "http://localhost:3000/wallets",
      "candidateElements" : [ {
        "top" : 122,
        "left" : 561,
        "xpath" : "/HTML[1]/BODY[1]/DIV[1]/DIV[2]/DIV[3]/DIV[1]/DIV[1]/DIV[1]/DIV[1]/A[1]/DIV[2]/BUTTON[3]",
        "width" : 126,
        "height" : 22
      }, {
        "top" : 270,
        "left" : 116,
        "xpath" : "/HTML[1]/BODY[1]/DIV[3]/DIV[1]/DIV[1]/DIV[1]/DIV[2]/FORM[1]/FIELDSET[1]/DIV[4]/INPUT[1]",
        "width" : 57,
        "height" : 34
      } ],
      "fanIn" : 2,
      "fanOut" : 1,
      "id" : 67,
      "failedEvents" : [ "xpath /HTML[1]/BODY[1]/DIV[1]/DIV[2]/DIV[3]/DIV[1]/DIV[1]/DIV[1]/DIV[1]/A[1]/DIV[2]/BUTTON[3]" ],
      "hasNearDuplicate" : false,
      "distToNearestState" : -1.0,
      "cluster" : -1,
      "timeAdded" : 1661414063030,
      "nearestState" : "state66"
    },
    "state22" : {
      "name" : "state22",
      "url" : "http://localhost:3000/plans",
      "candidateElements" : [ {
        "top" : 195,
        "left" : 415,
        "xpath" : "/HTML[1]/BODY[1]/DIV[1]/DIV[2]/DIV[3]/DIV[1]/DIV[2]/DIV[1]/DIV[1]/DIV[2]/DIV[1]/DIV[2]/DIV[1]/A[1]",
        "width" : 329,
        "height" : 42
      }, {
        "top" : 257,
        "left" : 56,
        "xpath" : "/HTML[1]/BODY[1]/DIV[1]/DIV[2]/DIV[3]/DIV[1]/DIV[2]/DIV[1]/DIV[1]/DIV[2]/BUTTON[1]",
        "width" : 58,
        "height" : 34
      }, {
        "top" : 257,
        "left" : 117,
        "xpath" : "/HTML[1]/BODY[1]/DIV[1]/DIV[2]/DIV[3]/DIV[1]/DIV[2]/DIV[1]/DIV[1]/DIV[2]/BUTTON[2]",
        "width" : 55,
        "height" : 34
      } ],
      "fanIn" : 1,
      "fanOut" : 1,
      "id" : 22,
      "failedEvents" : [ ],
      "hasNearDuplicate" : false,
      "distToNearestState" : -1.0,
      "cluster" : -1,
      "timeAdded" : 1661413913262,
      "nearestState" : "state21"
    },
    "state66" : {
      "name" : "state66",
      "url" : "http://localhost:3000/wallets",
      "candidateElements" : [ {
        "top" : 122,
        "left" : 509,
        "xpath" : "/HTML[1]/BODY[1]/DIV[1]/DIV[2]/DIV[3]/DIV[1]/DIV[1]/DIV[1]/DIV[1]/A[1]/DIV[2]/BUTTON[2]",
        "width" : 48,
        "height" : 22
      }, {
        "top" : 122,
        "left" : 561,
        "xpath" : "/HTML[1]/BODY[1]/DIV[1]/DIV[2]/DIV[3]/DIV[1]/DIV[1]/DIV[1]/DIV[1]/A[1]/DIV[2]/BUTTON[3]",
        "width" : 126,
        "height" : 22
      } ],
      "fanIn" : 2,
      "fanOut" : 2,
      "id" : 66,
      "failedEvents" : [ ],
      "hasNearDuplicate" : false,
      "distToNearestState" : -1.0,
      "cluster" : -1,
      "timeAdded" : 1661414057534,
      "nearestState" : "state65"
    },
    "state21" : {
      "name" : "state21",
      "url" : "http://localhost:3000/plans",
      "candidateElements" : [ {
        "top" : 185,
        "left" : 56,
        "xpath" : "/HTML[1]/BODY[1]/DIV[1]/DIV[2]/DIV[3]/DIV[1]/DIV[1]/DIV[1]/DIV[1]/DIV[2]/BUTTON[1]",
        "width" : 97,
        "height" : 34
      } ],
      "fanIn" : 1,
      "fanOut" : 1,
      "id" : 21,
      "failedEvents" : [ ],
      "hasNearDuplicate" : false,
      "distToNearestState" : -1.0,
      "cluster" : -1,
      "timeAdded" : 1661413910145,
      "nearestState" : "state20"
    },
    "state65" : {
      "name" : "state65",
      "url" : "http://localhost:3000/wallets",
      "candidateElements" : [ {
        "top" : 122,
        "left" : 509,
        "xpath" : "/HTML[1]/BODY[1]/DIV[1]/DIV[2]/DIV[3]/DIV[1]/DIV[1]/DIV[1]/DIV[1]/A[1]/DIV[2]/BUTTON[2]",
        "width" : 48,
        "height" : 22
      }, {
        "top" : 122,
        "left" : 561,
        "xpath" : "/HTML[1]/BODY[1]/DIV[1]/DIV[2]/DIV[3]/DIV[1]/DIV[1]/DIV[1]/DIV[1]/A[1]/DIV[2]/BUTTON[3]",
        "width" : 126,
        "height" : 22
      }, {
        "top" : 217,
        "left" : 217,
        "xpath" : "/HTML[1]/BODY[1]/DIV[3]/DIV[1]/DIV[1]/DIV[1]/FORM[1]/DIV[2]/DIV[1]/INPUT[2]",
        "width" : 70,
        "height" : 34
      }, {
        "top" : 217,
        "left" : 116,
        "xpath" : "/HTML[1]/BODY[1]/DIV[3]/DIV[1]/DIV[1]/DIV[1]/FORM[1]/DIV[2]/DIV[1]/INPUT[1]",
        "width" : 97,
        "height" : 34
      } ],
      "fanIn" : 1,
      "fanOut" : 2,
      "id" : 65,
      "failedEvents" : [ "xpath /HTML[1]/BODY[1]/DIV[1]/DIV[2]/DIV[3]/DIV[1]/DIV[1]/DIV[1]/DIV[1]/A[1]/DIV[2]/BUTTON[2]", "xpath /HTML[1]/BODY[1]/DIV[1]/DIV[2]/DIV[3]/DIV[1]/DIV[1]/DIV[1]/DIV[1]/A[1]/DIV[2]/BUTTON[3]" ],
      "hasNearDuplicate" : false,
      "distToNearestState" : -1.0,
      "cluster" : -1,
      "timeAdded" : 1661414049963,
      "nearestState" : "state64"
    },
    "state28" : {
      "name" : "state28",
      "url" : "http://localhost:3000/wallets",
      "candidateElements" : [ {
        "top" : 167,
        "left" : 56,
        "xpath" : "/HTML[1]/BODY[1]/DIV[1]/DIV[2]/DIV[3]/DIV[1]/DIV[1]/DIV[1]/DIV[1]/DIV[1]/A[1]",
        "width" : 52,
        "height" : 34
      }, {
        "top" : 287,
        "left" : 56,
        "xpath" : "/HTML[1]/BODY[1]/DIV[1]/DIV[2]/DIV[3]/DIV[1]/DIV[1]/DIV[2]/DIV[1]/DIV[2]/UL[1]/LI[1]/A[1]",
        "width" : 688,
        "height" : 40
      }, {
        "top" : 329,
        "left" : 56,
        "xpath" : "/HTML[1]/BODY[1]/DIV[1]/DIV[2]/DIV[3]/DIV[1]/DIV[1]/DIV[2]/DIV[1]/DIV[2]/UL[1]/LI[2]/A[1]",
        "width" : 688,
        "height" : 40
      }, {
        "top" : 459,
        "left" : 56,
        "xpath" : "/HTML[1]/BODY[1]/DIV[1]/DIV[2]/DIV[3]/DIV[1]/DIV[1]/DIV[2]/DIV[2]/DIV[2]/UL[1]/LI[1]/A[1]",
        "width" : 688,
        "height" : 40
      }, {
        "top" : 501,
        "left" : 56,
        "xpath" : "/HTML[1]/BODY[1]/DIV[1]/DIV[2]/DIV[3]/DIV[1]/DIV[1]/DIV[2]/DIV[2]/DIV[2]/UL[1]/LI[2]/A[1]",
        "width" : 688,
        "height" : 40
      }, {
        "top" : 543,
        "left" : 56,
        "xpath" : "/HTML[1]/BODY[1]/DIV[1]/DIV[2]/DIV[3]/DIV[1]/DIV[1]/DIV[2]/DIV[2]/DIV[2]/UL[1]/LI[3]/A[1]",
        "width" : 688,
        "height" : 40
      }, {
        "top" : 122,
        "left" : 453,
        "xpath" : "/HTML[1]/BODY[1]/DIV[1]/DIV[2]/DIV[3]/DIV[1]/DIV[1]/DIV[1]/DIV[1]/A[1]/DIV[2]/BUTTON[1]",
        "width" : 52,
        "height" : 22
      }, {
        "top" : 122,
        "left" : 509,
        "xpath" : "/HTML[1]/BODY[1]/DIV[1]/DIV[2]/DIV[3]/DIV[1]/DIV[1]/DIV[1]/DIV[1]/A[1]/DIV[2]/BUTTON[2]",
        "width" : 48,
        "height" : 22
      }, {
        "top" : 122,
        "left" : 561,
        "xpath" : "/HTML[1]/BODY[1]/DIV[1]/DIV[2]/DIV[3]/DIV[1]/DIV[1]/DIV[1]/DIV[1]/A[1]/DIV[2]/BUTTON[3]",
        "width" : 126,
        "height" : 22
      } ],
      "fanIn" : 0,
      "fanOut" : 4,
      "id" : 28,
      "failedEvents" : [ ],
      "hasNearDuplicate" : false,
      "distToNearestState" : -1.0,
      "cluster" : -1,
      "timeAdded" : 1661413931595,
      "nearestState" : "state27"
    },
    "state27" : {
      "name" : "state27",
      "url" : "http://localhost:3000/plans",
      "candidateElements" : [ ],
      "fanIn" : 1,
      "fanOut" : 0,
      "id" : 27,
      "failedEvents" : [ ],
      "hasNearDuplicate" : false,
      "distToNearestState" : -1.0,
      "cluster" : -1,
      "timeAdded" : 1661413927627,
      "nearestState" : "state25"
    },
    "state25" : {
      "name" : "state25",
      "url" : "http://localhost:3000/plans",
      "candidateElements" : [ {
        "top" : 195,
        "left" : 415,
        "xpath" : "/HTML[1]/BODY[1]/DIV[1]/DIV[2]/DIV[3]/DIV[1]/DIV[2]/DIV[1]/DIV[1]/DIV[2]/DIV[1]/DIV[2]/DIV[1]/A[1]",
        "width" : 329,
        "height" : 42
      }, {
        "top" : 257,
        "left" : 56,
        "xpath" : "/HTML[1]/BODY[1]/DIV[1]/DIV[2]/DIV[3]/DIV[1]/DIV[2]/DIV[1]/DIV[1]/DIV[2]/BUTTON[1]",
        "width" : 58,
        "height" : 34
      }, {
        "top" : 257,
        "left" : 117,
        "xpath" : "/HTML[1]/BODY[1]/DIV[1]/DIV[2]/DIV[3]/DIV[1]/DIV[2]/DIV[1]/DIV[1]/DIV[2]/BUTTON[2]",
        "width" : 55,
        "height" : 34
      } ],
      "fanIn" : 1,
      "fanOut" : 1,
      "id" : 25,
      "failedEvents" : [ ],
      "hasNearDuplicate" : false,
      "distToNearestState" : -1.0,
      "cluster" : -1,
      "timeAdded" : 1661413922771,
      "nearestState" : "state24"
    },
    "state69" : {
      "name" : "state69",
      "url" : "http://localhost:3000/wallets",
      "candidateElements" : [ {
        "top" : 338,
        "left" : 116,
        "xpath" : "/HTML[1]/BODY[1]/DIV[3]/DIV[1]/DIV[1]/DIV[1]/FORM[1]/FIELDSET[1]/DIV[2]/DIV[1]/INPUT[1]",
        "width" : 104,
        "height" : 34
      } ],
      "fanIn" : 2,
      "fanOut" : 1,
      "id" : 69,
      "failedEvents" : [ ],
      "hasNearDuplicate" : false,
      "distToNearestState" : -1.0,
      "cluster" : -1,
      "timeAdded" : 1661414071274,
      "nearestState" : "state67"
    }
  },
  "edges" : [ {
    "from" : "index",
    "to" : "state4",
    "text" : "Register",
    "id" : "xpath /HTML[1]/BODY[1]/DIV[1]/DIV[1]/DIV[1]/DIV[2]/UL[1]/LI[6]/A[1]",
    "element" : "Element{node=[A: null], tag=A, text=Register, attributes={data-i18n=Register, href=/user/registration}}",
    "eventType" : "click",
    "inputValues" : "none"
  }, {
    "from" : "state4",
    "to" : "state5",
    "text" : "Sign In",
    "id" : "xpath /HTML[1]/BODY[1]/DIV[3]/DIV[1]/DIV[1]/DIV[1]/DIV[4]/DIV[1]/A[1]",
    "element" : "Element{node=[A: null], tag=A, text=Sign In, attributes={class=btn btn-default btn-sm, href=http://localhost:3000/user/signin}}",
    "eventType" : "click",
    "inputValues" : "id##input_login##foo@bar.com:id##input_email##foo@bar.com:xpath##/HTML[1]/BODY[1]/DIV[3]/DIV[1]/DIV[1]/DIV[1]/DIV[2]/FORM[1]/FIELDSET[1]/DIV[3]/INPUT[1]##foobar123"
  }, {
    "from" : "state5",
    "to" : "state4",
    "text" : "Register",
    "id" : "xpath /HTML[1]/BODY[1]/DIV[3]/DIV[1]/DIV[1]/DIV[1]/DIV[3]/A[1]",
    "element" : "Element{node=[A: null], tag=A, text=Register, attributes={class=btn btn-default btn-sm, href=http://localhost:3000/user/registration}}",
    "eventType" : "click",
    "inputValues" : "id##input_username##foo@bar.com,asd@asd.com:xpath##/HTML[1]/BODY[1]/DIV[3]/DIV[1]/DIV[1]/DIV[1]/DIV[2]/FORM[1]/FIELDSET[1]/DIV[2]/INPUT[1]##foobar123,adminadmin"
  }, {
    "from" : "state4",
    "to" : "state7",
    "text" : "×",
    "id" : "xpath /HTML[1]/BODY[1]/DIV[3]/DIV[1]/DIV[1]/DIV[1]/DIV[1]/BUTTON[1]",
    "element" : "Element{node=[BUTTON: null], tag=BUTTON, text=×, attributes={aria-hidden=true, class=close, data-dismiss=modal, type=button}}",
    "eventType" : "click",
    "inputValues" : "id##input_login##foo@bar.com:id##input_email##foo@bar.com:xpath##/HTML[1]/BODY[1]/DIV[3]/DIV[1]/DIV[1]/DIV[1]/DIV[2]/FORM[1]/FIELDSET[1]/DIV[3]/INPUT[1]##foobar123"
  }, {
    "from" : "state7",
    "to" : "state5",
    "text" : "Sign In",
    "id" : "xpath /HTML[1]/BODY[1]/DIV[1]/DIV[1]/DIV[1]/DIV[2]/UL[1]/LI[7]/A[1]",
    "element" : "Element{node=[A: null], tag=A, text=Sign In, attributes={class=signin_caller, data-i18n=Sign In, href=/user/signin}}",
    "eventType" : "click",
    "inputValues" : "none"
  }, {
    "from" : "state5",
    "to" : "state9",
    "text" : "Restore your password",
    "id" : "xpath /HTML[1]/BODY[1]/DIV[3]/DIV[1]/DIV[1]/DIV[1]/DIV[3]/A[2]",
    "element" : "Element{node=[A: null], tag=A, text=Restore your password, attributes={class=btn btn-default btn-sm, href=http://localhost:3000/user/restore}}",
    "eventType" : "click",
    "inputValues" : "id##input_username##foo@bar.com,asd@asd.com:xpath##/HTML[1]/BODY[1]/DIV[3]/DIV[1]/DIV[1]/DIV[1]/DIV[2]/FORM[1]/FIELDSET[1]/DIV[2]/INPUT[1]##foobar123,adminadmin"
  }, {
    "from" : "state9",
    "to" : "state4",
    "text" : "Register",
    "id" : "xpath /HTML[1]/BODY[1]/DIV[3]/DIV[1]/DIV[1]/DIV[1]/DIV[4]/DIV[1]/A[1]",
    "element" : "Element{node=[A: null], tag=A, text=Register, attributes={class=btn btn-default btn-sm, href=http://localhost:3000/user/registration}}",
    "eventType" : "click",
    "inputValues" : "id##input_email##foo@bar.com"
  }, {
    "from" : "state4",
    "to" : "state11",
    "text" : "",
    "id" : "xpath /HTML[1]/BODY[1]/DIV[3]/DIV[1]/DIV[1]/DIV[1]/DIV[2]/FORM[1]/FIELDSET[1]/DIV[5]/INPUT[1]",
    "element" : "Element{node=[INPUT: null], tag=INPUT, text=, attributes={class=btn btn-primary pull-left, data-loading-text=Registration..., id=registration_modal_form_submit, type=submit, value=Sign Up}}",
    "eventType" : "click",
    "inputValues" : "id##input_login##foo@bar.com:id##input_email##foo@bar.com:xpath##/HTML[1]/BODY[1]/DIV[3]/DIV[1]/DIV[1]/DIV[1]/DIV[2]/FORM[1]/FIELDSET[1]/DIV[3]/INPUT[1]##foobar123"
  }, {
    "from" : "state11",
    "to" : "state13",
    "text" : "Goals",
    "id" : "xpath /HTML[1]/BODY[1]/DIV[1]/DIV[1]/DIV[1]/DIV[2]/UL[1]/LI[3]/A[1]",
    "element" : "Element{node=[A: null], tag=A, text=Goals, attributes={class=menu_category menu_category_wallets, data-i18n=Goals, href=/plans}}",
    "eventType" : "click",
    "inputValues" : "none"
  }, {
    "from" : "state13",
    "to" : "state11",
    "text" : "Home",
    "id" : "xpath /HTML[1]/BODY[1]/DIV[1]/DIV[2]/DIV[3]/DIV[1]/UL[1]/LI[1]/A[1]",
    "element" : "Element{node=[A: null], tag=A, text=Home, attributes={href=http://localhost:3000}}",
    "eventType" : "click",
    "inputValues" : "xpath##/HTML[1]/BODY[1]/DIV[1]/DIV[2]/DIV[3]/DIV[1]/DIV[2]/DIV[1]/DIV[1]/DIV[2]/DIV[1]/DIV[1]/DIV[1]/INPUT[1]##great plan,ooooohhh,plan name:id##input_goal_balance##100:id##input_start_currency##United States Dollar:id##input_goal_currency##United States Dollar"
  }, {
    "from" : "state11",
    "to" : "state15",
    "text" : "Home",
    "id" : "xpath /HTML[1]/BODY[1]/DIV[1]/DIV[2]/DIV[2]/DIV[1]/UL[1]/LI[1]/A[1]",
    "element" : "Element{node=[A: null], tag=A, text=Home, attributes={href=http://localhost:3000}}",
    "eventType" : "click",
    "inputValues" : "none"
  }, {
    "from" : "state15",
    "to" : "state16",
    "text" : "Add",
    "id" : "xpath /HTML[1]/BODY[1]/DIV[1]/DIV[2]/DIV[3]/DIV[1]/DIV[1]/DIV[1]/DIV[1]/A[1]",
    "element" : "Element{node=[A: null], tag=A, text=Add, attributes={class=btn btn-primary btn-xs, href=http://localhost:3000/wallets/add, id=add_wallet_button}}",
    "eventType" : "click",
    "inputValues" : "none"
  }, {
    "from" : "state16",
    "to" : "state17",
    "text" : "",
    "id" : "xpath /HTML[1]/BODY[1]/DIV[3]/DIV[1]/DIV[1]/DIV[1]/DIV[2]/FORM[1]/FIELDSET[1]/DIV[4]/INPUT[1]",
    "element" : "Element{node=[INPUT: null], tag=INPUT, text=, attributes={class=btn btn-primary pull-left, data-loading-text=Saving..., id=add_wallet_modal_form_submit, type=submit, value=Add}}",
    "eventType" : "click",
    "inputValues" : "xpath##/HTML[1]/BODY[1]/DIV[3]/DIV[1]/DIV[1]/DIV[1]/DIV[2]/FORM[1]/FIELDSET[1]/DIV[1]/INPUT[1]##Personal,Yours,Mine,Lucky you,Others:id##input_currency##United States Dollar"
  }, {
    "from" : "state17",
    "to" : "state18",
    "text" : "$0.00 Hide Edit Manage AccessesPersonal",
    "id" : "xpath /HTML[1]/BODY[1]/DIV[1]/DIV[2]/DIV[3]/DIV[1]/DIV[1]/DIV[1]/DIV[1]/A[1]",
    "element" : "Element{node=[A: null], tag=A, text=$0.00 Hide Edit Manage AccessesPersonal, attributes={class=list-group-item item, data-id=2, href=http://localhost:3000/wallets/2}}",
    "eventType" : "click",
    "inputValues" : "none"
  }, {
    "from" : "state18",
    "to" : "state19",
    "text" : "set total to",
    "id" : "xpath /HTML[1]/BODY[1]/DIV[1]/DIV[2]/DIV[2]/DIV[1]/DIV[1]/DIV[1]/DIV[1]/DIV[2]/DIV[1]/A[1]",
    "element" : "Element{node=[A: null], tag=A, text=set total to, attributes={class=action, href=#, id=set_total_to_button}}",
    "eventType" : "click",
    "inputValues" : "id##add_transaction_text##transaction:id##add_transaction_amount##20"
  }, {
    "from" : "state19",
    "to" : "state20",
    "text" : "",
    "id" : "xpath /HTML[1]/BODY[1]/DIV[3]/DIV[1]/DIV[1]/DIV[1]/DIV[2]/FORM[1]/FIELDSET[1]/DIV[3]/INPUT[1]",
    "element" : "Element{node=[INPUT: null], tag=INPUT, text=, attributes={class=btn btn-primary pull-left, data-loading-text=Saving..., type=submit, value=Set}}",
    "eventType" : "click",
    "inputValues" : "id##add_transaction_text##transaction:id##add_transaction_amount##20:id##input_total##500,1000,100,5000,10"
  }, {
    "from" : "state20",
    "to" : "state21",
    "text" : "Set Goal",
    "id" : "xpath /HTML[1]/BODY[1]/DIV[1]/DIV[2]/DIV[2]/DIV[1]/DIV[1]/DIV[3]/DIV[1]/DIV[1]/DIV[2]/A[1]",
    "element" : "Element{node=[A: null], tag=A, text=Set Goal, attributes={class=btn btn-default btn-block, href=http://localhost:3000/plans}}",
    "eventType" : "click",
    "inputValues" : "id##add_transaction_text##transaction:id##add_transaction_amount##20"
  }, {
    "from" : "state21",
    "to" : "state22",
    "text" : "Create new",
    "id" : "xpath /HTML[1]/BODY[1]/DIV[1]/DIV[2]/DIV[3]/DIV[1]/DIV[1]/DIV[1]/DIV[1]/DIV[2]/BUTTON[1]",
    "element" : "Element{node=[BUTTON: null], tag=BUTTON, text=Create new, attributes={class=btn btn-primary, id=button_create_new, type=submit}}",
    "eventType" : "click",
    "inputValues" : "xpath##/HTML[1]/BODY[1]/DIV[1]/DIV[2]/DIV[3]/DIV[1]/DIV[2]/DIV[1]/DIV[1]/DIV[2]/DIV[1]/DIV[1]/DIV[1]/INPUT[1]##great plan,ooooohhh,plan name:id##input_goal_balance##100:id##input_start_currency##United States Dollar:id##input_goal_currency##United States Dollar"
  }, {
    "from" : "state22",
    "to" : "state23",
    "text" : "Personal ",
    "id" : "xpath /HTML[1]/BODY[1]/DIV[1]/DIV[2]/DIV[3]/DIV[1]/DIV[2]/DIV[1]/DIV[1]/DIV[2]/DIV[1]/DIV[2]/DIV[1]/A[1]",
    "element" : "Element{node=[A: null], tag=A, text=Personal , attributes={class=list-group-item step1_wallet_checkbox , data-id=2, href=#}}",
    "eventType" : "click",
    "inputValues" : "xpath##/HTML[1]/BODY[1]/DIV[1]/DIV[2]/DIV[3]/DIV[1]/DIV[2]/DIV[1]/DIV[1]/DIV[2]/DIV[1]/DIV[1]/DIV[1]/INPUT[1]##great plan,ooooohhh,plan name:id##input_goal_balance##100:id##input_start_currency##United States Dollar:id##input_goal_currency##United States Dollar"
  }, {
    "from" : "state23",
    "to" : "state24",
    "text" : "Personal ",
    "id" : "xpath /HTML[1]/BODY[1]/DIV[1]/DIV[2]/DIV[3]/DIV[1]/DIV[2]/DIV[1]/DIV[1]/DIV[2]/DIV[1]/DIV[2]/DIV[1]/A[1]",
    "element" : "Element{node=[A: null], tag=A, text=Personal , attributes={class=list-group-item step1_wallet_checkbox  active, data-id=2, href=#}}",
    "eventType" : "click",
    "inputValues" : "xpath##/HTML[1]/BODY[1]/DIV[1]/DIV[2]/DIV[3]/DIV[1]/DIV[2]/DIV[1]/DIV[1]/DIV[2]/DIV[1]/DIV[1]/DIV[1]/INPUT[1]##great plan,ooooohhh,plan name:id##input_goal_balance##100:id##input_start_currency##United States Dollar:id##input_goal_currency##United States Dollar"
  }, {
    "from" : "state24",
    "to" : "state25",
    "text" : "Personal ",
    "id" : "xpath /HTML[1]/BODY[1]/DIV[1]/DIV[2]/DIV[3]/DIV[1]/DIV[2]/DIV[1]/DIV[1]/DIV[2]/DIV[1]/DIV[2]/DIV[1]/A[1]",
    "element" : "Element{node=[A: null], tag=A, text=Personal , attributes={class=list-group-item step1_wallet_checkbox, data-id=2, href=#}}",
    "eventType" : "click",
    "inputValues" : "xpath##/HTML[1]/BODY[1]/DIV[1]/DIV[2]/DIV[3]/DIV[1]/DIV[2]/DIV[1]/DIV[1]/DIV[2]/DIV[1]/DIV[1]/DIV[1]/INPUT[1]##great plan,ooooohhh,plan name:id##input_goal_balance##100:id##input_start_currency##United States Dollar:id##input_goal_currency##United States Dollar"
  }, {
    "from" : "state25",
    "to" : "state24",
    "text" : "Personal ",
    "id" : "xpath /HTML[1]/BODY[1]/DIV[1]/DIV[2]/DIV[3]/DIV[1]/DIV[2]/DIV[1]/DIV[1]/DIV[2]/DIV[1]/DIV[2]/DIV[1]/A[1]",
    "element" : "Element{node=[A: null], tag=A, text=Personal , attributes={class=list-group-item step1_wallet_checkbox active, data-id=2, href=#}}",
    "eventType" : "click",
    "inputValues" : "xpath##/HTML[1]/BODY[1]/DIV[1]/DIV[2]/DIV[3]/DIV[1]/DIV[2]/DIV[1]/DIV[1]/DIV[2]/DIV[1]/DIV[1]/DIV[1]/INPUT[1]##great plan,ooooohhh,plan name:id##input_goal_balance##100:id##input_start_currency##United States Dollar:id##input_goal_currency##United States Dollar"
  }, {
    "from" : "state24",
    "to" : "state27",
    "text" : "Back",
    "id" : "xpath /HTML[1]/BODY[1]/DIV[1]/DIV[2]/DIV[3]/DIV[1]/DIV[2]/DIV[1]/DIV[1]/DIV[2]/BUTTON[1]",
    "element" : "Element{node=[BUTTON: null], tag=BUTTON, text=Back, attributes={class=btn btn-default, id=button_step1_back, type=submit}}",
    "eventType" : "click",
    "inputValues" : "xpath##/HTML[1]/BODY[1]/DIV[1]/DIV[2]/DIV[3]/DIV[1]/DIV[2]/DIV[1]/DIV[1]/DIV[2]/DIV[1]/DIV[1]/DIV[1]/INPUT[1]##great plan,ooooohhh,plan name:id##input_goal_balance##100:id##input_start_currency##United States Dollar:id##input_goal_currency##United States Dollar"
  }, {
    "from" : "state28",
    "to" : "state55",
    "text" : "Add",
    "id" : "xpath /HTML[1]/BODY[1]/DIV[1]/DIV[2]/DIV[3]/DIV[1]/DIV[1]/DIV[1]/DIV[1]/DIV[1]/A[1]",
    "element" : "Element{node=[A: null], tag=A, text=Add, attributes={class=btn btn-primary, href=http://localhost:3000/wallets/add, id=add_wallet_button}}",
    "eventType" : "click",
    "inputValues" : "none"
  }, {
    "from" : "state28",
    "to" : "state58",
    "text" : "Trash",
    "id" : "xpath /HTML[1]/BODY[1]/DIV[1]/DIV[2]/DIV[3]/DIV[1]/DIV[1]/DIV[2]/DIV[1]/DIV[2]/UL[1]/LI[2]/A[1]",
    "element" : "Element{node=[A: null], tag=A, text=Trash, attributes={class=filter_menu, data-status=hidden, href=#}}",
    "eventType" : "click",
    "inputValues" : "none"
  }, {
    "from" : "state58",
    "to" : "state60",
    "text" : "Yours",
    "id" : "xpath /HTML[1]/BODY[1]/DIV[1]/DIV[2]/DIV[3]/DIV[1]/DIV[1]/DIV[2]/DIV[2]/DIV[2]/UL[1]/LI[2]/A[1]",
    "element" : "Element{node=[A: null], tag=A, text=Yours, attributes={class=origin_menu, data-origin=mine, href=#}}",
    "eventType" : "click",
    "inputValues" : "none"
  }, {
    "from" : "state60",
    "to" : "state61",
    "text" : "Shared with you",
    "id" : "xpath /HTML[1]/BODY[1]/DIV[1]/DIV[2]/DIV[3]/DIV[1]/DIV[1]/DIV[2]/DIV[2]/DIV[2]/UL[1]/LI[3]/A[1]",
    "element" : "Element{node=[A: null], tag=A, text=Shared with you, attributes={class=origin_menu, data-origin=shared, href=#}}",
    "eventType" : "click",
    "inputValues" : "none"
  }, {
    "from" : "state28",
    "to" : "state64",
    "text" : "Yours",
    "id" : "xpath /HTML[1]/BODY[1]/DIV[1]/DIV[2]/DIV[3]/DIV[1]/DIV[1]/DIV[2]/DIV[2]/DIV[2]/UL[1]/LI[2]/A[1]",
    "element" : "Element{node=[A: null], tag=A, text=Yours, attributes={class=origin_menu, data-origin=mine, href=#}}",
    "eventType" : "click",
    "inputValues" : "none"
  }, {
    "from" : "state64",
    "to" : "state65",
    "text" : "Hide",
    "id" : "xpath /HTML[1]/BODY[1]/DIV[1]/DIV[2]/DIV[3]/DIV[1]/DIV[1]/DIV[1]/DIV[1]/A[1]/DIV[2]/BUTTON[1]",
    "element" : "Element{node=[BUTTON: null], tag=BUTTON, text=Hide, attributes={class=btn btn-default btn-xs item_button_remove}}",
    "eventType" : "click",
    "inputValues" : "none"
  }, {
    "from" : "state65",
    "to" : "state66",
    "text" : "",
    "id" : "xpath /HTML[1]/BODY[1]/DIV[3]/DIV[1]/DIV[1]/DIV[1]/FORM[1]/DIV[2]/DIV[1]/INPUT[2]",
    "element" : "Element{node=[INPUT: null], tag=INPUT, text=, attributes={class=btn btn-primary pull-left, data-loading-text=Canceling..., type=submit, value=Cancel}}",
    "eventType" : "click",
    "inputValues" : "none"
  }, {
    "from" : "state66",
    "to" : "state67",
    "text" : "Edit",
    "id" : "xpath /HTML[1]/BODY[1]/DIV[1]/DIV[2]/DIV[3]/DIV[1]/DIV[1]/DIV[1]/DIV[1]/A[1]/DIV[2]/BUTTON[2]",
    "element" : "Element{node=[BUTTON: null], tag=BUTTON, text=Edit, attributes={class=btn btn-default btn-xs item_button_edit}}",
    "eventType" : "click",
    "inputValues" : "none"
  }, {
    "from" : "state67",
    "to" : "state66",
    "text" : "",
    "id" : "xpath /HTML[1]/BODY[1]/DIV[3]/DIV[1]/DIV[1]/DIV[1]/DIV[2]/FORM[1]/FIELDSET[1]/DIV[4]/INPUT[1]",
    "element" : "Element{node=[INPUT: null], tag=INPUT, text=, attributes={class=btn btn-primary pull-left, data-loading-text=Saving..., type=submit, value=Save}}",
    "eventType" : "click",
    "inputValues" : "xpath##/HTML[1]/BODY[1]/DIV[3]/DIV[1]/DIV[1]/DIV[1]/DIV[2]/FORM[1]/FIELDSET[1]/DIV[1]/INPUT[1]##Personal,Yours,Mine,Lucky you,Others:id##input_currency##United States Dollar"
  }, {
    "from" : "state66",
    "to" : "state69",
    "text" : "Manage Accesses",
    "id" : "xpath /HTML[1]/BODY[1]/DIV[1]/DIV[2]/DIV[3]/DIV[1]/DIV[1]/DIV[1]/DIV[1]/A[1]/DIV[2]/BUTTON[3]",
    "element" : "Element{node=[BUTTON: null], tag=BUTTON, text=Manage Accesses, attributes={class=btn btn-default btn-xs item_button_accesses}}",
    "eventType" : "click",
    "inputValues" : "none"
  }, {
    "from" : "state69",
    "to" : "state70",
    "text" : "",
    "id" : "xpath /HTML[1]/BODY[1]/DIV[3]/DIV[1]/DIV[1]/DIV[1]/FORM[1]/FIELDSET[1]/DIV[2]/DIV[1]/INPUT[1]",
    "element" : "Element{node=[INPUT: null], tag=INPUT, text=, attributes={class=btn btn-primary pull-left, data-loading-text=Saving..., type=submit, value=Give Access}}",
    "eventType" : "click",
    "inputValues" : "id##input_email##foo@bar.com"
  }, {
    "from" : "state70",
    "to" : "state71",
    "text" : "Remove Access",
    "id" : "xpath /HTML[1]/BODY[1]/DIV[3]/DIV[1]/DIV[1]/DIV[1]/FORM[1]/FIELDSET[1]/DIV[1]/DIV[1]/TABLE[1]/TBODY[1]/TR[1]/TD[4]/DIV[1]/A[1]",
    "element" : "Element{node=[A: null], tag=A, text=Remove Access, attributes={class=btn btn-default btn-xs item_button_remove_access, data-id=1, href=#}}",
    "eventType" : "click",
    "inputValues" : "id##input_email##foo@bar.com"
  }, {
    "from" : "state71",
    "to" : "state69",
    "text" : "",
    "id" : "xpath /HTML[1]/BODY[1]/DIV[3]/DIV[1]/DIV[1]/DIV[1]/FORM[1]/DIV[2]/DIV[1]/INPUT[1]",
    "element" : "Element{node=[INPUT: null], tag=INPUT, text=, attributes={class=process_button btn btn-danger pull-left, data-loading-text=Removing..., type=button, value=Yes, Remove}}",
    "eventType" : "click",
    "inputValues" : "none"
  }, {
    "from" : "state58",
    "to" : "state61",
    "text" : "Shared with you",
    "id" : "xpath /HTML[1]/BODY[1]/DIV[1]/DIV[2]/DIV[3]/DIV[1]/DIV[1]/DIV[2]/DIV[2]/DIV[2]/UL[1]/LI[3]/A[1]",
    "element" : "Element{node=[A: null], tag=A, text=Shared with you, attributes={class=origin_menu, data-origin=shared, href=#}}",
    "eventType" : "click",
    "inputValues" : "none"
  }, {
    "from" : "state28",
    "to" : "state76",
    "text" : "Shared with you",
    "id" : "xpath /HTML[1]/BODY[1]/DIV[1]/DIV[2]/DIV[3]/DIV[1]/DIV[1]/DIV[2]/DIV[2]/DIV[2]/UL[1]/LI[3]/A[1]",
    "element" : "Element{node=[A: null], tag=A, text=Shared with you, attributes={class=origin_menu, data-origin=shared, href=#}}",
    "eventType" : "click",
    "inputValues" : "none"
  }, {
    "from" : "state64",
    "to" : "state67",
    "text" : "Edit",
    "id" : "xpath /HTML[1]/BODY[1]/DIV[1]/DIV[2]/DIV[3]/DIV[1]/DIV[1]/DIV[1]/DIV[1]/A[1]/DIV[2]/BUTTON[2]",
    "element" : "Element{node=[BUTTON: null], tag=BUTTON, text=Edit, attributes={class=btn btn-default btn-xs item_button_edit}}",
    "eventType" : "click",
    "inputValues" : "none"
  }, {
    "from" : "state65",
    "to" : "state80",
    "text" : "",
    "id" : "xpath /HTML[1]/BODY[1]/DIV[3]/DIV[1]/DIV[1]/DIV[1]/FORM[1]/DIV[2]/DIV[1]/INPUT[1]",
    "element" : "Element{node=[INPUT: null], tag=INPUT, text=, attributes={class=process_button btn btn-danger pull-left, data-loading-text=Removing..., type=button, value=Yes, Hide It}}",
    "eventType" : "click",
    "inputValues" : "none"
  }, {
    "from" : "state81",
    "to" : "state64",
    "text" : "Yours",
    "id" : "xpath /HTML[1]/BODY[1]/DIV[1]/DIV[2]/DIV[3]/DIV[1]/DIV[1]/DIV[2]/DIV[2]/DIV[2]/UL[1]/LI[2]/A[1]",
    "element" : "Element{node=[A: null], tag=A, text=Yours, attributes={class=origin_menu, data-origin=mine, href=#}}",
    "eventType" : "click",
    "inputValues" : "none"
  } ],
  "statistics" : {
    "duration" : "5 minutes 24 seconds",
    "crawlPaths" : 8,
    "averageDomSize" : "14.958 kB",
    "edges" : 41,
    "startDate" : "2022-08-25 09:50:05 CEST",
    "stateStats" : {
      "leastFanOut" : {
        "id" : "state55",
        "count" : 0
      },
      "leastFanIn" : {
        "id" : "state81",
        "count" : 0
      },
      "mostFanOut" : {
        "id" : "state28",
        "count" : 4
      },
      "mostFanIn" : {
        "id" : "state4",
        "count" : 3
      },
      "totalNumberOfStates" : 34,
      "urls" : {
        "http://localhost:3000/wallets" : [ "state71", "state70", "state11", "state55", "state76", "state17", "state16", "state15", "state58", "state60", "state81", "state80", "state64", "state61", "state67", "state66", "state65", "state28", "state69" ],
        "http://localhost:3000/" : [ "state9", "state5", "state7", "state4" ],
        "http://localhost:3000/wallets/2" : [ "state19", "state18", "state20" ],
        "http://localhost:3000/plans" : [ "state13", "state24", "state23", "state22", "state21", "state27", "state25" ],
        "http://localhost:3000" : [ "index" ]
      }
    },
    "failedEvents" : 34
  },
  "exitStatus" : "EXHAUSTED"
}