{
  "states" : {
    "index" : {
      "name" : "index",
      "url" : "http://localhost:3000/ppma/",
      "candidateElements" : [ {
        "top" : 158,
        "left" : 688,
        "xpath" : "//FORM[@id = 'login-form']/DIV[1]/DIV[2]/A[1]",
        "width" : 45,
        "height" : 32
      } ],
      "fanIn" : 0,
      "fanOut" : 1,
      "id" : 0,
      "failedEvents" : [ ],
      "hasNearDuplicate" : false,
      "distToNearestState" : -1.0,
      "cluster" : -1,
      "timeAdded" : 1661180424813,
      "nearestState" : "null"
    },
    "state5" : {
      "name" : "state5",
      "url" : "http://localhost:3000/ppma/index.php?r=tag/index",
      "candidateElements" : [ {
        "top" : 286,
        "left" : 158,
        "xpath" : "//TH[@id = 'yw1_c0']/A[1]",
        "width" : 39,
        "height" : 17
      }, {
        "top" : 0,
        "left" : 0,
        "xpath" : "//FORM[@id = 'yw0']/INPUT[2]",
        "width" : 0,
        "height" : 0
      } ],
      "fanIn" : 1,
      "fanOut" : 0,
      "id" : 5,
      "failedEvents" : [ "xpath //FORM[@id = 'yw0']/INPUT[2]" ],
      "hasNearDuplicate" : false,
      "distToNearestState" : 0.060240963855421686,
      "cluster" : -1,
      "timeAdded" : 1661180448597,
      "nearestState" : "state2"
    },
    "state8" : {
      "name" : "state8",
      "url" : "http://localhost:3000/ppma/index.php?r=settings/application",
      "candidateElements" : [ {
        "top" : 567,
        "left" : 145,
        "xpath" : "//FORM[@id = 'password-form']/INPUT[1]",
        "width" : 74,
        "height" : 37
      } ],
      "fanIn" : 1,
      "fanOut" : 0,
      "id" : 8,
      "failedEvents" : [ ],
      "hasNearDuplicate" : false,
      "distToNearestState" : 0.2692307692307692,
      "cluster" : -1,
      "timeAdded" : 1661180460688,
      "nearestState" : "state5"
    },
    "state2" : {
      "name" : "state2",
      "url" : "http://localhost:3000/ppma/index.php?r=entry/index",
      "candidateElements" : [ {
        "top" : 0,
        "left" : 0,
        "xpath" : "/HTML[1]/BODY[1]/DIV[1]/NAV[1]/UL[1]/LI[1]/H1[1]/A[1]",
        "width" : 227,
        "height" : 45
      }, {
        "top" : 0,
        "left" : 226,
        "xpath" : "/HTML[1]/BODY[1]/DIV[1]/NAV[1]/SECTION[1]/UL[1]/LI[1]/A[1]",
        "width" : 92,
        "height" : 45
      }, {
        "top" : 54,
        "left" : 226,
        "xpath" : "/HTML[1]/BODY[1]/DIV[1]/NAV[1]/SECTION[1]/UL[1]/LI[1]/UL[1]/LI[1]/A[1]",
        "width" : 235,
        "height" : 23
      }, {
        "top" : 82,
        "left" : 226,
        "xpath" : "/HTML[1]/BODY[1]/DIV[1]/NAV[1]/SECTION[1]/UL[1]/LI[1]/UL[1]/LI[2]/A[1]",
        "width" : 235,
        "height" : 23
      }, {
        "top" : 120,
        "left" : 226,
        "xpath" : "/HTML[1]/BODY[1]/DIV[1]/NAV[1]/SECTION[1]/UL[1]/LI[1]/UL[1]/LI[4]/A[1]",
        "width" : 235,
        "height" : 23
      }, {
        "top" : 148,
        "left" : 226,
        "xpath" : "/HTML[1]/BODY[1]/DIV[1]/NAV[1]/SECTION[1]/UL[1]/LI[1]/UL[1]/LI[5]/A[1]",
        "width" : 235,
        "height" : 23
      }, {
        "top" : 0,
        "left" : 319,
        "xpath" : "/HTML[1]/BODY[1]/DIV[1]/NAV[1]/SECTION[1]/UL[1]/LI[2]/A[1]",
        "width" : 78,
        "height" : 45
      }, {
        "top" : 54,
        "left" : 319,
        "xpath" : "/HTML[1]/BODY[1]/DIV[1]/NAV[1]/SECTION[1]/UL[1]/LI[2]/UL[1]/LI[1]/A[1]",
        "width" : 86,
        "height" : 23
      }, {
        "top" : 82,
        "left" : 319,
        "xpath" : "/HTML[1]/BODY[1]/DIV[1]/NAV[1]/SECTION[1]/UL[1]/LI[2]/UL[1]/LI[2]/A[1]",
        "width" : 86,
        "height" : 23
      }, {
        "top" : 0,
        "left" : 396,
        "xpath" : "/HTML[1]/BODY[1]/DIV[1]/NAV[1]/SECTION[1]/UL[1]/LI[3]/A[1]",
        "width" : 100,
        "height" : 45
      }, {
        "top" : 54,
        "left" : 396,
        "xpath" : "/HTML[1]/BODY[1]/DIV[1]/NAV[1]/SECTION[1]/UL[1]/LI[3]/UL[1]/LI[1]/A[1]",
        "width" : 77,
        "height" : 23
      }, {
        "top" : 0,
        "left" : 496,
        "xpath" : "/HTML[1]/BODY[1]/DIV[1]/NAV[1]/SECTION[1]/UL[1]/LI[4]/A[1]",
        "width" : 89,
        "height" : 45
      }, {
        "top" : 54,
        "left" : 496,
        "xpath" : "/HTML[1]/BODY[1]/DIV[1]/NAV[1]/SECTION[1]/UL[1]/LI[4]/UL[1]/LI[1]/A[1]",
        "width" : 138,
        "height" : 23
      }, {
        "top" : 82,
        "left" : 496,
        "xpath" : "/HTML[1]/BODY[1]/DIV[1]/NAV[1]/SECTION[1]/UL[1]/LI[4]/UL[1]/LI[2]/A[1]",
        "width" : 138,
        "height" : 23
      }, {
        "top" : 200,
        "left" : 145,
        "xpath" : "//DIV[@id = 'content']/P[2]/A[1]",
        "width" : 111,
        "height" : 17
      }, {
        "top" : 286,
        "left" : 158,
        "xpath" : "//TH[@id = 'entries_c0']/A[1]",
        "width" : 39,
        "height" : 17
      }, {
        "top" : 286,
        "left" : 316,
        "xpath" : "//TH[@id = 'entries_c1']/A[1]",
        "width" : 69,
        "height" : 17
      }, {
        "top" : 0,
        "left" : 0,
        "xpath" : "//DIV[@id = 'entry-form-modal']/A[1]",
        "width" : 0,
        "height" : 0
      }, {
        "top" : 0,
        "left" : 0,
        "xpath" : "//FORM[@id = 'yw0']/INPUT[6]",
        "width" : 0,
        "height" : 0
      }, {
        "top" : 0,
        "left" : 0,
        "xpath" : "//FORM[@id = 'entry-form']/INPUT[7]",
        "width" : 0,
        "height" : 0
      } ],
      "fanIn" : 1,
      "fanOut" : 2,
      "id" : 2,
      "failedEvents" : [ "xpath /HTML[1]/BODY[1]/DIV[1]/NAV[1]/SECTION[1]/UL[1]/LI[1]/UL[1]/LI[1]/A[1]", "xpath /HTML[1]/BODY[1]/DIV[1]/NAV[1]/SECTION[1]/UL[1]/LI[1]/UL[1]/LI[2]/A[1]", "xpath /HTML[1]/BODY[1]/DIV[1]/NAV[1]/SECTION[1]/UL[1]/LI[1]/UL[1]/LI[4]/A[1]", "xpath /HTML[1]/BODY[1]/DIV[1]/NAV[1]/SECTION[1]/UL[1]/LI[1]/UL[1]/LI[5]/A[1]", "xpath /HTML[1]/BODY[1]/DIV[1]/NAV[1]/SECTION[1]/UL[1]/LI[2]/UL[1]/LI[1]/A[1]", "xpath /HTML[1]/BODY[1]/DIV[1]/NAV[1]/SECTION[1]/UL[1]/LI[2]/UL[1]/LI[2]/A[1]", "xpath /HTML[1]/BODY[1]/DIV[1]/NAV[1]/SECTION[1]/UL[1]/LI[3]/UL[1]/LI[1]/A[1]", "xpath /HTML[1]/BODY[1]/DIV[1]/NAV[1]/SECTION[1]/UL[1]/LI[4]/UL[1]/LI[1]/A[1]", "xpath /HTML[1]/BODY[1]/DIV[1]/NAV[1]/SECTION[1]/UL[1]/LI[4]/UL[1]/LI[2]/A[1]", "xpath //DIV[@id = 'entry-form-modal']/A[1]", "xpath //FORM[@id = 'yw0']/INPUT[6]", "xpath //FORM[@id = 'entry-form']/INPUT[7]" ],
      "hasNearDuplicate" : false,
      "distToNearestState" : 0.8734939759036144,
      "cluster" : -1,
      "timeAdded" : 1661180431069,
      "nearestState" : "index"
    }
  },
  "edges" : [ {
    "from" : "index",
    "to" : "state2",
    "text" : "",
    "id" : "xpath //FORM[@id = 'login-form']/DIV[1]/DIV[2]/A[1]",
    "element" : "Element{node=[A: null], tag=A, text=, attributes={class=postfix button secondary expand}}",
    "eventType" : "click",
    "inputValues" : "id##LoginForm_username##admin:id##LoginForm_password##admin"
  }, {
    "from" : "state2",
    "to" : "state5",
    "text" : "Tags",
    "id" : "xpath /HTML[1]/BODY[1]/DIV[1]/NAV[1]/SECTION[1]/UL[1]/LI[2]/A[1]",
    "element" : "Element{node=[A: null], tag=A, text=Tags, attributes={href=/ppma/index.php?r=tag/index}}",
    "eventType" : "click",
    "inputValues" : "id##pageSize##5"
  }, {
    "from" : "state2",
    "to" : "state8",
    "text" : "Settings",
    "id" : "xpath /HTML[1]/BODY[1]/DIV[1]/NAV[1]/SECTION[1]/UL[1]/LI[3]/A[1]",
    "element" : "Element{node=[A: null], tag=A, text=Settings, attributes={}}",
    "eventType" : "click",
    "inputValues" : "id##ApplicationSettingsForm_recentEntryWidgetCount##MEzUaXhg:id##ApplicationSettingsForm_mostViewedEntriesWidgetCount##nAfjrzos"
  } ],
  "statistics" : {
    "duration" : "1 minute 3 seconds",
    "crawlPaths" : 2,
    "averageDomSize" : "7.83 kB",
    "edges" : 3,
    "startDate" : "2022-08-22 17:00:20 CEST",
    "stateStats" : {
      "leastFanOut" : {
        "id" : "state5",
        "count" : 0
      },
      "leastFanIn" : {
        "id" : "index",
        "count" : 0
      },
      "mostFanOut" : {
        "id" : "state2",
        "count" : 2
      },
      "mostFanIn" : {
        "id" : "state5",
        "count" : 1
      },
      "totalNumberOfStates" : 4,
      "urls" : {
        "http://localhost:3000/ppma/" : [ "index" ],
        "http://localhost:3000/ppma/index.php?r=tag/index" : [ "state5" ],
        "http://localhost:3000/ppma/index.php?r=settings/application" : [ "state8" ],
        "http://localhost:3000/ppma/index.php?r=entry/index" : [ "state2" ]
      }
    },
    "failedEvents" : 13
  },
  "exitStatus" : "EXHAUSTED"
}