{
  "states" : {
    "index" : {
      "name" : "index",
      "url" : "http://localhost:3000/ppma/",
      "candidateElements" : [ {
        "top" : 158,
        "left" : 688,
        "xpath" : "//FORM[@id = 'login-form']/DIV[1]/DIV[2]/A[1]",
        "width" : 45,
        "height" : 32
      } ],
      "fanIn" : 0,
      "fanOut" : 0,
      "id" : 0,
      "failedEvents" : [ ],
      "hasNearDuplicate" : false,
      "distToNearestState" : -1.0,
      "cluster" : -1,
      "timeAdded" : 1661179631949,
      "nearestState" : "null"
    },
    "state2" : {
      "name" : "state2",
      "url" : "http://localhost:3000/ppma/index.php?r=user/login",
      "candidateElements" : [ ],
      "fanIn" : 0,
      "fanOut" : 0,
      "id" : 2,
      "failedEvents" : [ ],
      "hasNearDuplicate" : false,
      "distToNearestState" : -1.0,
      "cluster" : -1,
      "timeAdded" : 1661179638512,
      "nearestState" : "index"
    },
    "state1" : {
      "name" : "state1",
      "url" : "http://localhost:3000/ppma/index.php?r=user/login",
      "candidateElements" : [ ],
      "fanIn" : 0,
      "fanOut" : 0,
      "id" : 1,
      "failedEvents" : [ ],
      "hasNearDuplicate" : false,
      "distToNearestState" : -1.0,
      "cluster" : -1,
      "timeAdded" : 1661179636083,
      "nearestState" : "null"
    }
  },
  "edges" : [ ],
  "statistics" : {
    "duration" : "7 seconds",
    "crawlPaths" : 0,
    "averageDomSize" : "2.309 kB",
    "edges" : 0,
    "startDate" : "2022-08-22 16:47:07 CEST",
    "stateStats" : {
      "leastFanOut" : {
        "id" : "index",
        "count" : 0
      },
      "leastFanIn" : {
        "id" : "index",
        "count" : 0
      },
      "mostFanOut" : {
        "id" : "index",
        "count" : 0
      },
      "mostFanIn" : {
        "id" : "index",
        "count" : 0
      },
      "totalNumberOfStates" : 3,
      "urls" : {
        "http://localhost:3000/ppma/" : [ "index" ],
        "http://localhost:3000/ppma/index.php?r=user/login" : [ "state2", "state1" ]
      }
    },
    "failedEvents" : 0
  },
  "exitStatus" : "EXHAUSTED"
}