Setting,App,Model,Embedding,Classifier,Accuracy,Precision,Recall,F1_0,F1_1
LOT,addressbook,DS_content_tags_modelsize100epoch31,Content and tags,Dummy,0.6237328562909958,0.718592195868401,0.7811044577511643,0.2529007814349988,0.748545469036423
LOT,addressbook,DS_content_tags_modelsize100epoch31,Content and tags,Threshold,0.2217054263565891,1.0,0.2217054263565891,0.3629441624365482,0.3629441624365482
LOT,addressbook,DS_content_tags_modelsize100epoch31,Content and tags,Nearest Neighbors,0.8338700059630292,0.8123056118999323,0.9991683300066534,0.5857865001486768,0.8960990527336465
LOT,addressbook,DS_content_tags_modelsize100epoch31,Content and tags,SVM RBF,0.8347048300536672,0.8195634153080962,0.9866932801064536,0.60625,0.8953962264150944
LOT,addressbook,DS_content_tags_modelsize100epoch31,Content and tags,Decision Tree,0.830530709600477,0.8121855025159799,0.9933466400532268,0.5826725403817915,0.8936775158997382
LOT,addressbook,DS_content_tags_modelsize100epoch31,Content and tags,Gaussian Naive Bayes,0.9032796660703636,0.8836111520873285,0.9963406520292748,0.796179944709726,0.9365960440935032
LOT,addressbook,DS_content_tags_modelsize100epoch31,Content and tags,Random Forest,0.8288610614192009,0.8103892581038926,0.9938456420492348,0.5760709010339735,0.8927904370564065
LOT,addressbook,DS_content_tags_modelsize100epoch31,Content and tags,Ensemble,0.8480620155038759,0.8255909840571742,0.9991683300066534,0.6341183228029869,0.9041240216736904
LOT,addressbook,DS_content_tags_modelsize100epoch31,Content and tags,Neural Network,0.8432915921288014,0.8207263790278536,0.9998336660013308,0.6173558532323821,0.9014697060587884
LOT,addressbook,DS_all_modelsize100epoch31,Ensemble,Dummy,0.6215861657722123,0.7172149961744453,0.7796074517631404,0.2486384087141842,0.747110863154539
LOT,addressbook,DS_all_modelsize100epoch31,Ensemble,Threshold,0.2450805008944543,1.0,0.2450805008944543,0.3936781609195402,0.3936781609195402
LOT,addressbook,DS_all_modelsize100epoch31,Ensemble,Nearest Neighbors,0.8523553965414431,0.8296050814692074,0.9993346640053228,0.6478953356086462,0.9065942357024296
LOT,addressbook,DS_all_modelsize100epoch31,Ensemble,SVM RBF,0.8653548002385212,0.8425705065244844,0.9988356620093148,0.6890663729000277,0.9140726082654692
LOT,addressbook,DS_all_modelsize100epoch31,Ensemble,Decision Tree,0.8523553965414431,0.8319888734353268,0.99500998003992,0.6530269058295965,0.9062263293440388
LOT,addressbook,DS_all_modelsize100epoch31,Ensemble,Gaussian Naive Bayes,0.8964818127608826,0.8753648569760654,0.9976713240186296,0.7777777777777778,0.9325248756218906
LOT,addressbook,DS_all_modelsize100epoch31,Ensemble,Random Forest,0.8509242695289206,0.8306026103860039,0.99500998003992,0.6484814398200225,0.90540336007265
LOT,addressbook,DS_all_modelsize100epoch31,Ensemble,Ensemble,0.863804412641622,0.8409409129095492,0.999001996007984,0.6841814159292037,0.9131823019613806
LOT,addressbook,DS_all_modelsize100epoch31,Ensemble,Neural Network,0.851520572450805,0.8285320468642315,0.9998336660013308,0.6445903511276049,0.9061581367302328
LOT,addressbook,DS_DOM_RTED_modelsize100epoch31,DOM_RTED,Dummy,0.6208706022659511,0.7181580163252733,0.7756154357950765,0.2546307151230949,0.7457816873250699
LOT,addressbook,DS_DOM_RTED_modelsize100epoch31,DOM_RTED,Threshold,0.2503279666070364,1.0,0.2503279666070364,0.4004196871423121,0.4004196871423121
LOT,addressbook,DS_DOM_RTED_modelsize100epoch31,DOM_RTED,Nearest Neighbors,0.7677996422182468,0.7720519341453621,0.959414504324684,0.4076665652570733,0.8555959356226359
LOT,addressbook,DS_DOM_RTED_modelsize100epoch31,DOM_RTED,SVM RBF,0.732737030411449,0.7284623773173392,1.0,0.1053892215568862,0.8429022082018929
LOT,addressbook,DS_DOM_RTED_modelsize100epoch31,DOM_RTED,Decision Tree,0.7491949910554562,0.7932483120780195,0.8794078509647372,0.486195944295138,0.8341090163287844
LOT,addressbook,DS_DOM_RTED_modelsize100epoch31,DOM_RTED,Gaussian Naive Bayes,0.716994633273703,0.716994633273703,1.0,0.0,0.8351739945822046
LOT,addressbook,DS_DOM_RTED_modelsize100epoch31,DOM_RTED,Random Forest,0.7531305903398927,0.7892574112122102,0.894544244843646,0.4751521298174442,0.8386090753157648
LOT,addressbook,DS_DOM_RTED_modelsize100epoch31,DOM_RTED,Ensemble,0.7644603458556947,0.761565375145782,0.9775449101796408,0.3505425846760934,0.8561439289096074
LOT,addressbook,DS_DOM_RTED_modelsize100epoch31,DOM_RTED,Neural Network,0.7270125223613596,0.7242500903505602,1.0,0.0683760683760683,0.8400754558792706
LOT,addressbook,DS_VISUAL_PDiff_modelsize100epoch31,VISUAL_PDiff,Dummy,0.624448419797257,0.7191183223633859,0.781437125748503,0.2546745562130177,0.7489836588282185
LOT,addressbook,DS_VISUAL_PDiff_modelsize100epoch31,VISUAL_PDiff,Threshold,0.0805008944543828,1.0,0.0805008944543828,0.1490066225165563,0.1490066225165563
LOT,addressbook,DS_VISUAL_PDiff_modelsize100epoch31,VISUAL_PDiff,Nearest Neighbors,0.6986285032796661,0.7282252783235101,0.9248170326014638,0.1908421389689401,0.8148310984099069
LOT,addressbook,DS_VISUAL_PDiff_modelsize100epoch31,VISUAL_PDiff,SVM RBF,0.7202146690518784,0.7215373459028281,0.9930139720558884,0.0555555555555555,0.8357832843343133
LOT,addressbook,DS_VISUAL_PDiff_modelsize100epoch31,VISUAL_PDiff,Decision Tree,0.6970781156827669,0.7347214710654408,0.9038589487691284,0.2444973230220107,0.8105608591885441
LOT,addressbook,DS_VISUAL_PDiff_modelsize100epoch31,VISUAL_PDiff,Gaussian Naive Bayes,0.716994633273703,0.716994633273703,1.0,0.0,0.8351739945822046
LOT,addressbook,DS_VISUAL_PDiff_modelsize100epoch31,VISUAL_PDiff,Random Forest,0.6967203339296363,0.7344235707528044,0.9038589487691284,0.2429294432866924,0.8103795391842518
LOT,addressbook,DS_VISUAL_PDiff_modelsize100epoch31,VISUAL_PDiff,Ensemble,0.7078115682766846,0.726417493007882,0.9504324683965404,0.15283540802213,0.8234615938896095
LOT,addressbook,DS_VISUAL_PDiff_modelsize100epoch31,VISUAL_PDiff,Neural Network,0.7220035778175313,0.72193416134089,0.9958416500332667,0.0543610547667342,0.8370499825235931
LOT,addressbook,DS_content_modelsize100epoch31,Content only,Dummy,0.6264758497316637,0.7205882352941176,0.782435129740519,0.2595744680851063,0.7502392344497608
LOT,addressbook,DS_content_modelsize100epoch31,Content only,Threshold,0.2223017292784734,1.0,0.2223017292784734,0.3637428041760172,0.3637428041760172
LOT,addressbook,DS_content_modelsize100epoch31,Content only,Nearest Neighbors,0.8477042337507453,0.8271383169821749,0.9956753160345976,0.6373189434819653,0.9036153671975242
LOT,addressbook,DS_content_modelsize100epoch31,Content only,SVM RBF,0.8661896243291592,0.8428210880538418,0.9998336660013308,0.6905681191395476,0.914637857577602
LOT,addressbook,DS_content_modelsize100epoch31,Content only,Decision Tree,0.8269528920691711,0.817132526769573,0.9773785761809712,0.5932155873282872,0.8901007346815116
LOT,addressbook,DS_content_modelsize100epoch31,Content only,Gaussian Naive Bayes,0.8942158616577222,0.8737057022021292,0.996506986027944,0.7726224045116635,0.9310746755769678
LOT,addressbook,DS_content_modelsize100epoch31,Content only,Random Forest,0.8259988073941562,0.8161366476878211,0.9775449101796408,0.5898228844531909,0.8895784454703701
LOT,addressbook,DS_content_modelsize100epoch31,Content only,Ensemble,0.8580799045915325,0.8364499023164945,0.997005988023952,0.6687082405345212,0.9096979814842922
LOT,addressbook,DS_content_modelsize100epoch31,Content only,Neural Network,0.8658318425760286,0.8424667133847232,0.9998336660013308,0.6894838531603644,0.9144291473339926
LOT,addressbook,DS_tags_modelsize100epoch31,Tags only,Dummy,0.6181276088252833,0.7134609541172896,0.7811044577511643,0.2332375478927203,0.7457519453708116
LOT,addressbook,DS_tags_modelsize100epoch31,Tags only,Threshold,0.2782349433512224,1.0,0.2782349433512224,0.435342414629595,0.435342414629595
LOT,addressbook,DS_tags_modelsize100epoch31,Tags only,Nearest Neighbors,0.8430530709600477,0.8206774105435674,0.999500998003992,0.6169965075669384,0.9013049347532625
LOT,addressbook,DS_tags_modelsize100epoch31,Tags only,SVM RBF,0.8692903995229576,0.8523509174311926,0.9890219560878244,0.7102062400846114,0.9156144133045888
LOT,addressbook,DS_tags_modelsize100epoch31,Tags only,Decision Tree,0.8474657125819917,0.8258295470191381,0.9976713240186296,0.6340486409155937,0.903653483992467
LOT,addressbook,DS_tags_modelsize100epoch31,Tags only,Gaussian Naive Bayes,0.9454979129397734,0.9308205366837288,0.9981703260146374,0.8939921131987939,0.9633196885785376
LOT,addressbook,DS_tags_modelsize100epoch31,Tags only,Random Forest,0.8406678592725104,0.8193989071038251,0.9976713240186296,0.6114019778941245,0.8997899789978997
LOT,addressbook,DS_tags_modelsize100epoch31,Tags only,Ensemble,0.8675014907573048,0.8447038964692644,0.9988356620093148,0.6955330227459577,0.915326575718314
LOT,addressbook,DS_tags_modelsize100epoch31,Tags only,Neural Network,0.8919499105545617,0.8695715112912565,0.9991683300066534,0.7646753246753245,0.929876160990712
KIN,addressbook,DS_all_modelsize100epoch31,Ensemble,Dummy,0.6215747641456331,0.780038073661522,0.7163394160056636,0.2509915771647578,0.7468329642851763
KIN,addressbook,DS_all_modelsize100epoch31,Ensemble,Threshold,0.5119672168058902,1.0,0.5119672168058902,0.6772199967238016,0.6772199967238016
KIN,addressbook,DS_all_modelsize100epoch31,Ensemble,Nearest Neighbors,0.6518474320581812,0.9892910085365232,0.5592446505714245,0.5538354998340859,0.7145533925917722
KIN,addressbook,DS_all_modelsize100epoch31,Ensemble,SVM RBF,0.6636007475288767,0.989862003686544,0.5741551442648057,0.5624588171554917,0.7267623149443575
KIN,addressbook,DS_all_modelsize100epoch31,Ensemble,Decision Tree,0.6383153581158669,0.984126155292152,0.5446086717813128,0.5419393472774712,0.7011858810398549
KIN,addressbook,DS_all_modelsize100epoch31,Ensemble,Gaussian Naive Bayes,0.6572062234030577,0.9897660079850408,0.5659196971667172,0.5578450591737457,0.7201044242418672
KIN,addressbook,DS_all_modelsize100epoch31,Ensemble,Random Forest,0.6382815842208363,0.9841249118775948,0.5445653273229017,0.5419161676646707,0.7011496391100529
KIN,addressbook,DS_all_modelsize100epoch31,Ensemble,Ensemble,0.654234120640353,0.989473148901546,0.5622354182017829,0.5555989639854726,0.7170378013838089
KIN,addressbook,DS_all_modelsize100epoch31,Ensemble,Neural Network,0.6590300137347173,0.9898077310247636,0.5682602979209108,0.5591604442309652,0.7220075448145462
KIN,addressbook,DS_DOM_RTED_modelsize100epoch31,DOM_RTED,Dummy,0.621754891585797,0.7784727977856662,0.7192434947192001,0.244853007282208,0.7476869930910183
KIN,addressbook,DS_DOM_RTED_modelsize100epoch31,DOM_RTED,Threshold,0.0097606556638821,1.0,0.0097606556638821,0.0193326123554792,0.0193326123554792
KIN,addressbook,DS_DOM_RTED_modelsize100epoch31,DOM_RTED,Nearest Neighbors,0.4617116610001576,0.9186196643061152,0.3392281796772283,0.4230936293436294,0.4954838981977799
KIN,addressbook,DS_DOM_RTED_modelsize100epoch31,DOM_RTED,SVM RBF,0.4156778420732668,0.9302973053594512,0.2703538352621617,0.4123634305123125,0.4189550751732399
KIN,addressbook,DS_DOM_RTED_modelsize100epoch31,DOM_RTED,Decision Tree,0.4688829847116835,0.934258237427085,0.3424790140580527,0.432060866529428,0.5012211238568482
KIN,addressbook,DS_DOM_RTED_modelsize100epoch31,DOM_RTED,Gaussian Naive Bayes,0.4155877783531849,0.9304836783439492,0.2701660092757141,0.4123926060921635,0.4187483904197785
KIN,addressbook,DS_DOM_RTED_modelsize100epoch31,DOM_RTED,Random Forest,0.4689280165717245,0.9342686002522068,0.3425368066692673,0.4320816729470402,0.5012845045406971
KIN,addressbook,DS_DOM_RTED_modelsize100epoch31,DOM_RTED,Ensemble,0.452254970391552,0.9360709286047596,0.3188129397656509,0.4266962034265783,0.4756320996702088
KIN,addressbook,DS_DOM_RTED_modelsize100epoch31,DOM_RTED,Neural Network,0.4509603044153739,0.9355347251810824,0.3172380911100516,0.4260377314079252,0.4738085733090211
KIN,addressbook,DS_VISUAL_PDiff_modelsize100epoch31,VISUAL_PDiff,Dummy,0.6209893499651004,0.7784200385356455,0.7179576091196741,0.245190798618896,0.7469673055242391
KIN,addressbook,DS_VISUAL_PDiff_modelsize100epoch31,VISUAL_PDiff,Threshold,0.061040686285547,1.0,0.061040686285547,0.1150581444699091,0.1150581444699091
KIN,addressbook,DS_VISUAL_PDiff_modelsize100epoch31,VISUAL_PDiff,Nearest Neighbors,0.5654087767095219,0.8451269562080007,0.5414878707757214,0.3977033373379308,0.6600621703255577
KIN,addressbook,DS_VISUAL_PDiff_modelsize100epoch31,VISUAL_PDiff,SVM RBF,0.7791975322540697,0.7791975322540697,1.0,0.0,0.8758977214485033
KIN,addressbook,DS_VISUAL_PDiff_modelsize100epoch31,VISUAL_PDiff,Decision Tree,0.5347195640915948,0.840115144418423,0.4975654862525826,0.3872373863922783,0.624980717753278
KIN,addressbook,DS_VISUAL_PDiff_modelsize100epoch31,VISUAL_PDiff,Gaussian Naive Bayes,0.5065296197059419,0.8302107728337237,0.4609683152009016,0.3738947849562199,0.5927928430088348
KIN,addressbook,DS_VISUAL_PDiff_modelsize100epoch31,VISUAL_PDiff,Random Forest,0.5347420800216153,0.8401395394223263,0.4975799344053863,0.3872670393049357,0.6249988657501929
KIN,addressbook,DS_VISUAL_PDiff_modelsize100epoch31,VISUAL_PDiff,Ensemble,0.5713417242699209,0.8327953656398965,0.5628855850779478,0.3824645625871744,0.6717416418090592
KIN,addressbook,DS_VISUAL_PDiff_modelsize100epoch31,VISUAL_PDiff,Neural Network,0.7791975322540697,0.7791975322540697,1.0,0.0,0.8758977214485033
KIN,addressbook,DS_content_modelsize100epoch31,Content only,Dummy,0.6233084907572107,0.7807988941771515,0.7181887795645326,0.2527246739324638,0.748186278936753
KIN,addressbook,DS_content_modelsize100epoch31,Content only,Threshold,0.4979172764731047,1.0,0.4979172764731047,0.664812782779924,0.664812782779924
KIN,addressbook,DS_content_modelsize100epoch31,Content only,Nearest Neighbors,0.695584626122982,0.9690579468357248,0.6294193287388208,0.574065906370109,0.7631560507322543
KIN,addressbook,DS_content_modelsize100epoch31,Content only,SVM RBF,0.7441740031071984,0.9634163360513568,0.6981925360842616,0.610089224433768,0.8096371008276647
KIN,addressbook,DS_content_modelsize100epoch31,Content only,Decision Tree,0.6885371400265689,0.9665371572304444,0.6218051522112897,0.567123544874202,0.7567610339370493
KIN,addressbook,DS_content_modelsize100epoch31,Content only,Gaussian Naive Bayes,0.6813995902100737,0.9897062695999808,0.5973299813618829,0.5754957549575496,0.7450128845079561
KIN,addressbook,DS_content_modelsize100epoch31,Content only,Random Forest,0.6885596559565893,0.9665386601989716,0.6218340485168972,0.5671412924424972,0.7567828946211602
KIN,addressbook,DS_content_modelsize100epoch31,Content only,Ensemble,0.6998513948618648,0.9719190843758316,0.6330891595509515,0.5791808065661748,0.7667392844956561
KIN,addressbook,DS_content_modelsize100epoch31,Content only,Neural Network,0.6897642582126855,0.9898170358873054,0.6081083033534163,0.5819439598282689,0.7533718172461626
KIN,addressbook,DS_tags_modelsize100epoch31,Tags only,Dummy,0.6229482358768829,0.7799232035106967,0.7189834279687342,0.2496303266568086,0.7482145273571997
KIN,addressbook,DS_tags_modelsize100epoch31,Tags only,Threshold,0.5941841352757076,1.0,0.5941841352757076,0.745439779668797,0.745439779668797
KIN,addressbook,DS_tags_modelsize100epoch31,Tags only,Nearest Neighbors,0.5847499605971225,0.993195825959602,0.4703018219120685,0.5125223022533536,0.6383362585427554
KIN,addressbook,DS_tags_modelsize100epoch31,Tags only,SVM RBF,0.62603291828969,0.994967135117296,0.5227052721309581,0.5391381558866782,0.6853581374201982
KIN,addressbook,DS_tags_modelsize100epoch31,Tags only,Decision Tree,0.5662981559453313,0.9870805954988414,0.4492797595827373,0.4992721222834564,0.6174987092418285
KIN,addressbook,DS_tags_modelsize100epoch31,Tags only,Gaussian Naive Bayes,0.6080764640983496,0.9959630911188004,0.4990391978385563,0.5280169199690885,0.664914864331572
KIN,addressbook,DS_tags_modelsize100epoch31,Tags only,Random Forest,0.565960416995024,0.9871611529538882,0.4488029705402164,0.4991165618666528,0.6170639650377434
KIN,addressbook,DS_tags_modelsize100epoch31,Tags only,Ensemble,0.5985409677346722,0.9939349330192846,0.4877551904988947,0.5211751752289389,0.6543836864447847
KIN,addressbook,DS_tags_modelsize100epoch31,Tags only,Neural Network,0.5913358701281156,0.9962905998371484,0.4773091760218456,0.5178002125398512,0.6454108545305357
KIN,addressbook,DS_content_tags_modelsize100epoch31,Content and tags,Dummy,0.6210456397901515,0.7790493234121377,0.7170184791874359,0.2475803026577553,0.7467479216040327
KIN,addressbook,DS_content_tags_modelsize100epoch31,Content and tags,Threshold,0.5047058293742823,1.0,0.5047058293742823,0.6708365442887391,0.6708365442887391
KIN,addressbook,DS_content_tags_modelsize100epoch31,Content and tags,Nearest Neighbors,0.6800936662688852,0.9881308478307688,0.5966075737216997,0.5736534133533383,0.744004612529504
KIN,addressbook,DS_content_tags_modelsize100epoch31,Content and tags,SVM RBF,0.6780222007070003,0.9900335432804844,0.5927499169231214,0.573134328358209,0.7415320102664208
KIN,addressbook,DS_content_tags_modelsize100epoch31,Content and tags,Decision Tree,0.6653795060004953,0.9791312788158214,0.5829829656278445,0.5578842463817698,0.7308260054517627
KIN,addressbook,DS_content_tags_modelsize100epoch31,Content and tags,Gaussian Naive Bayes,0.681737329160381,0.9901122842299312,0.5975178073483305,0.5759712014399281,0.7452740083977581
KIN,addressbook,DS_content_tags_modelsize100epoch31,Content and tags,Random Forest,0.6653795060004953,0.9791312788158214,0.5829829656278445,0.5578842463817698,0.7308260054517627
KIN,addressbook,DS_content_tags_modelsize100epoch31,Content and tags,Ensemble,0.6796996374935267,0.9887998848810438,0.5956828919422652,0.5737230870653102,0.7434743798970327
KIN,addressbook,DS_content_tags_modelsize100epoch31,Content and tags,Neural Network,0.6811744309098687,0.990100433855078,0.5967953997081473,0.5755395683453238,0.7447084700537268
LOT,claroline,DS_all_modelsize100epoch31,Ensemble,Dummy,0.6747157491838343,0.842214790040877,0.7560715238857753,0.1847933417971505,0.7968217136026439
LOT,claroline,DS_all_modelsize100epoch31,Ensemble,Threshold,0.2578520770010131,1.0,0.2578520770010131,0.409987917841321,0.409987917841321
LOT,claroline,DS_all_modelsize100epoch31,Ensemble,Nearest Neighbors,0.948891140380502,0.9525003213780692,0.9887243127835602,0.8178900922583233,0.9702743403391604
LOT,claroline,DS_all_modelsize100epoch31,Ensemble,SVM RBF,0.9950467184509738,0.9950824029771398,0.9990659194021884,0.9839883551673944,0.9970701824477294
LOT,claroline,DS_all_modelsize100epoch31,Ensemble,Decision Tree,0.9180457052797478,0.939921976592978,0.96450493728316,0.7180480247869868,0.952054794520548
LOT,claroline,DS_all_modelsize100epoch31,Ensemble,Gaussian Naive Bayes,0.9828323764493976,1.0,0.9796503869762476,0.9479610987886026,0.9897206026086076
LOT,claroline,DS_all_modelsize100epoch31,Ensemble,Random Forest,0.9155690645052348,0.9366744366744368,0.9651721377101682,0.7058823529411764,0.9507097791798108
LOT,claroline,DS_all_modelsize100epoch31,Ensemble,Ensemble,0.9617809298660362,0.9664254514635896,0.9890579129970644,0.8695485110470702,0.9776107099284468
LOT,claroline,DS_all_modelsize100epoch31,Ensemble,Neural Network,0.9989868287740628,0.9997996794871796,0.9989991993594876,0.9967672413793104,0.999399279134962
LOT,claroline,DS_DOM_RTED_modelsize100epoch31,DOM_RTED,Dummy,0.6801193290554993,0.8427255985267035,0.7632772884974647,0.1845314966279236,0.8010363057101846
LOT,claroline,DS_DOM_RTED_modelsize100epoch31,DOM_RTED,Threshold,0.0,,0.0,,
LOT,claroline,DS_DOM_RTED_modelsize100epoch31,DOM_RTED,Nearest Neighbors,0.6816953731847348,1.0,0.6226981585268214,0.4955846936044956,0.7674848896015789
LOT,claroline,DS_DOM_RTED_modelsize100epoch31,DOM_RTED,SVM RBF,0.8436339074636947,0.8436339074636947,1.0,0.0,0.9151859314892836
LOT,claroline,DS_DOM_RTED_modelsize100epoch31,DOM_RTED,Decision Tree,0.5680513340087808,1.0,0.4879903923138511,0.419954648526077,0.6559052999730967
LOT,claroline,DS_DOM_RTED_modelsize100epoch31,DOM_RTED,Gaussian Naive Bayes,0.8436339074636947,0.8436339074636947,1.0,0.0,0.9151859314892836
LOT,claroline,DS_DOM_RTED_modelsize100epoch31,DOM_RTED,Random Forest,0.5962512664640324,1.0,0.5214171337069655,0.436483620080132,0.6854361268254177
LOT,claroline,DS_DOM_RTED_modelsize100epoch31,DOM_RTED,Ensemble,0.7140605651243949,1.0,0.6610621830797971,0.5223768333960136,0.7959511568123393
LOT,claroline,DS_DOM_RTED_modelsize100epoch31,DOM_RTED,Neural Network,0.9990994033547224,1.0,0.9989324793167867,0.9971284996410624,0.9994659546061416
LOT,claroline,DS_VISUAL_PDiff_modelsize100epoch31,VISUAL_PDiff,Dummy,0.6762355060227401,0.8416691328795501,0.7590072057646117,0.1815594763801935,0.7982037608756666
LOT,claroline,DS_VISUAL_PDiff_modelsize100epoch31,VISUAL_PDiff,Threshold,0.0,,0.0,,
LOT,claroline,DS_VISUAL_PDiff_modelsize100epoch31,VISUAL_PDiff,Nearest Neighbors,0.8150399639761342,0.9989766331229746,0.7815585801974914,0.6273531413018825,0.8769933368271319
LOT,claroline,DS_VISUAL_PDiff_modelsize100epoch31,VISUAL_PDiff,SVM RBF,0.996059889676911,0.9997989815062984,0.9955297571390446,0.9875444839857652,0.9976598020861192
LOT,claroline,DS_VISUAL_PDiff_modelsize100epoch31,VISUAL_PDiff,Decision Tree,0.7971406056512439,0.9986858244261432,0.7605417667467307,0.6052573932092005,0.8634951897583516
LOT,claroline,DS_VISUAL_PDiff_modelsize100epoch31,VISUAL_PDiff,Gaussian Naive Bayes,0.8436339074636947,0.8436339074636947,1.0,0.0,0.9151859314892836
LOT,claroline,DS_VISUAL_PDiff_modelsize100epoch31,VISUAL_PDiff,Random Forest,0.7973094675222335,0.9985988265172082,0.760808646917534,0.6053698630136987,0.8636346423296853
LOT,claroline,DS_VISUAL_PDiff_modelsize100epoch31,VISUAL_PDiff,Ensemble,0.8733535967578521,0.9987470634299138,0.8509474246063518,0.7105737072292256,0.9189422869082788
LOT,claroline,DS_VISUAL_PDiff_modelsize100epoch31,VISUAL_PDiff,Neural Network,0.9977485083868064,0.999799384779992,0.9975313584200692,0.9928443649373884,0.9986640838955312
LOT,claroline,DS_content_modelsize100epoch31,Content only,Dummy,0.6746031746031746,0.8414299488244456,0.7569388844408861,0.1812774394561676,0.7969512837624249
LOT,claroline,DS_content_modelsize100epoch31,Content only,Threshold,0.1778115501519757,1.0,0.1778115501519757,0.3019354838709677,0.3019354838709677
LOT,claroline,DS_content_modelsize100epoch31,Content only,Nearest Neighbors,0.9621749408983452,0.9633009708737864,0.9929943955164132,0.8680800942285041,0.9779223339246994
LOT,claroline,DS_content_modelsize100epoch31,Content only,SVM RBF,0.9794551390296072,0.977657280982557,0.998465439017881,0.930303608936414,0.9879518072289156
LOT,claroline,DS_content_modelsize100epoch31,Content only,Decision Tree,0.9353821907013397,0.949759521643052,0.9749799839871898,0.7774331136099263,0.9622045170211364
LOT,claroline,DS_content_modelsize100epoch31,Content only,Gaussian Naive Bayes,0.9831138129010468,1.0,0.9799839871897518,0.9487704918032788,0.9898908208653456
LOT,claroline,DS_content_modelsize100epoch31,Content only,Random Forest,0.9332432736688056,0.9471876620010368,0.9752468641579932,0.7679968701095462,0.9610124917817224
LOT,claroline,DS_content_modelsize100epoch31,Content only,Ensemble,0.9707306090284814,0.9731196860693264,0.9927275153456098,0.901027788351732,0.9828258141224652
LOT,claroline,DS_content_modelsize100epoch31,Content only,Neural Network,0.979173702577958,0.9773380355276908,0.998465439017881,0.9292813455657492,0.987788778877888
LOT,claroline,DS_tags_modelsize100epoch31,Tags only,Dummy,0.6782055611842845,0.8431416092975054,0.7599412863624233,0.1873489694385216,0.7993823911288908
LOT,claroline,DS_tags_modelsize100epoch31,Tags only,Threshold,0.2940448046831025,1.0,0.2940448046831025,0.454458460200087,0.454458460200087
LOT,claroline,DS_tags_modelsize100epoch31,Tags only,Nearest Neighbors,0.9048181920522346,0.9538535053587276,0.9322791566586602,0.7131467345207804,0.9429429429429428
LOT,claroline,DS_tags_modelsize100epoch31,Tags only,SVM RBF,0.9424743892829,0.99538876276958,0.9361489191353084,0.841501240694789,0.9648604043460324
LOT,claroline,DS_tags_modelsize100epoch31,Tags only,Decision Tree,0.8834853090172239,0.9369503450142064,0.9240725914064584,0.6407497396737245,0.930466912999664
LOT,claroline,DS_tags_modelsize100epoch31,Tags only,Gaussian Naive Bayes,0.8987954519869413,1.0,0.8800373632239125,0.7555072069621974,0.9361913549577684
LOT,claroline,DS_tags_modelsize100epoch31,Tags only,Random Forest,0.8835415963075538,0.9343104955288106,0.9271417133706964,0.6351613472050784,0.9307123003248384
LOT,claroline,DS_tags_modelsize100epoch31,Tags only,Ensemble,0.9126421254080828,0.9692651578653256,0.92580731251668,0.7508028259473346,0.947037947037947
LOT,claroline,DS_tags_modelsize100epoch31,Tags only,Neural Network,0.8631655972081504,0.8611031230229482,0.9989324793167867,0.229965156794425,0.9249111969111968
LOT,claroline,DS_content_tags_modelsize100epoch31,Content and tags,Dummy,0.6783744230552741,0.8442975942975943,0.7586736055511075,0.1924816280384397,0.7991987630025303
LOT,claroline,DS_content_tags_modelsize100epoch31,Content and tags,Threshold,0.2577395024203535,1.0,0.2577395024203535,0.4098456030431864,0.4098456030431864
LOT,claroline,DS_content_tags_modelsize100epoch31,Content and tags,Nearest Neighbors,0.9634132612856016,0.9777422364387578,0.9789164665065384,0.8826291079812206,0.97832899913316
LOT,claroline,DS_content_tags_modelsize100epoch31,Content and tags,SVM RBF,0.9987616796127434,0.999466025897744,0.9990659194021884,0.996044588277598,0.9992659325992658
LOT,claroline,DS_content_tags_modelsize100epoch31,Content and tags,Decision Tree,0.9282899921197794,0.959399705212381,0.9554310114758472,0.7732289070843716,0.9574112455706358
LOT,claroline,DS_content_tags_modelsize100epoch31,Content and tags,Gaussian Naive Bayes,0.9829449510300574,1.0,0.9797838270616492,0.948284690220174,0.9897886967950664
LOT,claroline,DS_content_tags_modelsize100epoch31,Content and tags,Random Forest,0.9268828098615332,0.9573060733613952,0.955964771817454,0.7670790747713825,0.9566349524286428
LOT,claroline,DS_content_tags_modelsize100epoch31,Content and tags,Ensemble,0.9716874929640889,0.9853246666219928,0.981051507872965,0.9105141433908558,0.9831834442178462
LOT,claroline,DS_content_tags_modelsize100epoch31,Content and tags,Neural Network,0.998536530451424,0.9994658832955,0.9987990392313852,0.9953287818900468,0.9991323499966628
KIN,claroline,DS_all_modelsize100epoch31,Ensemble,Dummy,0.6781421108943294,0.7586819287537123,0.8439497318923586,0.1919989888137521,0.7990474992926976
KIN,claroline,DS_all_modelsize100epoch31,Ensemble,Threshold,0.540625590030839,1.0,0.540625590030839,0.7018260549859063,0.7018260549859063
KIN,claroline,DS_all_modelsize100epoch31,Ensemble,Nearest Neighbors,0.8060167411416703,0.8731271225943931,0.8706774905788801,0.6005960865621356,0.8719005860105565
KIN,claroline,DS_all_modelsize100epoch31,Ensemble,SVM RBF,0.7985776323242495,0.883099786950271,0.8463900924680844,0.6089442815249267,0.8643553445791301
KIN,claroline,DS_all_modelsize100epoch31,Ensemble,Decision Tree,0.8076279186858834,0.8717664571617598,0.8749937745903681,0.5998481397114654,0.8733771344772447
KIN,claroline,DS_all_modelsize100epoch31,Ensemble,Gaussian Naive Bayes,0.8084460947825539,0.8715971935617004,0.876487872902037,0.6003466568622301,0.8740356918186936
KIN,claroline,DS_all_modelsize100epoch31,Ensemble,Random Forest,0.8076279186858834,0.8717664571617598,0.8749937745903681,0.5998481397114654,0.8733771344772447
KIN,claroline,DS_all_modelsize100epoch31,Ensemble,Ensemble,0.8061803763610045,0.8730179857910587,0.8710759167953251,0.6005706874189364,0.8720458700349012
KIN,claroline,DS_all_modelsize100epoch31,Ensemble,Neural Network,0.8023538296934987,0.878011102245913,0.8586250975314176,0.6049413777487044,0.8682098972671726
KIN,claroline,DS_DOM_RTED_modelsize100epoch31,DOM_RTED,Dummy,0.6771351249291963,0.7581389100353768,0.8431694805518203,0.1898294377763739,0.7983966045743928
KIN,claroline,DS_DOM_RTED_modelsize100epoch31,DOM_RTED,Threshold,0.03733400465731,1.0,0.03733400465731,0.0719806821904842,0.0719806821904842
KIN,claroline,DS_DOM_RTED_modelsize100epoch31,DOM_RTED,Nearest Neighbors,0.7763987664421927,0.7989919326453321,0.9421119909690058,0.3569825526677767,0.864669673330083
KIN,claroline,DS_DOM_RTED_modelsize100epoch31,DOM_RTED,SVM RBF,0.7833847315753036,0.8077297173589656,0.9374636851104804,0.4012386486204377,0.8677746275422785
KIN,claroline,DS_DOM_RTED_modelsize100epoch31,DOM_RTED,Decision Tree,0.7762099565737303,0.7988232313279469,0.9421119909690058,0.3560899641447249,0.8645708757684016
KIN,claroline,DS_DOM_RTED_modelsize100epoch31,DOM_RTED,Gaussian Naive Bayes,0.7951790546919252,0.8025850321408415,0.9679598917608778,0.3742501153668666,0.8775491774904807
KIN,claroline,DS_DOM_RTED_modelsize100epoch31,DOM_RTED,Random Forest,0.7762099565737303,0.7988232313279469,0.9421119909690058,0.3560899641447249,0.8645708757684016
KIN,claroline,DS_DOM_RTED_modelsize100epoch31,DOM_RTED,Ensemble,0.7762099565737303,0.7988232313279469,0.9421119909690058,0.3560899641447249,0.8645708757684016
KIN,claroline,DS_DOM_RTED_modelsize100epoch31,DOM_RTED,Neural Network,0.783800113285921,0.8081905498060434,0.9373142752793132,0.4034454015004167,0.8679764485234208
KIN,claroline,DS_VISUAL_PDiff_modelsize100epoch31,VISUAL_PDiff,Dummy,0.6779658883504311,0.7577389364075865,0.8456430433122499,0.1859488354333715,0.7992813544428927
KIN,claroline,DS_VISUAL_PDiff_modelsize100epoch31,VISUAL_PDiff,Threshold,0.0767449178677072,1.0,0.0767449178677072,0.1425498585490168,0.1425498585490168
KIN,claroline,DS_VISUAL_PDiff_modelsize100epoch31,VISUAL_PDiff,Nearest Neighbors,0.795783246271005,0.7897155044168565,0.995833125819679,0.2850973825680796,0.8808775588123
KIN,claroline,DS_VISUAL_PDiff_modelsize100epoch31,VISUAL_PDiff,SVM RBF,0.8190949713638366,0.8219274233171896,0.971993957202384,0.4758188051644905,0.8906839479128635
KIN,claroline,DS_VISUAL_PDiff_modelsize100epoch31,VISUAL_PDiff,Decision Tree,0.8016489395179055,0.7968948162388028,0.990969005760579,0.3363934978522698,0.8833984490617416
KIN,claroline,DS_VISUAL_PDiff_modelsize100epoch31,VISUAL_PDiff,Gaussian Naive Bayes,0.8154949965384858,0.8143422667898867,0.9801118913624516,0.4395503555861436,0.8895702748312441
KIN,claroline,DS_VISUAL_PDiff_modelsize100epoch31,VISUAL_PDiff,Random Forest,0.8016489395179055,0.7968948162388028,0.990969005760579,0.3363934978522698,0.8833984490617416
KIN,claroline,DS_VISUAL_PDiff_modelsize100epoch31,VISUAL_PDiff,Ensemble,0.8033230536849393,0.7968829025474485,0.9939572023839168,0.3356435222585994,0.8845764602462861
KIN,claroline,DS_VISUAL_PDiff_modelsize100epoch31,VISUAL_PDiff,Neural Network,0.8149915035559192,0.8294341478941505,0.9517074223483906,0.5023699891657638,0.8863738268627178
KIN,claroline,DS_content_modelsize100epoch31,Content only,Dummy,0.6793882560261816,0.7591460687557768,0.845360824742268,0.1933174980205859,0.7999371637277618
KIN,claroline,DS_content_modelsize100epoch31,Content only,Threshold,0.5404116055132482,1.0,0.5404116055132482,0.701645720636062,0.701645720636062
KIN,claroline,DS_content_modelsize100epoch31,Content only,Nearest Neighbors,0.810749575177796,0.9066390788053256,0.8365456447034215,0.650941425022636,0.8701831337368434
KIN,claroline,DS_content_modelsize100epoch31,Content only,SVM RBF,0.7711372647743722,0.9081979306194552,0.776665504590202,0.614297836232499,0.8372975391498881
KIN,claroline,DS_content_modelsize100epoch31,Content only,Decision Tree,0.818515954433885,0.901632159323995,0.8537941796570214,0.6535134095933867,0.8770613414280597
KIN,claroline,DS_content_modelsize100epoch31,Content only,Gaussian Naive Bayes,0.8121090062307257,0.9069224413550312,0.838222355030961,0.6526908490192885,0.8712201602953991
KIN,claroline,DS_content_modelsize100epoch31,Content only,Random Forest,0.818515954433885,0.901632159323995,0.8537941796570214,0.6535134095933867,0.8770613414280597
KIN,claroline,DS_content_modelsize100epoch31,Content only,Ensemble,0.8099439864056894,0.9066486486486488,0.8353503660540864,0.6501054387875699,0.8695404235464891
KIN,claroline,DS_content_modelsize100epoch31,Content only,Neural Network,0.7904839826294922,0.9071735475434336,0.806165645699487,0.6311193847926778,0.8536921954521082
KIN,claroline,DS_tags_modelsize100epoch31,Tags only,Dummy,0.6787085404997167,0.7590525090301203,0.8442485515546923,0.1936502922129205,0.7993869611349079
KIN,claroline,DS_tags_modelsize100epoch31,Tags only,Threshold,0.627956447857008,1.0,0.627956447857008,0.7714659058399634,0.7714659058399634
KIN,claroline,DS_tags_modelsize100epoch31,Tags only,Nearest Neighbors,0.7825036188558122,0.8415654220469436,0.8785464083536697,0.5169280662025777,0.8596583848409289
KIN,claroline,DS_tags_modelsize100epoch31,Tags only,SVM RBF,0.7845427654352067,0.8483825097760398,0.8716071517505852,0.5344466505290071,0.8598380321479164
KIN,claroline,DS_tags_modelsize100epoch31,Tags only,Decision Tree,0.7810183145572409,0.8412893151907205,0.8765542772714444,0.5152823827700538,0.8585598256896397
KIN,claroline,DS_tags_modelsize100epoch31,Tags only,Gaussian Naive Bayes,0.7795959468814904,0.8292213095806814,0.8932881783621363,0.4813695871097684,0.8600632951857297
KIN,claroline,DS_tags_modelsize100epoch31,Tags only,Random Forest,0.7810812511800617,0.8408783514997216,0.8772847253349271,0.5142984807864164,0.8586958287970622
KIN,claroline,DS_tags_modelsize100epoch31,Tags only,Ensemble,0.7831707470577128,0.8470364214365247,0.8713913375500107,0.5304219823356232,0.8590412909349785
KIN,claroline,DS_tags_modelsize100epoch31,Tags only,Neural Network,0.7853357668827491,0.8509386428281186,0.8691335889901556,0.5406701141995259,0.8599398827220315
KIN,claroline,DS_content_tags_modelsize100epoch31,Content and tags,Dummy,0.6786959531751526,0.7587245270642954,0.8449291963411193,0.1914987964018751,0.7995098886253319
KIN,claroline,DS_content_tags_modelsize100epoch31,Content and tags,Threshold,0.5300648247215054,1.0,0.5300648247215054,0.6928658396130178,0.6928658396130178
KIN,claroline,DS_content_tags_modelsize100epoch31,Content and tags,Nearest Neighbors,0.8400025174649128,0.8792613636363636,0.9145707787572422,0.6468872406033837,0.896568559641314
KIN,claroline,DS_content_tags_modelsize100epoch31,Content and tags,SVM RBF,0.8015230662722639,0.8864651591260668,0.8466723110380663,0.6165369649805447,0.8661119130508618
KIN,claroline,DS_content_tags_modelsize100epoch31,Content and tags,Decision Tree,0.8300081817609667,0.8798608401612693,0.8984843202682736,0.636385665437118,0.8890750642715751
KIN,claroline,DS_content_tags_modelsize100epoch31,Content and tags,Gaussian Naive Bayes,0.8421801246145132,0.8789665199497879,0.9183060245364144,0.6489921612541995,0.8982057319152392
KIN,claroline,DS_content_tags_modelsize100epoch31,Content and tags,Random Forest,0.8300081817609667,0.8798608401612693,0.8984843202682736,0.636385665437118,0.8890750642715751
KIN,claroline,DS_content_tags_modelsize100epoch31,Content and tags,Ensemble,0.8299955944364026,0.8811353070712014,0.8967578066636784,0.6383742101317339,0.8888779187441378
KIN,claroline,DS_content_tags_modelsize100epoch31,Content and tags,Neural Network,0.7954056265340802,0.890037777344235,0.8330926174942311,0.615471965933286,0.8606242496998799
LOT,dimeshift,DS_all_modelsize100epoch31,Ensemble,Dummy,0.716374269005848,0.9186982651094228,0.7584011981653094,0.1214704315396909,0.8308891395754282
LOT,dimeshift,DS_all_modelsize100epoch31,Ensemble,Threshold,0.2979016167870657,1.0,0.2979016167870657,0.4590511529287039,0.4590511529287039
LOT,dimeshift,DS_all_modelsize100epoch31,Ensemble,Nearest Neighbors,0.8816649466804266,0.9409646546005876,0.9295141814097164,0.3188118811881188,0.9352043699378414
LOT,dimeshift,DS_all_modelsize100epoch31,Ensemble,SVM RBF,0.924406604747162,0.9513812154696132,0.9671440606571188,0.4868651488616462,0.9591978833031612
LOT,dimeshift,DS_all_modelsize100epoch31,Ensemble,Decision Tree,0.8511351909184727,0.9391679748822606,0.8960029954132734,0.2729945401091978,0.9170778443113772
LOT,dimeshift,DS_all_modelsize100epoch31,Ensemble,Gaussian Naive Bayes,0.7288441692466461,0.9475748930099858,0.7461387250772255,0.2422494592645998,0.834878240377062
LOT,dimeshift,DS_all_modelsize100epoch31,Ensemble,Random Forest,0.8528551771585827,0.9388573664644884,0.8983431620331368,0.2722245852828583,0.9181535517818704
LOT,dimeshift,DS_all_modelsize100epoch31,Ensemble,Ensemble,0.858359133126935,0.94302804471465,0.9002152953290274,0.3065263157894736,0.921124467219003
LOT,dimeshift,DS_all_modelsize100epoch31,Ensemble,Neural Network,0.8567251461988304,0.9541654074745644,0.8866423289338201,0.3703703703703704,0.9191654536632704
LOT,dimeshift,DS_DOM_RTED_modelsize100epoch31,DOM_RTED,Dummy,0.7141382868937048,0.9215259479894604,0.7529720116072265,0.1352757544224766,0.8287657119307645
LOT,dimeshift,DS_DOM_RTED_modelsize100epoch31,DOM_RTED,Threshold,0.0,,0.0,,
LOT,dimeshift,DS_DOM_RTED_modelsize100epoch31,DOM_RTED,Nearest Neighbors,0.4733402132782938,0.9882201756264724,0.431901151361977,0.2252024291497975,0.6010943199583116
LOT,dimeshift,DS_DOM_RTED_modelsize100epoch31,DOM_RTED,SVM RBF,0.946422428620571,0.9977241242826044,0.94383600112328,0.7474665585731658,0.9700322285824234
LOT,dimeshift,DS_DOM_RTED_modelsize100epoch31,DOM_RTED,Decision Tree,0.4683522531819745,0.9861741196802766,0.4273144247870448,0.2218026183282981,0.5962643678160919
LOT,dimeshift,DS_DOM_RTED_modelsize100epoch31,DOM_RTED,Gaussian Naive Bayes,0.9187306501547988,0.9187306501547988,1.0,0.0,0.9576442113755548
LOT,dimeshift,DS_DOM_RTED_modelsize100epoch31,DOM_RTED,Random Forest,0.4826281389748882,0.9866527632950992,0.4428531311429374,0.2265363846747235,0.611319291898178
LOT,dimeshift,DS_DOM_RTED_modelsize100epoch31,DOM_RTED,Ensemble,0.5921052631578947,0.9875246224556796,0.5631376954039128,0.268168492516587,0.7172578241430702
LOT,dimeshift,DS_DOM_RTED_modelsize100epoch31,DOM_RTED,Neural Network,0.9690402476780186,0.982879595846197,0.9834316203313676,0.8089171974522293,0.983155530600786
LOT,dimeshift,DS_VISUAL_PDiff_modelsize100epoch31,VISUAL_PDiff,Dummy,0.705968352253182,0.9185296151186908,0.7461387250772255,0.1222079589216944,0.8234078818242858
LOT,dimeshift,DS_VISUAL_PDiff_modelsize100epoch31,VISUAL_PDiff,Threshold,0.4488304093567251,1.0,0.4488304093567251,0.6195761856710393,0.6195761856710393
LOT,dimeshift,DS_VISUAL_PDiff_modelsize100epoch31,VISUAL_PDiff,Nearest Neighbors,0.9262985896112832,0.9618349313780786,0.9577833941776654,0.5571059431524549,0.9598048872004128
LOT,dimeshift,DS_VISUAL_PDiff_modelsize100epoch31,VISUAL_PDiff,SVM RBF,0.967062263501892,0.966823785351704,0.9984086866984928,0.7514600908500974,0.9823624222887404
LOT,dimeshift,DS_VISUAL_PDiff_modelsize100epoch31,VISUAL_PDiff,Decision Tree,0.8741830065359477,0.9633165829145728,0.8972198820556023,0.4422417079679756,0.9290941695342412
LOT,dimeshift,DS_VISUAL_PDiff_modelsize100epoch31,VISUAL_PDiff,Gaussian Naive Bayes,0.9187306501547988,0.9187306501547988,1.0,0.0,0.9576442113755548
LOT,dimeshift,DS_VISUAL_PDiff_modelsize100epoch31,VISUAL_PDiff,Random Forest,0.8767629858961128,0.9634268537074148,0.9000280819994384,0.4473582722715002,0.930648986110439
LOT,dimeshift,DS_VISUAL_PDiff_modelsize100epoch31,VISUAL_PDiff,Ensemble,0.9362745098039216,0.9614741923505384,0.969484227276982,0.5885619100499723,0.965462596131438
LOT,dimeshift,DS_VISUAL_PDiff_modelsize100epoch31,VISUAL_PDiff,Neural Network,0.967062263501892,0.9659790083242852,0.9993447533464382,0.7481919789612098,0.9823786519438692
LOT,dimeshift,DS_content_modelsize100epoch31,Content only,Dummy,0.7166322669418644,0.9184413230629814,0.7589628381540766,0.1201602136181575,0.8311209061555022
LOT,dimeshift,DS_content_modelsize100epoch31,Content only,Threshold,0.2966116271069831,1.0,0.2966116271069831,0.4575180738873781,0.4575180738873781
LOT,dimeshift,DS_content_modelsize100epoch31,Content only,Nearest Neighbors,0.8755589955280357,0.9461835748792272,0.9166900683328651,0.3490778227620333,0.9312033471211904
LOT,dimeshift,DS_content_modelsize100epoch31,Content only,SVM RBF,0.891640866873065,0.9488425264361248,0.9323223813535524,0.3930635838150289,0.9405099150141644
LOT,dimeshift,DS_content_modelsize100epoch31,Content only,Decision Tree,0.8538011695906432,0.9429924055626788,0.8949733221005336,0.3015612161051767,0.9183555854384784
LOT,dimeshift,DS_content_modelsize100epoch31,Content only,Gaussian Naive Bayes,0.7168042655658755,0.9465796470872612,0.7331273986707854,0.2340079088160037,0.8262910798122065
LOT,dimeshift,DS_content_modelsize100epoch31,Content only,Random Forest,0.8555211558307534,0.9424078624078625,0.8975943087147805,0.2994161801501251,0.91945536484802
LOT,dimeshift,DS_content_modelsize100epoch31,Content only,Ensemble,0.8570691434468525,0.9468938868522738,0.8945988954413554,0.3298387096774194,0.9200038505968424
LOT,dimeshift,DS_content_modelsize100epoch31,Content only,Neural Network,0.9066047471620228,0.948332243296272,0.9501076476645136,0.4192513368983956,0.9492191153090808
LOT,dimeshift,DS_tags_modelsize100epoch31,Tags only,Dummy,0.7089783281733746,0.9179933570037796,0.7502574183281849,0.1192087454450807,0.825692799011023
LOT,dimeshift,DS_tags_modelsize100epoch31,Tags only,Threshold,0.6244410044719643,1.0,0.6244410044719643,0.7688072423103395,0.7688072423103395
LOT,dimeshift,DS_tags_modelsize100epoch31,Tags only,Nearest Neighbors,0.8731510147918816,0.9494338149160484,0.9104184217916316,0.3666809789609274,0.9295168920533282
LOT,dimeshift,DS_tags_modelsize100epoch31,Tags only,SVM RBF,0.924578603371173,0.957796451914099,0.9602171674623232,0.5292538915727322,0.959005282101622
LOT,dimeshift,DS_tags_modelsize100epoch31,Tags only,Decision Tree,0.8184554523563812,0.951157894736842,0.8458298230834035,0.3130491376505044,0.8954070257147103
LOT,dimeshift,DS_tags_modelsize100epoch31,Tags only,Gaussian Naive Bayes,0.77218782249742,0.9991302186878728,0.7526911916128428,0.4145856353591159,0.8585766910469275
LOT,dimeshift,DS_tags_modelsize100epoch31,Tags only,Random Forest,0.8194874441004472,0.9484848484848484,0.8496676963399794,0.301032301032301,0.8963610329333926
LOT,dimeshift,DS_tags_modelsize100epoch31,Tags only,Ensemble,0.859735122119023,0.9582827055488052,0.8858934756154638,0.3952539859102706,0.92066734763364
LOT,dimeshift,DS_tags_modelsize100epoch31,Tags only,Neural Network,0.9108187134502924,0.9792329093799682,0.9224936815501265,0.5866879234754881,0.9500168699089024
LOT,dimeshift,DS_content_tags_modelsize100epoch31,Content and tags,Dummy,0.7138802889576883,0.9190975387420236,0.7550313582327062,0.1237819331050829,0.8290251297600082
LOT,dimeshift,DS_content_tags_modelsize100epoch31,Content and tags,Threshold,0.2997076023391813,1.0,0.2997076023391813,0.4611923509561305,0.4611923509561305
LOT,dimeshift,DS_content_tags_modelsize100epoch31,Content and tags,Nearest Neighbors,0.8985208118335053,0.9460245940110767,0.9433679677993072,0.3854166666666666,0.9446944131983503
LOT,dimeshift,DS_content_tags_modelsize100epoch31,Content and tags,SVM RBF,0.91296869625043,0.949103742918176,0.9565665075353366,0.4396456256921373,0.9528205128205128
LOT,dimeshift,DS_content_tags_modelsize100epoch31,Content and tags,Decision Tree,0.8605091159270726,0.9427342910192514,0.9030234952728634,0.3068376068376068,0.922451711608338
LOT,dimeshift,DS_content_tags_modelsize100epoch31,Content and tags,Gaussian Naive Bayes,0.7113863089095287,0.9462784748446826,0.7271365721239352,0.230980751604033,0.8223586703366504
LOT,dimeshift,DS_content_tags_modelsize100epoch31,Content and tags,Random Forest,0.8630890952872377,0.9423844282238444,0.9063933352054666,0.3072236727589208,0.9240385532970704
LOT,dimeshift,DS_content_tags_modelsize100epoch31,Content and tags,Ensemble,0.8728930168558652,0.947061680427392,0.9126649817467004,0.3511852502194907,0.9295452378682432
LOT,dimeshift,DS_content_tags_modelsize100epoch31,Content and tags,Neural Network,0.8302373581011352,0.9477634961439588,0.8627726294112141,0.3068820224719101,0.9032732261858096
LOT,mantisbt,DS_content_modelsize100epoch31,Content only,Dummy,0.7100220750551877,0.9017877873229626,0.7611209092690574,0.1425587467362924,0.8255047821466526
LOT,mantisbt,DS_content_modelsize100epoch31,Content only,Threshold,0.2735540838852097,1.0,0.2735540838852097,0.4295916244886639,0.4295916244886639
LOT,mantisbt,DS_content_modelsize100epoch31,Content only,Nearest Neighbors,0.9017218543046358,0.989555292344137,0.9004507152655301,0.6474501108647451,0.9429025804134816
LOT,mantisbt,DS_content_modelsize100epoch31,Content only,SVM RBF,0.9150551876379692,0.9930659270322169,0.9121105232216344,0.6866449511400653,0.9508682328907048
LOT,mantisbt,DS_content_modelsize100epoch31,Content only,Decision Tree,0.8771743929359823,0.9784000868338216,0.8832059572800314,0.5694831321572268,0.9283691230238426
LOT,mantisbt,DS_content_modelsize100epoch31,Content only,Gaussian Naive Bayes,0.8412362030905077,1.0,0.8238291201254164,0.5545094152626363,0.903406038465671
LOT,mantisbt,DS_content_modelsize100epoch31,Content only,Random Forest,0.8781456953642384,0.9775974025974026,0.8850676072898295,0.5692883895131087,0.9290342486886762
LOT,mantisbt,DS_content_modelsize100epoch31,Content only,Ensemble,0.896158940397351,0.9924738219895288,0.8915343915343915,0.641025641025641,0.9393000929080212
LOT,mantisbt,DS_content_modelsize100epoch31,Content only,Neural Network,0.9105518763796908,0.9934514224369296,0.906721536351166,0.6762543943751997,0.9481071666410532
LOT,mantisbt,DS_tags_modelsize100epoch31,Tags only,Dummy,0.7073730684326711,0.9009774261112404,0.7586713697824808,0.1392207792207792,0.823723404255319
LOT,mantisbt,DS_tags_modelsize100epoch31,Tags only,Threshold,0.5645916114790287,1.0,0.5645916114790287,0.7217111575145324,0.7217111575145324
LOT,mantisbt,DS_tags_modelsize100epoch31,Tags only,Nearest Neighbors,0.8492715231788079,0.9610502332646196,0.8679208308837938,0.4710257204834212,0.912114503423776
LOT,mantisbt,DS_tags_modelsize100epoch31,Tags only,SVM RBF,0.834878587196468,0.9860074626865672,0.8285322359396433,0.516546018614271,0.9004365882227664
LOT,mantisbt,DS_tags_modelsize100epoch31,Tags only,Decision Tree,0.8185430463576159,0.9549056814376604,0.8382324123064864,0.4103299856527977,0.8927732846334464
LOT,mantisbt,DS_tags_modelsize100epoch31,Tags only,Gaussian Naive Bayes,0.8167770419426048,1.0,0.7966882226141485,0.5188963598423371,0.8868408136554508
LOT,mantisbt,DS_tags_modelsize100epoch31,Tags only,Random Forest,0.8214569536423841,0.9524546660769572,0.844013325494807,0.4052941176470588,0.894961038961039
LOT,mantisbt,DS_tags_modelsize100epoch31,Tags only,Ensemble,0.8404415011037527,0.97106001121705,0.8482265334117186,0.4879569283083026,0.9054965744469432
LOT,mantisbt,DS_tags_modelsize100epoch31,Tags only,Neural Network,0.818719646799117,0.9621358122661828,0.8315696649029982,0.4333425338117582,0.8921006990066747
LOT,mantisbt,DS_content_tags_modelsize100epoch31,Content and tags,Dummy,0.7066666666666667,0.8983796296296296,0.760533019792279,0.1267087276550999,0.8237291732993739
LOT,mantisbt,DS_content_tags_modelsize100epoch31,Content and tags,Threshold,0.2765562913907284,1.0,0.2765562913907284,0.4332849138825482,0.4332849138825482
LOT,mantisbt,DS_content_tags_modelsize100epoch31,Content and tags,Nearest Neighbors,0.8930684326710817,0.9908326967150496,0.8895747599451304,0.6309052118256628,0.9374774123599566
LOT,mantisbt,DS_content_tags_modelsize100epoch31,Content and tags,SVM RBF,0.8782339955849889,0.9996603645420582,0.8651773466588282,0.6181113265023539,0.9275697253006986
LOT,mantisbt,DS_content_tags_modelsize100epoch31,Content and tags,Decision Tree,0.8702869757174393,0.9795806345372708,0.8742896335488928,0.5595202398800599,0.9239451203727672
LOT,mantisbt,DS_content_tags_modelsize100epoch31,Content and tags,Gaussian Naive Bayes,0.8446799116997793,1.0,0.8276504017244758,0.5599199399549663,0.9056988152039886
LOT,mantisbt,DS_content_tags_modelsize100epoch31,Content and tags,Random Forest,0.8716114790286976,0.9794040315512708,0.8759553203997649,0.5615199034981905,0.9247956967001136
LOT,mantisbt,DS_content_tags_modelsize100epoch31,Content and tags,Ensemble,0.8836203090507726,0.9924645390070922,0.8775230256711738,0.6146198830409357,0.931461258450338
LOT,mantisbt,DS_content_tags_modelsize100epoch31,Content and tags,Neural Network,0.8672847682119206,1.0,0.8527336860670194,0.5982357658380112,0.9205140409328892
LOT,mantisbt,DS_all_modelsize100epoch31,Ensemble,Dummy,0.7065783664459161,0.8997560692298757,0.7589653145208701,0.1335071707953063,0.8233855965984587
LOT,mantisbt,DS_all_modelsize100epoch31,Ensemble,Threshold,0.2861810154525386,1.0,0.2861810154525386,0.4450089248935878,0.4450089248935878
LOT,mantisbt,DS_all_modelsize100epoch31,Ensemble,Nearest Neighbors,0.8878587196467991,0.9780654825593836,0.89564961787184,0.5900581020012912,0.935045008183306
LOT,mantisbt,DS_all_modelsize100epoch31,Ensemble,SVM RBF,0.8739072847682119,0.9988633780404638,0.8610621203213796,0.6083379045529347,0.9248579246474428
LOT,mantisbt,DS_all_modelsize100epoch31,Ensemble,Decision Tree,0.8581015452538632,0.968814742121906,0.8705663335292965,0.5090131377940728,0.9170666253806058
LOT,mantisbt,DS_all_modelsize100epoch31,Ensemble,Gaussian Naive Bayes,0.8391169977924945,1.0,0.8214775622183029,0.551231527093596,0.9019903173749328
LOT,mantisbt,DS_all_modelsize100epoch31,Ensemble,Random Forest,0.8593377483443708,0.9675388122896535,0.8732118361747991,0.5072687905969687,0.9179584899830046
LOT,mantisbt,DS_all_modelsize100epoch31,Ensemble,Ensemble,0.8789403973509934,0.9849599297398176,0.8790907309425828,0.5889055472263869,0.929018897230132
LOT,mantisbt,DS_all_modelsize100epoch31,Ensemble,Neural Network,0.8643708609271523,0.99953906430053,0.8498922202625906,0.5921402018056293,0.9186613005719128
LOT,mantisbt,DS_DOM_RTED_modelsize100epoch31,DOM_RTED,Dummy,0.70719646799117,0.9003021148036254,0.7591612776797962,0.1360083376758728,0.8237295343397832
LOT,mantisbt,DS_DOM_RTED_modelsize100epoch31,DOM_RTED,Threshold,0.0067108167770419,1.0,0.0067108167770419,0.0133321638452767,0.0133321638452767
LOT,mantisbt,DS_DOM_RTED_modelsize100epoch31,DOM_RTED,Nearest Neighbors,0.7454304635761589,0.9469058952764556,0.7601410934744268,0.3218066337332392,0.8433067014511658
LOT,mantisbt,DS_DOM_RTED_modelsize100epoch31,DOM_RTED,SVM RBF,0.9240618101545254,1.0,0.9157358416617676,0.7224015493867011,0.9560147299509002
LOT,mantisbt,DS_DOM_RTED_modelsize100epoch31,DOM_RTED,Decision Tree,0.6726710816777042,0.9852172614603554,0.6464824612972762,0.3549678092918044,0.7806898183754363
LOT,mantisbt,DS_DOM_RTED_modelsize100epoch31,DOM_RTED,Gaussian Naive Bayes,0.9011920529801324,0.9011920529801324,1.0,0.0,0.948028424132646
LOT,mantisbt,DS_DOM_RTED_modelsize100epoch31,DOM_RTED,Random Forest,0.6770860927152318,0.9853268119164073,0.6513815402704292,0.3580832016850974,0.7842859670854716
LOT,mantisbt,DS_DOM_RTED_modelsize100epoch31,DOM_RTED,Ensemble,0.8173068432671081,0.988122375524895,0.8069762884577699,0.4964711608663909,0.8884094709023246
LOT,mantisbt,DS_DOM_RTED_modelsize100epoch31,DOM_RTED,Neural Network,0.9304194260485652,0.9666997026759168,0.9557123260826964,0.665250637213254,0.96117461568782
LOT,mantisbt,DS_VISUAL_PDiff_modelsize100epoch31,VISUAL_PDiff,Dummy,0.7085209713024283,0.9029058233166064,0.7580834803057025,0.1481290322580645,0.8241810918774967
LOT,mantisbt,DS_VISUAL_PDiff_modelsize100epoch31,VISUAL_PDiff,Threshold,0.0,,0.0,,
LOT,mantisbt,DS_VISUAL_PDiff_modelsize100epoch31,VISUAL_PDiff,Nearest Neighbors,0.6780573951434878,0.962884561106407,0.6685283166764648,0.3195222097797685,0.7891510525098311
LOT,mantisbt,DS_VISUAL_PDiff_modelsize100epoch31,VISUAL_PDiff,SVM RBF,0.9343046357615894,0.978071948261924,0.9483637076229668,0.7080062794348507,0.9629887573375784
LOT,mantisbt,DS_VISUAL_PDiff_modelsize100epoch31,VISUAL_PDiff,Decision Tree,0.6199558498896247,0.9579453755431409,0.6048402900254752,0.2826666666666667,0.7415015015015014
LOT,mantisbt,DS_VISUAL_PDiff_modelsize100epoch31,VISUAL_PDiff,Gaussian Naive Bayes,0.9011920529801324,0.9011920529801324,1.0,0.0,0.948028424132646
LOT,mantisbt,DS_VISUAL_PDiff_modelsize100epoch31,VISUAL_PDiff,Random Forest,0.6210154525386313,0.9574566831683168,0.6064079952968842,0.2822742474916388,0.7425314937012597
LOT,mantisbt,DS_VISUAL_PDiff_modelsize100epoch31,VISUAL_PDiff,Ensemble,0.7214128035320089,0.963211141768493,0.7183029590436998,0.3471963583695427,0.8229219284952574
LOT,mantisbt,DS_VISUAL_PDiff_modelsize100epoch31,VISUAL_PDiff,Neural Network,0.9468432671081678,0.9783821478382148,0.9622770919067216,0.7497921862011637,0.9702627939142462
KIN,mantisbt,DS_content_modelsize100epoch31,Content only,Dummy,0.7066925925063456,0.7573200671921437,0.9014134329965088,0.1420835745666314,0.8231080900785764
KIN,mantisbt,DS_content_modelsize100epoch31,Content only,Threshold,0.5005938103998323,1.0,0.5005938103998323,0.6671942892613283,0.6671942892613283
KIN,mantisbt,DS_content_modelsize100epoch31,Content only,Nearest Neighbors,0.8344549751996833,0.8356435905228802,0.972623387009951,0.5424765092032438,0.8989452436458748
KIN,mantisbt,DS_content_modelsize100epoch31,Content only,SVM RBF,0.8626318608387863,0.8700888697272715,0.962211046001938,0.6614634146341463,0.9138341537517712
KIN,mantisbt,DS_content_modelsize100epoch31,Content only,Decision Tree,0.820820622685886,0.8287016186716826,0.962211046001938,0.5076937841901533,0.8904798844235053
KIN,mantisbt,DS_content_modelsize100epoch31,Content only,Gaussian Naive Bayes,0.8793516987634772,0.905268933608174,0.9388794044817668,0.73646998982706,0.92176788572464
KIN,mantisbt,DS_content_modelsize100epoch31,Content only,Random Forest,0.8205993992035955,0.828423519442863,0.9623340869591964,0.506533435818601,0.890371972564533
KIN,mantisbt,DS_content_modelsize100epoch31,Content only,Ensemble,0.8461448897375591,0.8513013169137292,0.9653947307710052,0.5998182919442762,0.9047653367158672
KIN,mantisbt,DS_content_modelsize100epoch31,Content only,Neural Network,0.8299490021656615,0.8335318090399069,0.9688706378135622,0.5315456907335536,0.8961200611686048
KIN,mantisbt,DS_tags_modelsize100epoch31,Tags only,Dummy,0.7078685699648372,0.7575366674836496,0.9031975268767592,0.1416940339354132,0.8239792338992563
KIN,mantisbt,DS_tags_modelsize100epoch31,Tags only,Threshold,0.5672402952751322,1.0,0.5672402952751322,0.7238715045615286,0.7238715045615286
KIN,mantisbt,DS_tags_modelsize100epoch31,Tags only,Nearest Neighbors,0.7763896327690194,0.8309399289202231,0.884602962211046,0.4883442120687358,0.8569321424048512
KIN,mantisbt,DS_tags_modelsize100epoch31,Tags only,SVM RBF,0.7305847285937173,0.8349006813165724,0.8028883864716467,0.4768128066565673,0.818581677055157
KIN,mantisbt,DS_tags_modelsize100epoch31,Tags only,Decision Tree,0.7764478494748853,0.8281082164902682,0.889293898706532,0.4800974817221771,0.8576111300633333
KIN,mantisbt,DS_tags_modelsize100epoch31,Tags only,Gaussian Naive Bayes,0.7979647439629276,0.8805626966005078,0.8481674587428291,0.60676245297557,0.8640615452109741
KIN,mantisbt,DS_tags_modelsize100epoch31,Tags only,Random Forest,0.776366346086673,0.8277811167396468,0.8896937818176225,0.4790756963467223,0.8576215150369529
KIN,mantisbt,DS_tags_modelsize100epoch31,Tags only,Ensemble,0.7751321519223157,0.8342254592254592,0.8772974053738138,0.4967558694009433,0.8552194609992879
KIN,mantisbt,DS_tags_modelsize100epoch31,Tags only,Neural Network,0.7570383997391892,0.7570383997391892,1.0,0.0,0.8617209502667241
KIN,mantisbt,DS_content_tags_modelsize100epoch31,Content and tags,Dummy,0.7057960552360105,0.7567131214238663,0.9010750703640474,0.1384930105693829,0.8226085003018774
KIN,mantisbt,DS_content_tags_modelsize100epoch31,Content and tags,Threshold,0.5071606548215076,1.0,0.5071606548215076,0.6730014523655018,0.6730014523655018
KIN,mantisbt,DS_content_tags_modelsize100epoch31,Content and tags,Nearest Neighbors,0.8079314440071723,0.8040554935896632,0.986757716975038,0.3881305637982196,0.8860867883877027
KIN,mantisbt,DS_content_tags_modelsize100epoch31,Content and tags,SVM RBF,0.7570383997391892,0.7570383997391892,1.0,0.0,0.8617209502667241
KIN,mantisbt,DS_content_tags_modelsize100epoch31,Content and tags,Decision Tree,0.8069301166662786,0.8057466765979473,0.9816207570094896,0.3979376951564883,0.8850308534978855
KIN,mantisbt,DS_content_tags_modelsize100epoch31,Content and tags,Gaussian Naive Bayes,0.8700835991896234,0.8838714275532749,0.9536904597117766,0.6951199519099405,0.9174545400742746
KIN,mantisbt,DS_content_tags_modelsize100epoch31,Content and tags,Random Forest,0.8065691730899098,0.8053389851891101,0.9818053184453776,0.3956051951831775,0.8848598260387428
KIN,mantisbt,DS_content_tags_modelsize100epoch31,Content and tags,Ensemble,0.8076636471601891,0.8052618328298087,0.98386625447946,0.3951964266100392,0.8856492153482995
KIN,mantisbt,DS_content_tags_modelsize100epoch31,Content and tags,Neural Network,0.7708706890529307,0.7681697738241696,0.9987542103077562,0.1142368456587298,0.8684163016950286
KIN,mantisbt,DS_all_modelsize100epoch31,Ensemble,Dummy,0.7069371026709824,0.7573792515468978,0.90175179562897,0.1421267893660531,0.8232840934621434
KIN,mantisbt,DS_all_modelsize100epoch31,Ensemble,Threshold,0.5156835805602776,1.0,0.5156835805602776,0.6804633726647001,0.6804633726647001
KIN,mantisbt,DS_all_modelsize100epoch31,Ensemble,Nearest Neighbors,0.8014228162913629,0.8055966155257659,0.9723311647364616,0.3968596385755207,0.8811456845186244
KIN,mantisbt,DS_all_modelsize100epoch31,Ensemble,SVM RBF,0.7570383997391892,0.7570383997391892,1.0,0.0,0.8617209502667241
KIN,mantisbt,DS_all_modelsize100epoch31,Ensemble,Decision Tree,0.7963696062222015,0.8054391692157418,0.963841338685615,0.3958268559781669,0.8775494486259409
KIN,mantisbt,DS_all_modelsize100epoch31,Ensemble,Gaussian Naive Bayes,0.8393102484689007,0.8742692622471647,0.9200541380211938,0.6399332098411126,0.8965775649528264
KIN,mantisbt,DS_all_modelsize100epoch31,Ensemble,Random Forest,0.7959504459399669,0.8047221865776979,0.9645180639505376,0.3919786281788849,0.8774038293377359
KIN,mantisbt,DS_all_modelsize100epoch31,Ensemble,Ensemble,0.797417506927788,0.8043355999795491,0.967840169796521,0.3898727075078023,0.8785452514746431
KIN,mantisbt,DS_all_modelsize100epoch31,Ensemble,Neural Network,0.7572014065156137,0.7571618222470654,1.0,0.0013409319477036,0.8618009026383283
KIN,mantisbt,DS_DOM_RTED_modelsize100epoch31,DOM_RTED,Dummy,0.7060056353771278,0.757114964376689,0.9005521462956981,0.1416236062007071,0.8226277782460871
KIN,mantisbt,DS_DOM_RTED_modelsize100epoch31,DOM_RTED,Threshold,0.033649255990499,1.0,0.033649255990499,0.0651076867621879,0.0651076867621879
KIN,mantisbt,DS_DOM_RTED_modelsize100epoch31,DOM_RTED,Nearest Neighbors,0.8096197284772838,0.8192181555817919,0.9604730924806596,0.464305605608885,0.8842398884239888
KIN,mantisbt,DS_DOM_RTED_modelsize100epoch31,DOM_RTED,SVM RBF,0.7986051277274526,0.8241631344419085,0.9330349590119812,0.4781414994720168,0.875226326761742
KIN,mantisbt,DS_DOM_RTED_modelsize100epoch31,DOM_RTED,Decision Tree,0.809503295065552,0.8189517292010803,0.9607653147541488,0.4631337161607876,0.8842084403773612
KIN,mantisbt,DS_DOM_RTED_modelsize100epoch31,DOM_RTED,Gaussian Naive Bayes,0.7950771953519782,0.8496924824117639,0.8860486934588351,0.5481618402135963,0.8674898358680921
KIN,mantisbt,DS_DOM_RTED_modelsize100epoch31,DOM_RTED,Random Forest,0.809503295065552,0.8189517292010803,0.9607653147541488,0.4631337161607876,0.8842084403773612
KIN,mantisbt,DS_DOM_RTED_modelsize100epoch31,DOM_RTED,Ensemble,0.8096197284772838,0.8192181555817919,0.9604730924806596,0.464305605608885,0.8842398884239888
KIN,mantisbt,DS_DOM_RTED_modelsize100epoch31,DOM_RTED,Neural Network,0.7984886943157209,0.824042379788101,0.9330503391316384,0.477650680590348,0.8751649968623548
KIN,mantisbt,DS_VISUAL_PDiff_modelsize100epoch31,VISUAL_PDiff,Dummy,0.7072398295414852,0.7574873112835945,0.9020901582614312,0.14248686992701726,0.8234889434889435
KIN,mantisbt,DS_VISUAL_PDiff_modelsize100epoch31,VISUAL_PDiff,Threshold,0.07098945113289709,1.0,0.07098945113289709,0.1325679745170303,0.1325679745170303
KIN,mantisbt,DS_VISUAL_PDiff_modelsize100epoch31,VISUAL_PDiff,Nearest Neighbors,0.8183638776983443,0.815047621476202,0.98317414909488,0.44919144128239524,0.8912513070756362
KIN,mantisbt,DS_VISUAL_PDiff_modelsize100epoch31,VISUAL_PDiff,SVM RBF,0.6729734764688075,0.8384406729958579,0.7035943339639182,0.4618420800521163,0.7651215494100233
KIN,mantisbt,DS_VISUAL_PDiff_modelsize100epoch31,VISUAL_PDiff,Decision Tree,0.8211932096034278,0.8175644567219152,0.9832049093341946,0.46230874269108224,0.8927666170894695
KIN,mantisbt,DS_VISUAL_PDiff_modelsize100epoch31,VISUAL_PDiff,Gaussian Naive Bayes,0.7476538667536036,0.8435577959546002,0.8184530675648657,0.5036982756646592,0.8308158278884961
KIN,mantisbt,DS_VISUAL_PDiff_modelsize100epoch31,VISUAL_PDiff,Random Forest,0.8214260764268915,0.8174812126169418,0.9837585936418586,0.4620295345329545,0.8929451428491656
KIN,mantisbt,DS_VISUAL_PDiff_modelsize100epoch31,VISUAL_PDiff,Ensemble,0.8223924737442656,0.8188796760261947,0.9827588858641321,0.46890885035861013,0.8933659559594548
KIN,mantisbt,DS_VISUAL_PDiff_modelsize100epoch31,VISUAL_PDiff,Neural Network,0.8358521761404653,0.8468874749649168,0.9560128577800335,0.5773474037654396,0.8981476129927176
