App,Model,Embedding,Classifier,Accuracy,Precision,Recall,F1_0,F1_1
addressbook,DS_content_modelsize100epoch31,Content only,Dummy,0.5807990459153249,0.7160804020100503,0.7013945857260049,0.2529224229543039,0.7086614173228348
addressbook,DS_content_modelsize100epoch31,Content only,Threshold,0.4979172764731047,1.0,0.4979172764731047,0.664812782779924,0.664812782779924
addressbook,DS_content_modelsize100epoch31,Content only,Nearest Neighbors,0.9063804412641622,0.9248,0.948318293683347,0.8225988700564972,0.9364115026326448
addressbook,DS_content_modelsize100epoch31,Content only,SVM RBF,0.8974358974358975,0.8790731354091238,0.995898277276456,0.7718832891246684,0.9338461538461538
addressbook,DS_content_modelsize100epoch31,Content only,Decision Tree,0.8795468097793679,0.9205955334987592,0.9130434782608696,0.7818574514038876,0.9168039538714992
addressbook,DS_content_modelsize100epoch31,Content only,Gaussian Naive Bayes,0.8783542039355993,0.9136104319478404,0.9196062346185396,0.7753303964757708,0.9165985282093212
addressbook,DS_content_modelsize100epoch31,Content only,Random Forest,0.8795468097793679,0.9205955334987592,0.9130434782608696,0.7818574514038876,0.9168039538714992
addressbook,DS_content_modelsize100epoch31,Content only,Ensemble,0.9039952295766248,0.9198412698412698,0.9507793273174734,0.8160000000000001,0.9350544574425173
addressbook,DS_content_modelsize100epoch31,Content only,Neural Network,0.8795468097793679,0.910411622276029,0.9253486464315012,0.7745535714285714,0.9178193653376728
addressbook,DS_tags_modelsize100epoch31,Tags only,Dummy,0.5986881335718545,0.7297979797979798,0.7112387202625102,0.2893347412882787,0.7203988367262152
addressbook,DS_tags_modelsize100epoch31,Tags only,Threshold,0.5941841352757076,1.0,0.5941841352757076,0.745439779668797,0.745439779668797
addressbook,DS_tags_modelsize100epoch31,Tags only,Nearest Neighbors,0.9719737626714372,0.9787581699346404,0.9827727645611156,0.9484083424807904,0.9807613589848546
addressbook,DS_tags_modelsize100epoch31,Tags only,SVM RBF,0.9761478831246272,0.9788789601949636,0.9885151763740772,0.9557522123893804,0.9836734693877552
addressbook,DS_tags_modelsize100epoch31,Tags only,Decision Tree,0.9672033392963626,0.9762684124386252,0.9786710418375718,0.9397590361445785,0.9774682507169192
addressbook,DS_tags_modelsize100epoch31,Tags only,Gaussian Naive Bayes,0.9743589743589745,0.9835526315789472,0.981132075471698,0.9532100108813928,0.982340862422998
addressbook,DS_tags_modelsize100epoch31,Tags only,Random Forest,0.9672033392963626,0.9762684124386252,0.9786710418375718,0.9397590361445785,0.9774682507169192
addressbook,DS_tags_modelsize100epoch31,Tags only,Ensemble,0.9713774597495528,0.9779591836734692,0.9827727645611156,0.9472527472527472,0.9803600654664484
addressbook,DS_tags_modelsize100epoch31,Tags only,Neural Network,0.9767441860465116,0.9867986798679867,0.981132075471698,0.9577464788732396,0.9839572192513368
addressbook,DS_content_tags_modelsize100epoch31,Content and tags,Dummy,0.5992844364937389,0.7273482959268496,0.7178014766201805,0.278969957081545,0.722543352601156
addressbook,DS_content_tags_modelsize100epoch31,Content and tags,Threshold,0.5047058293742823,1.0,0.5047058293742823,0.6708365442887391,0.6708365442887391
addressbook,DS_content_tags_modelsize100epoch31,Content and tags,Nearest Neighbors,0.936195587358378,0.9549918166939444,0.9573420836751436,0.8828039430449067,0.9561655059401885
addressbook,DS_content_tags_modelsize100epoch31,Content and tags,SVM RBF,0.951103160405486,0.972568578553616,0.95980311730927,0.9120171673819744,0.9661436829066888
addressbook,DS_content_tags_modelsize100epoch31,Content and tags,Decision Tree,0.9200954084675016,0.9472382522671065,0.9425758818703855,0.8546637744034707,0.9449013157894736
addressbook,DS_content_tags_modelsize100epoch31,Content and tags,Gaussian Naive Bayes,0.9522957662492546,0.9726141078838174,0.9614438063986874,0.913978494623656,0.9669966996699668
addressbook,DS_content_tags_modelsize100epoch31,Content and tags,Random Forest,0.9200954084675016,0.9472382522671065,0.9425758818703855,0.8546637744034707,0.9449013157894736
addressbook,DS_content_tags_modelsize100epoch31,Content and tags,Ensemble,0.939773404889684,0.9589490968801314,0.9581624282198524,0.8898582333696837,0.9585556011489536
addressbook,DS_content_tags_modelsize100epoch31,Content and tags,Neural Network,0.9522957662492546,0.9726141078838174,0.9614438063986874,0.913978494623656,0.9669966996699668
claroline,DS_content_modelsize100epoch31,Content only,Dummy,0.7197523916713562,0.8293172690763052,0.8360323886639676,0.1384083044982699,0.8326612903225805
claroline,DS_content_modelsize100epoch31,Content only,Threshold,0.5404116055132482,1.0,0.5404116055132482,0.701645720636062,0.701645720636062
claroline,DS_content_modelsize100epoch31,Content only,Nearest Neighbors,0.998030388294879,1.0,0.997638326585695,0.9941027801179444,0.9988177672690424
claroline,DS_content_modelsize100epoch31,Content only,SVM RBF,0.9977490151941476,1.0,0.9973009446693656,0.9932659932659932,0.9986486486486488
claroline,DS_content_modelsize100epoch31,Content only,Decision Tree,0.994091164884637,0.995287781891619,0.997638326585695,0.9820971867007672,0.9964616680707666
claroline,DS_content_modelsize100epoch31,Content only,Gaussian Naive Bayes,0.998030388294879,1.0,0.997638326585695,0.9941027801179444,0.9988177672690424
claroline,DS_content_modelsize100epoch31,Content only,Random Forest,0.994091164884637,0.995287781891619,0.997638326585695,0.9820971867007672,0.9964616680707666
claroline,DS_content_modelsize100epoch31,Content only,Ensemble,0.998030388294879,1.0,0.997638326585695,0.9941027801179444,0.9988177672690424
claroline,DS_content_modelsize100epoch31,Content only,Neural Network,0.9977490151941476,1.0,0.9973009446693656,0.9932659932659932,0.9986486486486488
claroline,DS_tags_modelsize100epoch31,Tags only,Dummy,0.7318514350028137,0.8328368090036412,0.8488529014844804,0.151380231522707,0.8407685881370092
claroline,DS_tags_modelsize100epoch31,Tags only,Threshold,0.627956447857008,1.0,0.627956447857008,0.7714659058399634,0.7714659058399634
claroline,DS_tags_modelsize100epoch31,Tags only,Nearest Neighbors,0.9425998874507596,0.9640215198386012,0.9672739541160594,0.8256410256410257,0.9656449983159312
claroline,DS_tags_modelsize100epoch31,Tags only,SVM RBF,0.9532920652785594,0.9857638888888888,0.9578272604588394,0.8686708860759492,0.9715947980835044
claroline,DS_tags_modelsize100epoch31,Tags only,Decision Tree,0.9290939786156444,0.9496021220159152,0.9662618083670717,0.776595744680851,0.9578595317725752
claroline,DS_tags_modelsize100epoch31,Tags only,Gaussian Naive Bayes,0.937816544738323,0.998183799491464,0.9271255060728744,0.8411214953271029,0.961343361903096
claroline,DS_tags_modelsize100epoch31,Tags only,Random Forest,0.929375351716376,0.9499170812603648,0.9662618083670717,0.7776793622674933,0.9580197357417628
claroline,DS_tags_modelsize100epoch31,Tags only,Ensemble,0.9454136184580754,0.9736662106703148,0.9605263157894736,0.840983606557377,0.9670516304347826
claroline,DS_tags_modelsize100epoch31,Tags only,Neural Network,0.94625773776027,0.956836902800659,0.979757085020243,0.8277727682596933,0.9681613602267044
claroline,DS_content_tags_modelsize100epoch31,Content and tags,Dummy,0.7388857625211029,0.8379814077025233,0.8515519568151148,0.1802120141342756,0.8447121820615796
claroline,DS_content_tags_modelsize100epoch31,Content and tags,Threshold,0.5300648247215054,1.0,0.5300648247215054,0.6928658396130178,0.6928658396130178
claroline,DS_content_tags_modelsize100epoch31,Content and tags,Nearest Neighbors,0.9983117613956106,0.9986513823331086,0.9993252361673416,0.99490662139219,0.9989881956155144
claroline,DS_content_tags_modelsize100epoch31,Content and tags,SVM RBF,0.9983117613956106,0.99932478055368,0.9986504723346828,0.9949238578680204,0.9989875126560918
claroline,DS_content_tags_modelsize100epoch31,Content and tags,Decision Tree,0.9969048958919527,0.9973054900639946,0.998987854251012,0.9906382978723404,0.9981459632563626
claroline,DS_content_tags_modelsize100epoch31,Content and tags,Gaussian Naive Bayes,0.9983117613956106,0.9986513823331086,0.9993252361673416,0.99490662139219,0.9989881956155144
claroline,DS_content_tags_modelsize100epoch31,Content and tags,Random Forest,0.9969048958919527,0.9973054900639946,0.998987854251012,0.9906382978723404,0.9981459632563626
claroline,DS_content_tags_modelsize100epoch31,Content and tags,Ensemble,0.998030388294879,0.9986509274873524,0.998987854251012,0.9940627650551314,0.998819362455726
claroline,DS_content_tags_modelsize100epoch31,Content and tags,Neural Network,0.9983117613956106,0.9996621621621622,0.9983130904183536,0.9949324324324323,0.99898717083052
dimeshift,DS_content_modelsize100epoch31,Content only,Dummy,0.8589853826311264,0.923005132991134,0.9238673517048108,0.108695652173913,0.9234360410831
dimeshift,DS_content_modelsize100epoch31,Content only,Threshold,0.4982648423168153,1.0,0.4982648423168153,0.6651225180540609,0.6651225180540609
dimeshift,DS_content_modelsize100epoch31,Content only,Nearest Neighbors,0.9320722269991402,0.9448183041722744,0.9836524988323212,0.4397163120567376,0.9638443935926772
dimeshift,DS_content_modelsize100epoch31,Content only,SVM RBF,0.9204643164230438,0.9204643164230438,1.0,0.0,0.9585851802104322
dimeshift,DS_content_modelsize100epoch31,Content only,Decision Tree,0.8946689595872743,0.9429906542056076,0.942550210182158,0.3396226415094339,0.9427703807521608
dimeshift,DS_content_modelsize100epoch31,Content only,Gaussian Naive Bayes,0.9204643164230438,0.9204643164230438,1.0,0.0,0.9585851802104322
dimeshift,DS_content_modelsize100epoch31,Content only,Random Forest,0.8946689595872743,0.9425770308123248,0.9430172816440916,0.3360433604336043,0.942797104833061
dimeshift,DS_content_modelsize100epoch31,Content only,Ensemble,0.9312123817712812,0.9412026726057906,0.9869219990658572,0.3984962406015038,0.9635202918376654
dimeshift,DS_content_modelsize100epoch31,Content only,Neural Network,0.9204643164230438,0.9204643164230438,1.0,0.0,0.9585851802104322
dimeshift,DS_tags_modelsize100epoch31,Tags only,Dummy,0.8619948409286329,0.924044734389562,0.9262027090144792,0.1205479452054794,0.9251224632610218
dimeshift,DS_tags_modelsize100epoch31,Tags only,Threshold,0.5591180491452742,1.0,0.5591180491452742,0.7172234962603234,0.7172234962603234
dimeshift,DS_tags_modelsize100epoch31,Tags only,Nearest Neighbors,0.9200343938091144,0.9498389323515876,0.964035497431107,0.4497041420118343,0.956884561891516
dimeshift,DS_tags_modelsize100epoch31,Tags only,SVM RBF,0.9204643164230438,0.9204643164230438,1.0,0.0,0.9585851802104322
dimeshift,DS_tags_modelsize100epoch31,Tags only,Decision Tree,0.910146173688736,0.952247191011236,0.9500233535730966,0.4426666666666666,0.9511339724105682
dimeshift,DS_tags_modelsize100epoch31,Tags only,Gaussian Naive Bayes,0.8916595012897678,0.9881136950904392,0.8930406352171882,0.5625,0.9381746810598626
dimeshift,DS_tags_modelsize100epoch31,Tags only,Random Forest,0.910146173688736,0.951824134705332,0.9504904250350305,0.4396782841823056,0.9511568123393316
dimeshift,DS_tags_modelsize100epoch31,Tags only,Ensemble,0.9161650902837488,0.9521375464684017,0.9570294255021018,0.456824512534819,0.954577218728162
dimeshift,DS_tags_modelsize100epoch31,Tags only,Neural Network,0.9294926913155632,0.9341238471673254,0.9934609995329284,0.2991452991452992,0.9628791308284292
dimeshift,DS_content_tags_modelsize100epoch31,Content and tags,Dummy,0.8619948409286329,0.9212962962962964,0.929472209248015,0.0854700854700854,0.9253661939083936
dimeshift,DS_content_tags_modelsize100epoch31,Content and tags,Threshold,0.5048315670168141,1.0,0.5048315670168141,0.6709476038140199,0.6709476038140199
dimeshift,DS_content_tags_modelsize100epoch31,Content and tags,Nearest Neighbors,0.9419604471195184,0.946969696969697,0.9925268566090611,0.4943820224719101,0.9692132269099202
dimeshift,DS_content_tags_modelsize100epoch31,Content and tags,SVM RBF,0.9204643164230438,0.9204643164230438,1.0,0.0,0.9585851802104322
dimeshift,DS_content_tags_modelsize100epoch31,Content and tags,Decision Tree,0.9024075666380053,0.9451162790697676,0.9490892106492294,0.371191135734072,0.9470985784199488
dimeshift,DS_content_tags_modelsize100epoch31,Content and tags,Gaussian Naive Bayes,0.9204643164230438,0.9204643164230438,1.0,0.0,0.9585851802104322
dimeshift,DS_content_tags_modelsize100epoch31,Content and tags,Random Forest,0.9028374892519346,0.9451417945141796,0.949556282111163,0.3722222222222222,0.9473438956197576
dimeshift,DS_content_tags_modelsize100epoch31,Content and tags,Ensemble,0.942390369733448,0.9454061251664448,0.9948622139187296,0.4806201550387596,0.9695038689121528
dimeshift,DS_content_tags_modelsize100epoch31,Content and tags,Neural Network,0.9204643164230438,0.9204643164230438,1.0,0.0,0.9585851802104322
mantisbt,DS_content_modelsize100epoch31,Content only,Dummy,0.8141280353200883,0.904572564612326,0.8882381649585164,0.1023454157782515,0.8963309529672495
mantisbt,DS_content_modelsize100epoch31,Content only,Threshold,0.5005938103998323,1.0,0.5005938103998323,0.6671942892613283,0.6671942892613283
mantisbt,DS_content_modelsize100epoch31,Content only,Nearest Neighbors,0.9293598233995584,0.9609565641776476,0.9609565641776476,0.6296296296296297,0.9609565641776476
mantisbt,DS_content_modelsize100epoch31,Content only,SVM RBF,0.9403973509933776,0.9818731117824774,0.9516837481698388,0.7272727272727272,0.966542750929368
mantisbt,DS_content_modelsize100epoch31,Content only,Decision Tree,0.919205298013245,0.9537937743190662,0.9570522205954124,0.5694117647058825,0.9554202192448236
mantisbt,DS_content_modelsize100epoch31,Content only,Gaussian Naive Bayes,0.908167770419426,0.9946265448683504,0.903367496339678,0.6645161290322581,0.9468030690537084
mantisbt,DS_content_modelsize100epoch31,Content only,Random Forest,0.919205298013245,0.9537937743190662,0.9570522205954124,0.5694117647058825,0.9554202192448236
mantisbt,DS_content_modelsize100epoch31,Content only,Ensemble,0.9280353200883004,0.970558882235529,0.949243533430942,0.6582809224318659,0.9597828768813226
mantisbt,DS_content_modelsize100epoch31,Content only,Neural Network,0.9386313465783664,0.977022977022977,0.9546120058565154,0.7098121085594989,0.9656874845717108
mantisbt,DS_tags_modelsize100epoch31,Tags only,Dummy,0.8185430463576159,0.9054455445544556,0.892630551488531,0.1084598698481561,0.8989923814204964
mantisbt,DS_tags_modelsize100epoch31,Tags only,Threshold,0.5672402952751322,1.0,0.5672402952751322,0.7238715045615286,0.7238715045615286
mantisbt,DS_tags_modelsize100epoch31,Tags only,Nearest Neighbors,0.9554083885209712,0.9714424007744432,0.9795021961932652,0.7566265060240964,0.9754556500607534
mantisbt,DS_tags_modelsize100epoch31,Tags only,SVM RBF,0.952317880794702,0.9659145463274124,0.981942410932162,0.7286432160804021,0.9738625363020328
mantisbt,DS_tags_modelsize100epoch31,Tags only,Decision Tree,0.939514348785872,0.9654333008763388,0.9677891654465594,0.6791569086651053,0.9666097977089934
mantisbt,DS_tags_modelsize100epoch31,Tags only,Gaussian Naive Bayes,0.8454746136865342,0.9941826643397323,0.8340653977550024,0.5406824146981627,0.907112526539278
mantisbt,DS_tags_modelsize100epoch31,Tags only,Random Forest,0.9403973509933776,0.9650145772594751,0.9692532942898976,0.6808510638297872,0.9671292914536156
mantisbt,DS_tags_modelsize100epoch31,Tags only,Ensemble,0.946578366445916,0.9725490196078432,0.9682772083943388,0.72562358276644,0.9704084128148692
mantisbt,DS_tags_modelsize100epoch31,Tags only,Neural Network,0.904635761589404,0.904635761589404,1.0,0.0,0.9499304589707928
mantisbt,DS_content_tags_modelsize100epoch31,Content and tags,Dummy,0.8189845474613686,0.9062964799206744,0.8921425085407516,0.1163793103448275,0.8991637973438269
mantisbt,DS_content_tags_modelsize100epoch31,Content and tags,Threshold,0.5071606548215076,1.0,0.5071606548215076,0.6730014523655018,0.6730014523655018
mantisbt,DS_content_tags_modelsize100epoch31,Content and tags,Nearest Neighbors,0.9306843267108168,0.9596695821185616,0.963884821864324,0.6288416075650117,0.9617725833942052
mantisbt,DS_content_tags_modelsize100epoch31,Content and tags,SVM RBF,0.904635761589404,0.904635761589404,1.0,0.0,0.9499304589707928
mantisbt,DS_content_tags_modelsize100epoch31,Content and tags,Decision Tree,0.9121412803532007,0.9477250726040658,0.9555880917520742,0.5204819277108433,0.951640340218712
mantisbt,DS_content_tags_modelsize100epoch31,Content and tags,Gaussian Naive Bayes,0.8997792494481236,0.9983588621444202,0.8906783796974134,0.6523736600306279,0.941449574413206
mantisbt,DS_content_tags_modelsize100epoch31,Content and tags,Random Forest,0.9125827814569536,0.9473175447075882,0.956564177647633,0.5194174757281552,0.9519184069936864
mantisbt,DS_content_tags_modelsize100epoch31,Content and tags,Ensemble,0.9134657836644592,0.9478008699855004,0.9570522205954124,0.5242718446601942,0.9524040796503156
mantisbt,DS_content_tags_modelsize100epoch31,Content and tags,Neural Network,0.904635761589404,0.904635761589404,1.0,0.0,0.9499304589707928
mrbs,DS_content_modelsize100epoch31,Content only,Dummy,0.5262693156732892,0.6281786941580756,0.632088520055325,0.3413136893799877,0.6301275422268183
mrbs,DS_content_modelsize100epoch31,Content only,Threshold,0.430419393149058,1.0,0.430419393149058,0.6018086656410506,0.6018086656410506
mrbs,DS_content_modelsize100epoch31,Content only,Nearest Neighbors,0.9236203090507726,0.9240506329113924,0.9591977869986168,0.890713834491472,0.9412962334577536
mrbs,DS_content_modelsize100epoch31,Content only,SVM RBF,0.9333333333333332,0.9331103678929766,0.9647302904564315,0.9049716803020768,0.948656919415165
mrbs,DS_content_modelsize100epoch31,Content only,Decision Tree,0.8997792494481236,0.9194769442532692,0.9239280774550483,0.8608215818516247,0.9216971369437736
mrbs,DS_content_modelsize100epoch31,Content only,Gaussian Naive Bayes,0.871523178807947,0.9840737636211232,0.8118948824343015,0.8461131676361714,0.8897309586964759
mrbs,DS_content_modelsize100epoch31,Content only,Random Forest,0.9002207505518763,0.9195323246217332,0.9246196403872752,0.8613496932515338,0.9220689655172416
mrbs,DS_content_modelsize100epoch31,Content only,Ensemble,0.9200883002207504,0.9389312977099236,0.9356846473029046,0.8898356664637858,0.9373051610668514
mrbs,DS_content_modelsize100epoch31,Content only,Neural Network,0.9311258278145697,0.9346361185983828,0.9591977869986168,0.9025,0.9467576791808874
mrbs,DS_tags_modelsize100epoch31,Tags only,Dummy,0.5280353200883002,0.6304498269896194,0.6300138312586445,0.3477730323367907,0.6302317537184365
mrbs,DS_tags_modelsize100epoch31,Tags only,Threshold,0.5373867685070908,1.0,0.5373867685070908,0.6990911844895487,0.6990911844895487
mrbs,DS_tags_modelsize100epoch31,Tags only,Nearest Neighbors,0.6384105960264901,0.7131203263086335,0.7254495159059474,0.4922504649721016,0.7192320877613987
mrbs,DS_tags_modelsize100epoch31,Tags only,SVM RBF,0.649448123620309,0.9527777777777776,0.4744121715076071,0.6641285956006768,0.6334256694367498
mrbs,DS_tags_modelsize100epoch31,Tags only,Decision Tree,0.6578366445916115,0.7520661157024794,0.6922544951590595,0.5579007415858529,0.7209218581202737
mrbs,DS_tags_modelsize100epoch31,Tags only,Gaussian Naive Bayes,0.6503311258278146,0.9752906976744186,0.4640387275242047,0.6694490818030051,0.6288659793814433
mrbs,DS_tags_modelsize100epoch31,Tags only,Random Forest,0.6569536423841059,0.7390993566833453,0.715076071922545,0.5388724035608309,0.7268892794376098
mrbs,DS_tags_modelsize100epoch31,Tags only,Ensemble,0.6556291390728477,0.7831632653061225,0.6369294605809128,0.5911949685534591,0.7025171624713958
mrbs,DS_tags_modelsize100epoch31,Tags only,Neural Network,0.6437086092715232,0.6463582226294091,0.9757952973720608,0.1043285238623751,0.7776246899972445
mrbs,DS_content_tags_modelsize100epoch31,Content and tags,Dummy,0.528476821192053,0.630524861878453,0.6313969571230982,0.3471882640586797,0.630960608154803
mrbs,DS_content_tags_modelsize100epoch31,Content and tags,Threshold,0.4394895559229677,1.0,0.4394895559229677,0.6106186100685906,0.6106186100685906
mrbs,DS_content_tags_modelsize100epoch31,Content and tags,Nearest Neighbors,0.9858719646799116,0.9862448418156808,0.991701244813278,0.9803680981595092,0.9889655172413792
mrbs,DS_content_tags_modelsize100epoch31,Content and tags,SVM RBF,0.9885209713024282,0.9849726775956285,0.9972337482710928,0.9839506172839506,0.99106529209622
mrbs,DS_content_tags_modelsize100epoch31,Content and tags,Decision Tree,0.9788079470198676,0.981404958677686,0.9854771784232366,0.9705882352941176,0.9834368530020704
mrbs,DS_content_tags_modelsize100epoch31,Content and tags,Gaussian Naive Bayes,0.7580573951434879,0.9869848156182212,0.6293222683264177,0.7465309898242368,0.768581081081081
mrbs,DS_content_tags_modelsize100epoch31,Content and tags,Random Forest,0.9788079470198676,0.981404958677686,0.9854771784232366,0.9705882352941176,0.9834368530020704
mrbs,DS_content_tags_modelsize100epoch31,Content and tags,Ensemble,0.9858719646799116,0.9862448418156808,0.991701244813278,0.9803680981595092,0.9889655172413792
mrbs,DS_content_tags_modelsize100epoch31,Content and tags,Neural Network,0.9867549668874172,0.9896265560165975,0.9896265560165975,0.9816849816849816,0.9896265560165975
pagekit,DS_content_modelsize100epoch31,Content only,Dummy,0.5159301130524152,0.5855777584708949,0.591747146619842,0.4119850187265917,0.588646288209607
pagekit,DS_content_modelsize100epoch31,Content only,Threshold,0.4332597935551719,1.0,0.4332597935551719,0.6045795682030259,0.6045795682030259
pagekit,DS_content_modelsize100epoch31,Content only,Nearest Neighbors,0.6659815005138746,0.7192825112107624,0.704126426690079,0.6031746031746033,0.7116237799467613
pagekit,DS_content_modelsize100epoch31,Content only,SVM RBF,0.6813977389516958,0.7212276214833759,0.742756804214223,0.6075949367088608,0.731833910034602
pagekit,DS_content_modelsize100epoch31,Content only,Decision Tree,0.6572456320657759,0.7037996545768567,0.7155399473222125,0.5818181818181819,0.7096212451023074
pagekit,DS_content_modelsize100epoch31,Content only,Gaussian Naive Bayes,0.6670092497430626,0.993963782696177,0.4337137840210711,0.7127659574468085,0.6039119804400979
pagekit,DS_content_modelsize100epoch31,Content only,Random Forest,0.658273381294964,0.7050173010380623,0.7155399473222125,0.5835942391984973,0.7102396514161221
pagekit,DS_content_modelsize100epoch31,Content only,Ensemble,0.6747173689619733,0.7480392156862745,0.6698858647936786,0.634737449509521,0.7068087077350623
pagekit,DS_content_modelsize100epoch31,Content only,Neural Network,0.6819116135662898,0.7199661590524534,0.7471466198419666,0.6059834500318269,0.7333046100818613
pagekit,DS_tags_modelsize100epoch31,Tags only,Dummy,0.5092497430626927,0.5791738382099828,0.5908691834942933,0.3997485857950974,0.5849630595393308
pagekit,DS_tags_modelsize100epoch31,Tags only,Threshold,0.5310638881585715,1.0,0.5310638881585715,0.693718782430808,0.693718782430808
pagekit,DS_tags_modelsize100epoch31,Tags only,Nearest Neighbors,0.6068859198355602,0.6587436332767402,0.6812993854258121,0.5142857142857142,0.669831678895123
pagekit,DS_tags_modelsize100epoch31,Tags only,SVM RBF,0.6634121274409044,0.7068376068376069,0.7260755048287972,0.5862286797220467,0.7163274144651364
pagekit,DS_tags_modelsize100epoch31,Tags only,Decision Tree,0.590955806783145,0.6495204882301656,0.6540825285338016,0.5043586550435866,0.6517935258092737
pagekit,DS_tags_modelsize100epoch31,Tags only,Gaussian Naive Bayes,0.566289825282631,0.8954423592493298,0.2932396839332748,0.6453781512605041,0.4417989417989418
pagekit,DS_tags_modelsize100epoch31,Tags only,Random Forest,0.5899280575539568,0.6478751084128361,0.655838454784899,0.5012500000000001,0.6518324607329843
pagekit,DS_tags_modelsize100epoch31,Tags only,Ensemble,0.6022610483042138,0.6736441484300666,0.6215978928884986,0.5452408930669801,0.6465753424657534
pagekit,DS_tags_modelsize100epoch31,Tags only,Neural Network,0.6654676258992805,0.730188679245283,0.6795434591747147,0.6154754873006497,0.703956343792633
pagekit,DS_content_tags_modelsize100epoch31,Content and tags,Dummy,0.5092497430626927,0.577834179357022,0.5996488147497805,0.3921069382558879,0.5885394226626454
pagekit,DS_content_tags_modelsize100epoch31,Content and tags,Threshold,0.4380608360672603,1.0,0.4380608360672603,0.6092382534597743,0.6092382534597743
pagekit,DS_content_tags_modelsize100epoch31,Content and tags,Nearest Neighbors,0.6778006166495375,0.7281639928698752,0.7172958735733099,0.615573267933783,0.7226890756302521
pagekit,DS_content_tags_modelsize100epoch31,Content and tags,SVM RBF,0.6860226104830421,0.7578125,0.6812993854258121,0.6466165413533835,0.7175219602404068
pagekit,DS_content_tags_modelsize100epoch31,Content and tags,Decision Tree,0.6618705035971223,0.7111501316944688,0.7111501316944688,0.5923172242874845,0.7111501316944687
pagekit,DS_content_tags_modelsize100epoch31,Content and tags,Gaussian Naive Bayes,0.6628982528263104,0.9229422066549912,0.4626865671641791,0.6993583868010999,0.6163742690058479
pagekit,DS_content_tags_modelsize100epoch31,Content and tags,Random Forest,0.6623843782117164,0.7114035087719298,0.7120280948200176,0.5926844389336641,0.711715664765248
pagekit,DS_content_tags_modelsize100epoch31,Content and tags,Ensemble,0.6870503597122302,0.7548076923076923,0.6892010535557507,0.6444833625218914,0.7205139972464434
pagekit,DS_content_tags_modelsize100epoch31,Content and tags,Neural Network,0.6860226104830421,0.7608695652173914,0.6760316066725197,0.6490522688110282,0.7159460715946072
petclinic,DS_content_modelsize100epoch31,Content only,Dummy,0.7506799637352675,0.8637339055793991,0.844700944386149,0.1433021806853582,0.8541114058355437
petclinic,DS_content_modelsize100epoch31,Content only,Threshold,0.5063062017752509,1.0,0.5063062017752509,0.6722487116876315,0.6722487116876315
petclinic,DS_content_modelsize100epoch31,Content only,Nearest Neighbors,0.913417951042611,0.9520295202952028,0.9475341028331584,0.6863711001642037,0.949776492242966
petclinic,DS_content_modelsize100epoch31,Content only,SVM RBF,0.9261106074342702,0.961355214399153,0.9527806925498428,0.7358184764991896,0.9570487483530964
petclinic,DS_content_modelsize100epoch31,Content only,Decision Tree,0.899365367180417,0.947872340425532,0.9349422875131164,0.645367412140575,0.9413629160063391
petclinic,DS_content_modelsize100epoch31,Content only,Gaussian Naive Bayes,0.9111514052583862,0.927927927927928,0.9727177334732424,0.6141732283464567,0.9497950819672132
petclinic,DS_content_modelsize100epoch31,Content only,Random Forest,0.899365367180417,0.947872340425532,0.9349422875131164,0.645367412140575,0.9413629160063391
petclinic,DS_content_modelsize100epoch31,Content only,Ensemble,0.9174977334542158,0.9536842105263158,0.950682056663169,0.6996699669966996,0.952180767209669
petclinic,DS_content_modelsize100epoch31,Content only,Neural Network,0.9242973708068905,0.9531005732152162,0.959601259181532,0.7155025553662692,0.956339869281046
petclinic,DS_tags_modelsize100epoch31,Tags only,Dummy,0.7452402538531279,0.8585912486659552,0.8441762854144806,0.110759493670886,0.8513227513227513
petclinic,DS_tags_modelsize100epoch31,Tags only,Threshold,0.5969020131113303,1.0,0.5969020131113303,0.7475750023614209,0.7475750023614209
petclinic,DS_tags_modelsize100epoch31,Tags only,Nearest Neighbors,0.8649138712601995,0.9285714285714286,0.91395592864638,0.526984126984127,0.9212057112638816
petclinic,DS_tags_modelsize100epoch31,Tags only,SVM RBF,0.8644605621033545,0.9969078540507113,0.8457502623294858,0.6636670416197974,0.9151291512915128
petclinic,DS_tags_modelsize100epoch31,Tags only,Decision Tree,0.8649138712601995,0.9258474576271186,0.9171038824763904,0.5177993527508091,0.9214549288350028
petclinic,DS_tags_modelsize100epoch31,Tags only,Gaussian Naive Bayes,0.8631006346328196,0.9944512946979038,0.8462749213011542,0.6583710407239819,0.9143990929705216
petclinic,DS_tags_modelsize100epoch31,Tags only,Random Forest,0.8644605621033545,0.9253573319216516,0.9171038824763904,0.5153970826580226,0.9212121212121211
petclinic,DS_tags_modelsize100epoch31,Tags only,Ensemble,0.8649138712601995,0.9491620111731844,0.891395592864638,0.5837988826815642,0.9193722943722944
petclinic,DS_tags_modelsize100epoch31,Tags only,Neural Network,0.8689936536718041,0.9622641509433962,0.8830010493179433,0.6182298546895642,0.9209302325581395
petclinic,DS_content_tags_modelsize100epoch31,Content and tags,Dummy,0.7579329102447869,0.867237687366167,0.8499475341028332,0.1630094043887147,0.8585055643879174
petclinic,DS_content_tags_modelsize100epoch31,Content and tags,Threshold,0.5056448337877821,1.0,0.5056448337877821,0.6716654850343701,0.6716654850343701
petclinic,DS_content_tags_modelsize100epoch31,Content and tags,Nearest Neighbors,0.8785131459655485,0.9384368308351178,0.9197271773347324,0.5799373040752351,0.9289878113407524
petclinic,DS_content_tags_modelsize100epoch31,Content and tags,SVM RBF,0.8640072529465095,0.972909305064782,0.8667366211962224,0.6287128712871287,0.9167591564927856
petclinic,DS_content_tags_modelsize100epoch31,Content and tags,Decision Tree,0.8748866727107888,0.9335106382978724,0.9207764952780692,0.5591054313099042,0.9270998415213946
petclinic,DS_content_tags_modelsize100epoch31,Content and tags,Gaussian Naive Bayes,0.8649138712601995,0.9685314685314684,0.8719832109129066,0.6227848101265823,0.917725013804528
petclinic,DS_content_tags_modelsize100epoch31,Content and tags,Random Forest,0.8748866727107888,0.9335106382978724,0.9207764952780692,0.5591054313099042,0.9270998415213946
petclinic,DS_content_tags_modelsize100epoch31,Content and tags,Ensemble,0.8730734360834089,0.9471947194719472,0.9034627492130116,0.5930232558139534,0.924812030075188
petclinic,DS_content_tags_modelsize100epoch31,Content and tags,Neural Network,0.870806890299184,0.9290629962943356,0.9207764952780692,0.5380875202593193,0.9249011857707512
phoenix,DS_content_modelsize100epoch31,Content only,Dummy,0.50917225950783,0.5806697108066972,0.5828877005347594,0.4060638873849486,0.5817765916889059
phoenix,DS_content_modelsize100epoch31,Content only,Threshold,0.4129434190338928,1.0,0.4129434190338928,0.5845151525122569,0.5845151525122569
phoenix,DS_content_modelsize100epoch31,Content only,Nearest Neighbors,0.9798657718120806,1.0,0.9656226126814362,0.9762783342119136,0.982510687912942
phoenix,DS_content_modelsize100epoch31,Content only,SVM RBF,0.9798657718120806,1.0,0.9656226126814362,0.9762783342119136,0.982510687912942
phoenix,DS_content_modelsize100epoch31,Content only,Decision Tree,0.9682326621923938,0.9805900621118012,0.9648586707410236,0.9620928990923652,0.9726607624181748
phoenix,DS_content_modelsize100epoch31,Content only,Gaussian Naive Bayes,0.9794183445190155,0.999209486166008,0.9656226126814362,0.9757383966244728,0.982128982128982
phoenix,DS_content_modelsize100epoch31,Content only,Random Forest,0.9682326621923938,0.9805900621118012,0.9648586707410236,0.9620928990923652,0.9726607624181748
phoenix,DS_content_modelsize100epoch31,Content only,Ensemble,0.9798657718120806,1.0,0.9656226126814362,0.9762783342119136,0.982510687912942
phoenix,DS_content_modelsize100epoch31,Content only,Neural Network,0.9798657718120806,1.0,0.9656226126814362,0.9762783342119136,0.982510687912942
phoenix,DS_tags_modelsize100epoch31,Tags only,Dummy,0.5131991051454139,0.5861262665627436,0.5744843391902216,0.4206602768903088,0.5802469135802469
phoenix,DS_tags_modelsize100epoch31,Tags only,Threshold,0.5400297549862848,1.0,0.5400297549862848,0.7013237935666954,0.7013237935666954
phoenix,DS_tags_modelsize100epoch31,Tags only,Nearest Neighbors,0.7610738255033557,0.775408670931059,0.8334606569900688,0.6955530216647662,0.8033873343151694
phoenix,DS_tags_modelsize100epoch31,Tags only,SVM RBF,0.7946308724832215,0.7931034482758621,0.878533231474408,0.7317358270017533,0.8336353751359188
phoenix,DS_tags_modelsize100epoch31,Tags only,Decision Tree,0.7024608501118568,0.7458015267175573,0.7463712757830405,0.6407347379794706,0.7460862924780451
phoenix,DS_tags_modelsize100epoch31,Tags only,Gaussian Naive Bayes,0.7127516778523489,0.855923159018143,0.612681436210848,0.7113309352517986,0.7141585040071239
phoenix,DS_tags_modelsize100epoch31,Tags only,Random Forest,0.7024608501118568,0.7458015267175573,0.7463712757830405,0.6407347379794706,0.7460862924780451
phoenix,DS_tags_modelsize100epoch31,Tags only,Ensemble,0.7539149888143176,0.7877179681576952,0.7937356760886173,0.7014115092290988,0.7907153729071538
phoenix,DS_tags_modelsize100epoch31,Tags only,Neural Network,0.7776286353467562,0.8316993464052288,0.7776928953399541,0.743417656169334,0.8037899723647849
phoenix,DS_content_tags_modelsize100epoch31,Content and tags,Dummy,0.5176733780760626,0.5863874345549738,0.5989304812834224,0.4089912280701754,0.5925925925925924
phoenix,DS_content_tags_modelsize100epoch31,Content and tags,Threshold,0.4381189269608071,1.0,0.4381189269608071,0.6092944314232603,0.6092944314232603
phoenix,DS_content_tags_modelsize100epoch31,Content and tags,Nearest Neighbors,0.7959731543624161,0.7895451459606245,0.8884644766997708,0.7298578199052134,0.8360891445003594
phoenix,DS_content_tags_modelsize100epoch31,Content and tags,SVM RBF,0.829082774049217,0.7909604519774012,0.962566844919786,0.7563775510204082,0.8683666436940041
phoenix,DS_content_tags_modelsize100epoch31,Content and tags,Decision Tree,0.7588366890380314,0.7894736842105263,0.8021390374331551,0.7056253413435281,0.7957559681697612
phoenix,DS_content_tags_modelsize100epoch31,Content and tags,Gaussian Naive Bayes,0.6666666666666666,0.8507462686567164,0.5225362872421696,0.683920237590157,0.6474207288215806
phoenix,DS_content_tags_modelsize100epoch31,Content and tags,Random Forest,0.760178970917226,0.7899474868717179,0.8044308632543926,0.7067833698030633,0.7971233913701741
phoenix,DS_content_tags_modelsize100epoch31,Content and tags,Ensemble,0.7767337807606264,0.7947598253275109,0.8342245989304813,0.7207610520425294,0.8140141632500931
phoenix,DS_content_tags_modelsize100epoch31,Content and tags,Neural Network,0.7870246085011185,0.824124513618677,0.8090145148968678,0.746268656716418,0.8164996144949883
ppma,DS_content_modelsize100epoch31,Content only,Dummy,0.7929969104016478,0.8739977090492554,0.8934426229508197,0.0651162790697674,0.8836132020845396
ppma,DS_content_modelsize100epoch31,Content only,Threshold,0.453713728886964,1.0,0.453713728886964,0.6242133094998696,0.6242133094998696
ppma,DS_content_modelsize100epoch31,Content only,Nearest Neighbors,0.8650875386199794,0.8916576381365113,0.9637002341920374,0.206060606060606,0.9262802476083288
ppma,DS_content_modelsize100epoch31,Content only,SVM RBF,0.8795056642636457,0.8795056642636457,1.0,0.0,0.935890410958904
ppma,DS_content_modelsize100epoch31,Content only,Decision Tree,0.850669412976313,0.9051428571428572,0.927400468384075,0.3192488262910798,0.9161364950838636
ppma,DS_content_modelsize100epoch31,Content only,Gaussian Naive Bayes,0.7497425334706488,0.9935379644588044,0.7201405152224825,0.4818763326226013,0.835030549898167
ppma,DS_content_modelsize100epoch31,Content only,Random Forest,0.850669412976313,0.9051428571428572,0.927400468384075,0.3192488262910798,0.9161364950838636
ppma,DS_content_modelsize100epoch31,Content only,Ensemble,0.8527291452111225,0.9053591790193842,0.9297423887587822,0.3222748815165877,0.9173887926054304
ppma,DS_content_modelsize100epoch31,Content only,Neural Network,0.8795056642636457,0.8795056642636457,1.0,0.0,0.935890410958904
ppma,DS_tags_modelsize100epoch31,Tags only,Dummy,0.7929969104016478,0.8748564867967853,0.892271662763466,0.0737327188940092,0.8834782608695653
ppma,DS_tags_modelsize100epoch31,Tags only,Threshold,0.5537245560848852,1.0,0.5537245560848852,0.7127705537205057,0.7127705537205057
ppma,DS_tags_modelsize100epoch31,Tags only,Nearest Neighbors,0.86302780638517,0.8948521358159912,0.9566744730679156,0.24,0.9247311827956988
ppma,DS_tags_modelsize100epoch31,Tags only,SVM RBF,0.8795056642636457,0.8795056642636457,1.0,0.0,0.935890410958904
ppma,DS_tags_modelsize100epoch31,Tags only,Decision Tree,0.8414006179196705,0.9088785046728972,0.911007025761124,0.3362068965517241,0.9099415204678364
ppma,DS_tags_modelsize100epoch31,Tags only,Gaussian Naive Bayes,0.756951596292482,0.9920382165605096,0.7295081967213115,0.4869565217391304,0.8407557354925776
ppma,DS_tags_modelsize100epoch31,Tags only,Random Forest,0.8403707518022657,0.9078179696616102,0.911007025761124,0.329004329004329,0.9094097019286966
ppma,DS_tags_modelsize100epoch31,Tags only,Ensemble,0.84346035015448,0.9071925754060324,0.9156908665105388,0.3274336283185841,0.9114219114219114
addressbook,DS_DOM_RTED_modelsize100epoch31,DOM_RTED,Dummy,0.6016696481812761,0.7286307053941908,0.7202625102543068,0.2817204301075269,0.7244224422442244
addressbook,DS_DOM_RTED_modelsize100epoch31,DOM_RTED,Threshold,0.0097606556638821,1.0,0.0097606556638821,0.0193326123554792,0.0193326123554792
addressbook,DS_DOM_RTED_modelsize100epoch31,DOM_RTED,Nearest Neighbors,0.8998211091234347,0.9089494163424124,0.9581624282198524,0.8023529411764706,0.9329073482428116
addressbook,DS_DOM_RTED_modelsize100epoch31,DOM_RTED,SVM RBF,0.8700059630292188,0.8962787015043547,0.9286300246103364,0.75,0.9121676067687348
addressbook,DS_DOM_RTED_modelsize100epoch31,DOM_RTED,Decision Tree,0.9039952295766248,0.93218954248366,0.9360131255127152,0.823271130625686,0.9340974212034384
addressbook,DS_DOM_RTED_modelsize100epoch31,DOM_RTED,Gaussian Naive Bayes,0.8700059630292188,0.8962787015043547,0.9286300246103364,0.75,0.9121676067687348
addressbook,DS_DOM_RTED_modelsize100epoch31,DOM_RTED,Random Forest,0.9039952295766248,0.93218954248366,0.9360131255127152,0.823271130625686,0.9340974212034384
addressbook,DS_DOM_RTED_modelsize100epoch31,DOM_RTED,Ensemble,0.9063804412641622,0.9154929577464788,0.95980311730927,0.8168028004667445,0.9371245494593512
addressbook,DS_DOM_RTED_modelsize100epoch31,DOM_RTED,Neural Network,0.8700059630292188,0.8864864864864865,0.9417555373256769,0.7404761904761904,0.913285600636436
addressbook,DS_VISUAL_PDiff_modelsize100epoch31,VISUAL_PDiff,Dummy,0.6159809183064997,0.7417998317914214,0.7235438884331419,0.3192389006342495,0.7325581395348837
addressbook,DS_VISUAL_PDiff_modelsize100epoch31,VISUAL_PDiff,Threshold,0.061040686285547,1.0,0.061040686285547,0.1150581444699091,0.1150581444699091
addressbook,DS_VISUAL_PDiff_modelsize100epoch31,VISUAL_PDiff,Nearest Neighbors,0.7817531305903399,0.8209179834462002,0.8949958982772764,0.5459057071960297,0.8563579277864993
addressbook,DS_VISUAL_PDiff_modelsize100epoch31,VISUAL_PDiff,SVM RBF,0.7268932617769827,0.7268932617769827,1.0,0.0,0.8418508287292816
addressbook,DS_VISUAL_PDiff_modelsize100epoch31,VISUAL_PDiff,Decision Tree,0.7394156231365534,0.8173701298701299,0.8260869565217391,0.5160575858250277,0.8217054263565893
addressbook,DS_VISUAL_PDiff_modelsize100epoch31,VISUAL_PDiff,Gaussian Naive Bayes,0.7203339296362552,0.7537212449255751,0.9138638228055784,0.2861491628614916,0.8261030774935113
addressbook,DS_VISUAL_PDiff_modelsize100epoch31,VISUAL_PDiff,Random Forest,0.7394156231365534,0.8173701298701299,0.8260869565217391,0.5160575858250277,0.8217054263565893
addressbook,DS_VISUAL_PDiff_modelsize100epoch31,VISUAL_PDiff,Ensemble,0.7793679189028027,0.8025659301496793,0.9237079573420836,0.4945355191256831,0.858886346300534
addressbook,DS_VISUAL_PDiff_modelsize100epoch31,VISUAL_PDiff,Neural Network,0.7268932617769827,0.7268932617769827,1.0,0.0,0.8418508287292816
claroline,DS_DOM_RTED_modelsize100epoch31,DOM_RTED,Dummy,0.734946539110861,0.8323471400394478,0.854251012145749,0.1451905626134301,0.8431568431568431
claroline,DS_DOM_RTED_modelsize100epoch31,DOM_RTED,Threshold,0.03733400465731,1.0,0.03733400465731,0.0719806821904842,0.0719806821904842
claroline,DS_DOM_RTED_modelsize100epoch31,DOM_RTED,Nearest Neighbors,0.9997186268992684,1.0,0.9996626180836709,0.9991532599491956,0.9998312805803948
claroline,DS_DOM_RTED_modelsize100epoch31,DOM_RTED,SVM RBF,0.9997186268992684,1.0,0.9996626180836709,0.9991532599491956,0.9998312805803948
claroline,DS_DOM_RTED_modelsize100epoch31,DOM_RTED,Decision Tree,0.9997186268992684,1.0,0.9996626180836709,0.9991532599491956,0.9998312805803948
claroline,DS_DOM_RTED_modelsize100epoch31,DOM_RTED,Gaussian Naive Bayes,0.9997186268992684,1.0,0.9996626180836709,0.9991532599491956,0.9998312805803948
claroline,DS_DOM_RTED_modelsize100epoch31,DOM_RTED,Random Forest,0.9997186268992684,1.0,0.9996626180836709,0.9991532599491956,0.9998312805803948
claroline,DS_DOM_RTED_modelsize100epoch31,DOM_RTED,Ensemble,0.9997186268992684,1.0,0.9996626180836709,0.9991532599491956,0.9998312805803948
claroline,DS_DOM_RTED_modelsize100epoch31,DOM_RTED,Neural Network,0.9997186268992684,1.0,0.9996626180836709,0.9991532599491956,0.9998312805803948
claroline,DS_VISUAL_PDiff_modelsize100epoch31,VISUAL_PDiff,Dummy,0.7324141812042769,0.8333885392514078,0.8488529014844804,0.1546666666666666,0.8410496406485042
claroline,DS_VISUAL_PDiff_modelsize100epoch31,VISUAL_PDiff,Threshold,0.0767449178677072,1.0,0.0767449178677072,0.1425498585490168,0.1425498585490168
claroline,DS_VISUAL_PDiff_modelsize100epoch31,VISUAL_PDiff,Nearest Neighbors,0.9994372537985368,0.9996626180836709,0.9996626180836709,0.9983050847457628,0.9996626180836709
claroline,DS_VISUAL_PDiff_modelsize100epoch31,VISUAL_PDiff,SVM RBF,0.998030388294879,0.9996620479891856,0.9979757085020244,0.9940928270042196,0.9988181664696943
claroline,DS_VISUAL_PDiff_modelsize100epoch31,VISUAL_PDiff,Decision Tree,0.9994372537985368,0.9996626180836709,0.9996626180836709,0.9983050847457628,0.9996626180836709
claroline,DS_VISUAL_PDiff_modelsize100epoch31,VISUAL_PDiff,Gaussian Naive Bayes,0.9991558806978053,0.9996625042186972,0.9993252361673416,0.9974597798475868,0.9994938417411844
claroline,DS_VISUAL_PDiff_modelsize100epoch31,VISUAL_PDiff,Random Forest,0.9994372537985368,0.9996626180836709,0.9996626180836709,0.9983050847457628,0.9996626180836709
claroline,DS_VISUAL_PDiff_modelsize100epoch31,VISUAL_PDiff,Ensemble,0.9994372537985368,0.9996626180836709,0.9996626180836709,0.9983050847457628,0.9996626180836709
claroline,DS_VISUAL_PDiff_modelsize100epoch31,VISUAL_PDiff,Neural Network,0.9969048958919527,0.9996615905245348,0.9966261808367072,0.990748528174937,0.9981415779692516
dimeshift,DS_DOM_RTED_modelsize100epoch31,DOM_RTED,Dummy,0.8387790197764402,0.9180871212121212,0.9056515646893974,0.0601503759398496,0.9118269456853983
dimeshift,DS_DOM_RTED_modelsize100epoch31,DOM_RTED,Threshold,0.0346564154096023,1.0,0.0346564154096023,0.0669911574382545,0.0669911574382545
dimeshift,DS_DOM_RTED_modelsize100epoch31,DOM_RTED,Nearest Neighbors,0.9957007738607052,0.99859616284511,0.9967304997664642,0.9732620320855616,0.9976624590930342
dimeshift,DS_DOM_RTED_modelsize100epoch31,DOM_RTED,SVM RBF,0.9720550300945828,0.9971264367816092,0.9724427837459132,0.8463356973995273,0.9846299361551194
dimeshift,DS_DOM_RTED_modelsize100epoch31,DOM_RTED,Decision Tree,0.9974204643164232,0.9995320542817032,0.9976646426903316,0.983957219251337,0.9985974754558206
dimeshift,DS_DOM_RTED_modelsize100epoch31,DOM_RTED,Gaussian Naive Bayes,0.9419604471195184,0.9980139026812314,0.9388136384866884,0.7283702213279679,0.967509025270758
dimeshift,DS_DOM_RTED_modelsize100epoch31,DOM_RTED,Random Forest,0.9974204643164232,0.9995320542817032,0.9976646426903316,0.983957219251337,0.9985974754558206
dimeshift,DS_DOM_RTED_modelsize100epoch31,DOM_RTED,Ensemble,0.9969905417024936,0.999064546304958,0.9976646426903316,0.9812332439678284,0.9983641037625614
dimeshift,DS_DOM_RTED_modelsize100epoch31,DOM_RTED,Neural Network,0.9737747205503008,0.994296577946768,0.97711349836525,0.8501228501228502,0.9856301531213192
dimeshift,DS_VISUAL_PDiff_modelsize100epoch31,VISUAL_PDiff,Dummy,0.8559759243336199,0.9207828518173344,0.9229332087809436,0.0821917808219178,0.9218567763004432
dimeshift,DS_VISUAL_PDiff_modelsize100epoch31,VISUAL_PDiff,Threshold,0.0102590467733077,1.0,0.0102590467733077,0.0203097350250401,0.0203097350250401
dimeshift,DS_VISUAL_PDiff_modelsize100epoch31,VISUAL_PDiff,Nearest Neighbors,0.998280309544282,0.9986000933271116,0.9995329285380664,0.9891304347826088,0.9990662931839402
dimeshift,DS_VISUAL_PDiff_modelsize100epoch31,VISUAL_PDiff,SVM RBF,0.9724849527085124,0.9722601182355616,0.998598785614199,0.7948717948717949,0.9852534562211982
dimeshift,DS_VISUAL_PDiff_modelsize100epoch31,VISUAL_PDiff,Decision Tree,1.0,1.0,1.0,1.0,1.0
dimeshift,DS_VISUAL_PDiff_modelsize100epoch31,VISUAL_PDiff,Gaussian Naive Bayes,0.9204643164230438,0.9204643164230438,1.0,0.0,0.9585851802104322
dimeshift,DS_VISUAL_PDiff_modelsize100epoch31,VISUAL_PDiff,Random Forest,1.0,1.0,1.0,1.0,1.0
dimeshift,DS_VISUAL_PDiff_modelsize100epoch31,VISUAL_PDiff,Ensemble,0.9987102321582116,0.9986007462686568,1.0,0.9918256130790192,0.9992998833138856
dimeshift,DS_VISUAL_PDiff_modelsize100epoch31,VISUAL_PDiff,Neural Network,0.969475494411006,0.9730347349177332,0.994395142456796,0.7801857585139318,0.9835989835989836
mantisbt,DS_DOM_RTED_modelsize100epoch31,DOM_RTED,Dummy,0.8300220750551877,0.9074436826640548,0.9043435822352368,0.123006833712984,0.90589098020044
mantisbt,DS_DOM_RTED_modelsize100epoch31,DOM_RTED,Threshold,0.033649255990499,1.0,0.033649255990499,0.0651076867621879,0.0651076867621879
mantisbt,DS_DOM_RTED_modelsize100epoch31,DOM_RTED,Nearest Neighbors,0.9973509933774836,1.0,0.9970717423133236,0.9863013698630138,0.998533724340176
mantisbt,DS_DOM_RTED_modelsize100epoch31,DOM_RTED,SVM RBF,0.9456953642384106,0.9670223084384092,0.9731576378721328,0.7064439140811456,0.9700802724397956
mantisbt,DS_DOM_RTED_modelsize100epoch31,DOM_RTED,Decision Tree,0.9973509933774836,1.0,0.9970717423133236,0.9863013698630138,0.998533724340176
mantisbt,DS_DOM_RTED_modelsize100epoch31,DOM_RTED,Gaussian Naive Bayes,0.9077262693156732,1.0,0.8979990239141045,0.673946957878315,0.9462586783234764
mantisbt,DS_DOM_RTED_modelsize100epoch31,DOM_RTED,Random Forest,0.9973509933774836,1.0,0.9970717423133236,0.9863013698630138,0.998533724340176
mantisbt,DS_DOM_RTED_modelsize100epoch31,DOM_RTED,Ensemble,0.9973509933774836,1.0,0.9970717423133236,0.9863013698630138,0.998533724340176
mantisbt,DS_DOM_RTED_modelsize100epoch31,DOM_RTED,Neural Network,0.9527593818984548,0.9672762271414822,0.9809663250366032,0.7344913151364766,0.9740731766416284
mantisbt,DS_VISUAL_PDiff_modelsize100epoch31,VISUAL_PDiff,Dummy,0.8242825607064017,0.9044585987261148,0.9009272816007808,0.0954545454545454,0.9026894865525672
mantisbt,DS_VISUAL_PDiff_modelsize100epoch31,VISUAL_PDiff,Threshold,0.070989451132897,1.0,0.070989451132897,0.1325679745170303,0.1325679745170303
mantisbt,DS_VISUAL_PDiff_modelsize100epoch31,VISUAL_PDiff,Nearest Neighbors,0.9885209713024282,0.9931740614334472,0.9941434846266471,0.9395348837209302,0.9936585365853658
mantisbt,DS_VISUAL_PDiff_modelsize100epoch31,VISUAL_PDiff,SVM RBF,0.9333333333333332,0.981237322515213,0.944363103953148,0.7033398821218075,0.9624471524496394
mantisbt,DS_VISUAL_PDiff_modelsize100epoch31,VISUAL_PDiff,Decision Tree,0.9885209713024282,0.9931740614334472,0.9941434846266471,0.9395348837209302,0.9936585365853658
mantisbt,DS_VISUAL_PDiff_modelsize100epoch31,VISUAL_PDiff,Gaussian Naive Bayes,0.917439293598234,0.980888429752066,0.9267935578330894,0.6568807339449542,0.9530740276035132
mantisbt,DS_VISUAL_PDiff_modelsize100epoch31,VISUAL_PDiff,Random Forest,0.9880794701986756,0.9926900584795322,0.9941434846266471,0.9370629370629372,0.9934162399414777
mantisbt,DS_VISUAL_PDiff_modelsize100epoch31,VISUAL_PDiff,Ensemble,0.9889624724061812,0.99317738791423,0.9946315275744264,0.9417249417249416,0.9939039258717386
mantisbt,DS_VISUAL_PDiff_modelsize100epoch31,VISUAL_PDiff,Neural Network,0.9456953642384106,0.9815,0.9580283064909711,0.7442827442827442,0.9696221289207212
mrbs,DS_DOM_RTED_modelsize100epoch31,DOM_RTED,Dummy,0.5448123620309051,0.6437976437976438,0.6424619640387276,0.3717245581962217,0.6431291104188301
mrbs,DS_DOM_RTED_modelsize100epoch31,DOM_RTED,Threshold,0.0315068812146333,1.0,0.0315068812146333,0.0610890373848654,0.0610890373848654
mrbs,DS_DOM_RTED_modelsize100epoch31,DOM_RTED,Nearest Neighbors,0.9991169977924944,0.9986187845303868,1.0,0.9987775061124694,0.9993089149965444
mrbs,DS_DOM_RTED_modelsize100epoch31,DOM_RTED,SVM RBF,0.6507726269315673,0.9443690637720488,0.4813278008298755,0.6629740093736685,0.6376546037562987
mrbs,DS_DOM_RTED_modelsize100epoch31,DOM_RTED,Decision Tree,0.9991169977924944,0.9986187845303868,1.0,0.9987775061124694,0.9993089149965444
mrbs,DS_DOM_RTED_modelsize100epoch31,DOM_RTED,Gaussian Naive Bayes,0.6512141280353201,0.946866485013624,0.4806362378976487,0.6638297872340425,0.6376146788990826
mrbs,DS_DOM_RTED_modelsize100epoch31,DOM_RTED,Random Forest,0.9991169977924944,0.9986187845303868,1.0,0.9987775061124694,0.9993089149965444
mrbs,DS_DOM_RTED_modelsize100epoch31,DOM_RTED,Ensemble,0.9991169977924944,0.9986187845303868,1.0,0.9987775061124694,0.9993089149965444
mrbs,DS_DOM_RTED_modelsize100epoch31,DOM_RTED,Neural Network,0.7602649006622516,0.8557919621749409,0.7510373443983402,0.7008264462809918,0.7999999999999999
mrbs,DS_VISUAL_PDiff_modelsize100epoch31,VISUAL_PDiff,Dummy,0.5386313465783664,0.6342933690555927,0.6549100968188105,0.3431803896920176,0.6444368832936374
mrbs,DS_VISUAL_PDiff_modelsize100epoch31,VISUAL_PDiff,Threshold,0.070989451132897,1.0,0.070989451132897,0.1325679745170303,0.1325679745170303
mrbs,DS_VISUAL_PDiff_modelsize100epoch31,VISUAL_PDiff,Nearest Neighbors,0.9403973509933776,0.9632508833922262,0.9426002766251728,0.9191132414619532,0.952813701502971
mrbs,DS_VISUAL_PDiff_modelsize100epoch31,VISUAL_PDiff,SVM RBF,0.7867549668874172,0.7694459988808058,0.9508990318118948,0.6276021588280647,0.8506031549644293
mrbs,DS_VISUAL_PDiff_modelsize100epoch31,VISUAL_PDiff,Decision Tree,0.9386313465783664,0.9644633972992182,0.938450899031812,0.91711389385808,0.951279355064844
mrbs,DS_VISUAL_PDiff_modelsize100epoch31,VISUAL_PDiff,Gaussian Naive Bayes,0.6476821192052981,0.7852112676056338,0.6168741355463347,0.5903490759753595,0.6909372579395817
mrbs,DS_VISUAL_PDiff_modelsize100epoch31,VISUAL_PDiff,Random Forest,0.9355408388520972,0.9571026722925458,0.9412171507607192,0.9121540312876052,0.9490934449093446
mrbs,DS_VISUAL_PDiff_modelsize100epoch31,VISUAL_PDiff,Ensemble,0.943046357615894,0.9720430107526882,0.9377593360995852,0.9236234458259324,0.9545934530095038
mrbs,DS_VISUAL_PDiff_modelsize100epoch31,VISUAL_PDiff,Neural Network,0.9236203090507726,0.9454163750874738,0.9343015214384508,0.8954682779456193,0.9398260869565218
pagekit,DS_DOM_RTED_modelsize100epoch31,DOM_RTED,Dummy,0.5082219938335046,0.5771186440677966,0.597892888498683,0.3916083916083916,0.5873221216041397
pagekit,DS_DOM_RTED_modelsize100epoch31,DOM_RTED,Threshold,0.0296978772533464,1.0,0.0296978772533464,0.0576827007404611,0.0576827007404611
pagekit,DS_DOM_RTED_modelsize100epoch31,DOM_RTED,Nearest Neighbors,0.7533401849948612,0.7734439834024897,0.8182616330114135,0.689922480620155,0.7952218430034129
pagekit,DS_DOM_RTED_modelsize100epoch31,DOM_RTED,SVM RBF,0.6449126413155191,0.6359223300970874,0.920105355575066,0.3746606334841629,0.7520631503408685
pagekit,DS_DOM_RTED_modelsize100epoch31,DOM_RTED,Decision Tree,0.8011305241521068,0.8686274509803922,0.7778753292361721,0.7766878245816503,0.8207503473830479
pagekit,DS_DOM_RTED_modelsize100epoch31,DOM_RTED,Gaussian Naive Bayes,0.6084275436793423,0.7252090800477897,0.5329236172080772,0.6022964509394572,0.6143724696356275
pagekit,DS_DOM_RTED_modelsize100epoch31,DOM_RTED,Random Forest,0.8016443987667009,0.8673170731707317,0.7805092186128183,0.7766203703703702,0.8216266173752311
pagekit,DS_DOM_RTED_modelsize100epoch31,DOM_RTED,Ensemble,0.8011305241521068,0.8553875236294896,0.7945566286215979,0.7716814159292035,0.8238507055075103
pagekit,DS_DOM_RTED_modelsize100epoch31,DOM_RTED,Neural Network,0.6187050359712231,0.6420901932712957,0.7875329236172081,0.4528023598820058,0.7074132492113565
pagekit,DS_VISUAL_PDiff_modelsize100epoch31,VISUAL_PDiff,Dummy,0.5082219938335046,0.5769881556683587,0.5987708516242318,0.3908338637810312,0.5876777251184834
pagekit,DS_VISUAL_PDiff_modelsize100epoch31,VISUAL_PDiff,Threshold,0.0673746299196396,1.0,0.0673746299196396,0.126243641231593,0.126243641231593
pagekit,DS_VISUAL_PDiff_modelsize100epoch31,VISUAL_PDiff,Nearest Neighbors,0.921377183967112,0.9417562724014336,0.922739244951712,0.9065363469761758,0.9321507760532152
pagekit,DS_VISUAL_PDiff_modelsize100epoch31,VISUAL_PDiff,SVM RBF,0.6649537512846866,0.6450268016676594,0.9508340649692713,0.3929236499068901,0.7686302342086586
pagekit,DS_VISUAL_PDiff_modelsize100epoch31,VISUAL_PDiff,Decision Tree,0.9280575539568344,0.9424269264836138,0.9341527655838456,0.913793103448276,0.9382716049382716
pagekit,DS_VISUAL_PDiff_modelsize100epoch31,VISUAL_PDiff,Gaussian Naive Bayes,0.6012332990750257,0.6405886909372579,0.7260755048287972,0.4692202462380301,0.6806584362139918
pagekit,DS_VISUAL_PDiff_modelsize100epoch31,VISUAL_PDiff,Random Forest,0.9265159301130524,0.9391534391534392,0.9350307287093942,0.9116738727609636,0.9370875494940606
pagekit,DS_VISUAL_PDiff_modelsize100epoch31,VISUAL_PDiff,Ensemble,0.9326824254881808,0.936741767764298,0.9490781387181738,0.9180737961225768,0.9428696031399912
pagekit,DS_VISUAL_PDiff_modelsize100epoch31,VISUAL_PDiff,Neural Network,0.6937307297019527,0.6697936210131332,0.9402985074626866,0.4835355285961871,0.7823228634039445
petclinic,DS_DOM_RTED_modelsize100epoch31,DOM_RTED,Dummy,0.7461468721668177,0.8602783725910065,0.8431269674711438,0.122257053291536,0.8516163222045575
petclinic,DS_DOM_RTED_modelsize100epoch31,DOM_RTED,Threshold,0.0344143412426756,1.0,0.0344143412426756,0.0665387937319828,0.0665387937319828
petclinic,DS_DOM_RTED_modelsize100epoch31,DOM_RTED,Nearest Neighbors,0.9111514052583862,0.9808773903262092,0.9150052465897168,0.7307692307692307,0.9467969598262758
petclinic,DS_DOM_RTED_modelsize100epoch31,DOM_RTED,SVM RBF,0.8499546690843155,0.9607957870099474,0.8614900314795383,0.5846925972396487,0.9084370677731674
petclinic,DS_DOM_RTED_modelsize100epoch31,DOM_RTED,Decision Tree,0.9111514052583862,1.0,0.8971668415529905,0.7537688442211055,0.9457964601769911
petclinic,DS_DOM_RTED_modelsize100epoch31,DOM_RTED,Gaussian Naive Bayes,0.8504079782411604,0.981074481074481,0.8431269674711438,0.6198156682027649,0.9068848758465012
petclinic,DS_DOM_RTED_modelsize100epoch31,DOM_RTED,Random Forest,0.9111514052583862,1.0,0.8971668415529905,0.7537688442211055,0.9457964601769911
petclinic,DS_DOM_RTED_modelsize100epoch31,DOM_RTED,Ensemble,0.9111514052583862,1.0,0.8971668415529905,0.7537688442211055,0.9457964601769911
petclinic,DS_DOM_RTED_modelsize100epoch31,DOM_RTED,Neural Network,0.8499546690843155,0.9607957870099474,0.8614900314795383,0.5846925972396487,0.9084370677731674
petclinic,DS_VISUAL_PDiff_modelsize100epoch31,VISUAL_PDiff,Dummy,0.756572982774252,0.8662386302835741,0.8494228751311648,0.1569858712715855,0.857748344370861
petclinic,DS_VISUAL_PDiff_modelsize100epoch31,VISUAL_PDiff,Threshold,0.0707431687648662,1.0,0.0707431687648662,0.1321384452005808,0.1321384452005808
petclinic,DS_VISUAL_PDiff_modelsize100epoch31,VISUAL_PDiff,Nearest Neighbors,0.956029011786038,0.9778129952456418,0.9711437565582371,0.8417618270799346,0.974466964990787
petclinic,DS_VISUAL_PDiff_modelsize100epoch31,VISUAL_PDiff,SVM RBF,0.871713508612874,0.9360558839333692,0.91395592864638,0.5612403100775195,0.9248739049641624
petclinic,DS_VISUAL_PDiff_modelsize100epoch31,VISUAL_PDiff,Decision Tree,0.9542157751586582,0.979288369622942,0.9674711437565582,0.8378812199036918,0.9733438902084982
petclinic,DS_VISUAL_PDiff_modelsize100epoch31,VISUAL_PDiff,Gaussian Naive Bayes,0.8640072529465095,0.8640072529465095,1.0,0.0,0.9270428015564202
petclinic,DS_VISUAL_PDiff_modelsize100epoch31,VISUAL_PDiff,Random Forest,0.956482320942883,0.9783298097251586,0.9711437565582371,0.8436482084690553,0.9747235387045814
petclinic,DS_VISUAL_PDiff_modelsize100epoch31,VISUAL_PDiff,Ensemble,0.9555757026291932,0.9752891692954784,0.9732423924449108,0.837748344370861,0.974264705882353
petclinic,DS_VISUAL_PDiff_modelsize100epoch31,VISUAL_PDiff,Neural Network,0.8735267452402539,0.8813877168307548,0.9863588667366212,0.2520107238605898,0.9309234959148304
phoenix,DS_DOM_RTED_modelsize100epoch31,DOM_RTED,Dummy,0.5266219239373602,0.6006415396952687,0.5721925133689839,0.4472309299895506,0.5860719874804382
phoenix,DS_DOM_RTED_modelsize100epoch31,DOM_RTED,Threshold,0.0325793853735645,1.0,0.0325793853735645,0.0631029165118923,0.0631029165118923
phoenix,DS_DOM_RTED_modelsize100epoch31,DOM_RTED,Nearest Neighbors,0.6885906040268457,0.7124047124047124,0.7853323147440795,0.5948777648428405,0.747093023255814
phoenix,DS_DOM_RTED_modelsize100epoch31,DOM_RTED,SVM RBF,0.7239373601789709,0.7018669778296382,0.919022154316272,0.5736005528680027,0.7958981144558386
phoenix,DS_DOM_RTED_modelsize100epoch31,DOM_RTED,Decision Tree,0.6675615212527964,0.7193798449612403,0.7089381207028266,0.6028861571352219,0.7141208156983455
phoenix,DS_DOM_RTED_modelsize100epoch31,DOM_RTED,Gaussian Naive Bayes,0.6720357941834452,0.7130177514792899,0.7364400305576776,0.5948037589828635,0.7245396467493423
phoenix,DS_DOM_RTED_modelsize100epoch31,DOM_RTED,Random Forest,0.665324384787472,0.7076239822353811,0.7303284950343774,0.5867403314917128,0.718796992481203
phoenix,DS_DOM_RTED_modelsize100epoch31,DOM_RTED,Ensemble,0.6961968680089485,0.7116935483870968,0.8090145148968678,0.5941422594142259,0.7572398998927421
phoenix,DS_DOM_RTED_modelsize100epoch31,DOM_RTED,Neural Network,0.6738255033557047,0.7135493372606775,0.7402597402597403,0.5956738768718803,0.7266591676040496
phoenix,DS_VISUAL_PDiff_modelsize100epoch31,VISUAL_PDiff,Dummy,0.5217002237136465,0.5909090909090909,0.5958747135217723,0.4193373166757196,0.5933815138836059
phoenix,DS_VISUAL_PDiff_modelsize100epoch31,VISUAL_PDiff,Threshold,0.0708656841322237,1.0,0.0708656841322237,0.1323521430974786,0.1323521430974786
phoenix,DS_VISUAL_PDiff_modelsize100epoch31,VISUAL_PDiff,Nearest Neighbors,0.8706935123042505,0.8881278538812786,0.891520244461421,0.8435300487276667,0.8898208158597026
phoenix,DS_VISUAL_PDiff_modelsize100epoch31,VISUAL_PDiff,SVM RBF,0.7203579418344519,0.6779396462018731,0.9954163483575248,0.4955609362389023,0.8065614360878984
phoenix,DS_VISUAL_PDiff_modelsize100epoch31,VISUAL_PDiff,Decision Tree,0.8787472035794184,0.8992307692307693,0.893048128342246,0.8543793659322945,0.8961287849750863
phoenix,DS_VISUAL_PDiff_modelsize100epoch31,VISUAL_PDiff,Gaussian Naive Bayes,0.6881431767337808,0.6976744186046512,0.825057295645531,0.5678859268443893,0.7560378018900945
phoenix,DS_VISUAL_PDiff_modelsize100epoch31,VISUAL_PDiff,Random Forest,0.8778523489932886,0.8978494623655914,0.893048128342246,0.8531468531468531,0.8954423592493298
phoenix,DS_VISUAL_PDiff_modelsize100epoch31,VISUAL_PDiff,Ensemble,0.8850111856823266,0.8757142857142857,0.93659281894576,0.8540601930721181,0.9051310446659284
phoenix,DS_VISUAL_PDiff_modelsize100epoch31,VISUAL_PDiff,Neural Network,0.6921700223713646,0.706312292358804,0.812070282658518,0.5845410628019324,0.7555081734186211
ppma,DS_DOM_RTED_modelsize100epoch31,DOM_RTED,Dummy,0.7971163748712667,0.8771526980482205,0.8946135831381733,0.0921658986175115,0.8857971014492754
ppma,DS_DOM_RTED_modelsize100epoch31,DOM_RTED,Threshold,0.0321134690342139,1.0,0.0321134690342139,0.0622285630363174,0.0622285630363174
ppma,DS_DOM_RTED_modelsize100epoch31,DOM_RTED,Nearest Neighbors,0.8795056642636457,0.8795056642636457,1.0,0.0,0.935890410958904
ppma,DS_DOM_RTED_modelsize100epoch31,DOM_RTED,SVM RBF,0.8795056642636457,0.8795056642636457,1.0,0.0,0.935890410958904
ppma,DS_DOM_RTED_modelsize100epoch31,DOM_RTED,Decision Tree,0.8795056642636457,0.8795056642636457,1.0,0.0,0.935890410958904
ppma,DS_DOM_RTED_modelsize100epoch31,DOM_RTED,Gaussian Naive Bayes,0.8084449021627188,1.0,0.7822014051522248,0.5571428571428572,0.8777923784494086
ppma,DS_DOM_RTED_modelsize100epoch31,DOM_RTED,Random Forest,0.8795056642636457,0.8795056642636457,1.0,0.0,0.935890410958904
ppma,DS_DOM_RTED_modelsize100epoch31,DOM_RTED,Ensemble,0.8795056642636457,0.8795056642636457,1.0,0.0,0.935890410958904
ppma,DS_DOM_RTED_modelsize100epoch31,DOM_RTED,Neural Network,0.8795056642636457,0.8795056642636457,1.0,0.0,0.935890410958904
ppma,DS_VISUAL_PDiff_modelsize100epoch31,VISUAL_PDiff,Dummy,0.7857878475798146,0.8782201405152225,0.8782201405152225,0.1111111111111111,0.8782201405152223
ppma,DS_VISUAL_PDiff_modelsize100epoch31,VISUAL_PDiff,Threshold,0.0660134257254222,1.0,0.0660134257254222,0.1238510212580111,0.1238510212580111
ppma,DS_VISUAL_PDiff_modelsize100epoch31,VISUAL_PDiff,Nearest Neighbors,1.0,1.0,1.0,1.0,1.0
ppma,DS_VISUAL_PDiff_modelsize100epoch31,VISUAL_PDiff,SVM RBF,0.976313079299691,1.0,0.9730679156908664,0.9105058365758756,0.9863501483679524
ppma,DS_VISUAL_PDiff_modelsize100epoch31,VISUAL_PDiff,Decision Tree,1.0,1.0,1.0,1.0,1.0
ppma,DS_VISUAL_PDiff_modelsize100epoch31,VISUAL_PDiff,Gaussian Naive Bayes,1.0,1.0,1.0,1.0,1.0
ppma,DS_VISUAL_PDiff_modelsize100epoch31,VISUAL_PDiff,Random Forest,1.0,1.0,1.0,1.0,1.0
ppma,DS_VISUAL_PDiff_modelsize100epoch31,VISUAL_PDiff,Ensemble,1.0,1.0,1.0,1.0,1.0
ppma,DS_VISUAL_PDiff_modelsize100epoch31,VISUAL_PDiff,Neural Network,1.0,1.0,1.0,1.0,1.0
addressbook,DS_all_modelsize100epoch31,Ensemble,Nearest Neighbors,0.966010733452594,0.9731270358306188,0.9803117309269892,0.9371554575523704,0.976706170821414
addressbook,DS_all_modelsize100epoch31,Ensemble,SVM RBF,0.9677996422182468,0.9747351263243684,0.981132075471698,0.9405286343612336,0.9779231398201144
addressbook,DS_all_modelsize100epoch31,Ensemble,Decision Tree,0.9487179487179488,0.9662551440329218,0.963084495488105,0.9065217391304348,0.9646672144617912
addressbook,DS_all_modelsize100epoch31,Ensemble,Gaussian Naive Bayes,0.9695885509838998,0.977124183006536,0.981132075471698,0.9440175631174532,0.9791240278346296
addressbook,DS_all_modelsize100epoch31,Ensemble,Random Forest,0.9487179487179488,0.9662551440329218,0.963084495488105,0.9065217391304348,0.9646672144617912
addressbook,DS_all_modelsize100epoch31,Ensemble,Ensemble,0.9689922480620154,0.9755501222493888,0.9819524200164068,0.9427312775330396,0.9787408013082584
addressbook,DS_all_modelsize100epoch31,Ensemble,Neural Network,0.9689922480620154,0.977886977886978,0.9794913863822804,0.9431072210065644,0.978688524590164
claroline,DS_all_modelsize100epoch31,Ensemble,Nearest Neighbors,0.9991558806978053,1.0,0.998987854251012,0.9974640743871512,0.999493670886076
claroline,DS_all_modelsize100epoch31,Ensemble,SVM RBF,0.9977490151941476,1.0,0.9973009446693656,0.9932659932659932,0.9986486486486488
claroline,DS_all_modelsize100epoch31,Ensemble,Decision Tree,0.998593134496342,0.9993250084373946,0.998987854251012,0.995766299745978,0.999156402901974
claroline,DS_all_modelsize100epoch31,Ensemble,Gaussian Naive Bayes,0.9988745075970736,0.99966239027684,0.998987854251012,0.9966159052453468,0.9993250084373944
claroline,DS_all_modelsize100epoch31,Ensemble,Random Forest,0.998593134496342,0.9993250084373946,0.998987854251012,0.995766299745978,0.999156402901974
claroline,DS_all_modelsize100epoch31,Ensemble,Ensemble,0.9991558806978053,1.0,0.998987854251012,0.9974640743871512,0.999493670886076
claroline,DS_all_modelsize100epoch31,Ensemble,Neural Network,0.997467642093416,1.0,0.9969635627530364,0.992430613961312,0.9984794728839332
dimeshift,DS_all_modelsize100epoch31,Ensemble,Nearest Neighbors,0.9346517626827172,0.95184007269423,0.978514712751051,0.5096774193548388,0.9649930907415938
dimeshift,DS_all_modelsize100epoch31,Ensemble,SVM RBF,0.9204643164230438,0.9204643164230438,1.0,0.0,0.9585851802104322
dimeshift,DS_all_modelsize100epoch31,Ensemble,Decision Tree,0.914445399828031,0.9516279069767442,0.9556282111163008,0.4487534626038781,0.9536238639011884
dimeshift,DS_all_modelsize100epoch31,Ensemble,Gaussian Naive Bayes,0.9204643164230438,0.9204643164230438,1.0,0.0,0.9585851802104322
dimeshift,DS_all_modelsize100epoch31,Ensemble,Random Forest,0.9161650902837488,0.9521375464684017,0.9570294255021018,0.456824512534819,0.954577218728162
dimeshift,DS_all_modelsize100epoch31,Ensemble,Ensemble,0.9346517626827172,0.9445686186857398,0.9869219990658572,0.4452554744525547,0.9652809502055733
dimeshift,DS_all_modelsize100epoch31,Ensemble,Neural Network,0.9204643164230438,0.9204643164230438,1.0,0.0,0.9585851802104322
mantisbt,DS_all_modelsize100epoch31,Ensemble,Nearest Neighbors,0.9214128035320088,0.9521507974867084,0.961444607125427,0.5679611650485438,0.9567751335599806
mantisbt,DS_all_modelsize100epoch31,Ensemble,SVM RBF,0.904635761589404,0.904635761589404,1.0,0.0,0.9499304589707928
mantisbt,DS_all_modelsize100epoch31,Ensemble,Decision Tree,0.9112582781456954,0.9489795918367347,0.9531478770131772,0.524822695035461,0.9510591672753836
mantisbt,DS_all_modelsize100epoch31,Ensemble,Gaussian Naive Bayes,0.893598233995585,0.9956140350877192,0.8862859931673988,0.6331811263318112,0.9377743351407176
mantisbt,DS_all_modelsize100epoch31,Ensemble,Random Forest,0.9112582781456954,0.9481086323957324,0.954123962908736,0.5202863961813843,0.95110678666991
mantisbt,DS_all_modelsize100epoch31,Ensemble,Ensemble,0.9147902869757174,0.9491771539206196,0.9570522205954124,0.5349397590361445,0.9530984204131226
mantisbt,DS_all_modelsize100epoch31,Ensemble,Neural Network,0.904635761589404,0.904635761589404,1.0,0.0,0.9499304589707928
mrbs,DS_all_modelsize100epoch31,Ensemble,Nearest Neighbors,0.919205298013245,0.9224080267558528,0.9536652835408024,0.8848332284455632,0.9377762665759948
mrbs,DS_all_modelsize100epoch31,Ensemble,SVM RBF,0.9271523178807948,0.9290020093770932,0.9591977869986168,0.8962916404776871,0.9438584552568902
mrbs,DS_all_modelsize100epoch31,Ensemble,Decision Tree,0.895364238410596,0.9148936170212766,0.921853388658368,0.8543331284572833,0.9183603169135376
mrbs,DS_all_modelsize100epoch31,Ensemble,Gaussian Naive Bayes,0.7554083885209713,0.9868995633187772,0.6251728907330567,0.7444649446494465,0.7654530059271804
mrbs,DS_all_modelsize100epoch31,Ensemble,Random Forest,0.8958057395143488,0.9149519890260632,0.9225449515905948,0.8548585485854857,0.918732782369146
mrbs,DS_all_modelsize100epoch31,Ensemble,Ensemble,0.9086092715231788,0.9317073170731708,0.9246196403872752,0.8744693753790177,0.9281499479347448
mrbs,DS_all_modelsize100epoch31,Ensemble,Neural Network,0.9258278145695364,0.939477303988996,0.9446749654218534,0.8969325153374235,0.9420689655172414
pagekit,DS_all_modelsize100epoch31,Ensemble,Nearest Neighbors,0.6341212744090442,0.6858137510879025,0.6918349429323969,0.5561097256857855,0.6888111888111889
pagekit,DS_all_modelsize100epoch31,Ensemble,SVM RBF,0.6808838643371018,0.7283950617283951,0.7251975417032485,0.6164298949969117,0.7267927848658161
pagekit,DS_all_modelsize100epoch31,Ensemble,Decision Tree,0.6253854059609455,0.6761168384879725,0.6909569798068481,0.541220893643801,0.6834563612679114
pagekit,DS_all_modelsize100epoch31,Ensemble,Gaussian Naive Bayes,0.6490236382322713,0.9672131147540984,0.4143985952589991,0.6984547461368653,0.5802089735709896
pagekit,DS_all_modelsize100epoch31,Ensemble,Random Forest,0.6253854059609455,0.6761168384879725,0.6909569798068481,0.541220893643801,0.6834563612679114
pagekit,DS_all_modelsize100epoch31,Ensemble,Ensemble,0.6505652620760535,0.7243401759530792,0.6505706760316067,0.606936416184971,0.6854764107308049
pagekit,DS_all_modelsize100epoch31,Ensemble,Neural Network,0.682939362795478,0.7439252336448599,0.6988586479367866,0.6333927510398097,0.7206880941602536
petclinic,DS_all_modelsize100epoch31,Ensemble,Nearest Neighbors,0.9215775158658204,0.9539025667888948,0.9554039874081848,0.710217755443886,0.9546526867627784
petclinic,DS_all_modelsize100epoch31,Ensemble,SVM RBF,0.92973708068903,0.963963963963964,0.9543546694648478,0.7495961227786753,0.9591352491431584
petclinic,DS_all_modelsize100epoch31,Ensemble,Decision Tree,0.9038984587488668,0.9476744186046512,0.940713536201469,0.6547231270358307,0.9441811479726172
petclinic,DS_all_modelsize100epoch31,Ensemble,Gaussian Naive Bayes,0.9229374433363554,0.972252448313384,0.9375655823714586,0.7455089820359281,0.954594017094017
petclinic,DS_all_modelsize100epoch31,Ensemble,Random Forest,0.9038984587488668,0.9476744186046512,0.940713536201469,0.6547231270358307,0.9441811479726172
petclinic,DS_all_modelsize100epoch31,Ensemble,Ensemble,0.9252039891205802,0.9608258337744838,0.9522560335781742,0.73257698541329,0.9565217391304348
petclinic,DS_all_modelsize100epoch31,Ensemble,Neural Network,0.92973708068903,0.9600630583289544,0.9585519412381952,0.7429519071310117,0.9593069046993964
phoenix,DS_all_modelsize100epoch31,Ensemble,Nearest Neighbors,0.8326621923937361,0.8173794976238968,0.9197860962566844,0.778436018957346,0.8655643421998563
phoenix,DS_all_modelsize100epoch31,Ensemble,SVM RBF,0.854586129753915,0.8228346456692913,0.957983193277311,0.8014660965180207,0.8852806212495588
phoenix,DS_all_modelsize100epoch31,Ensemble,Decision Tree,0.7812080536912752,0.8096676737160121,0.8189457601222307,0.7338051170386499,0.8142802886441323
phoenix,DS_all_modelsize100epoch31,Ensemble,Gaussian Naive Bayes,0.767337807606264,0.8941058941058941,0.6837280366692131,0.7592592592592592,0.7748917748917749
phoenix,DS_all_modelsize100epoch31,Ensemble,Random Forest,0.7829977628635347,0.8097744360902256,0.8227654698242933,0.7351174221736756,0.8162182644941265
phoenix,DS_all_modelsize100epoch31,Ensemble,Ensemble,0.8156599552572706,0.8219669777458722,0.8747135217723453,0.7669683257918551,0.8475203552923759
phoenix,DS_all_modelsize100epoch31,Ensemble,Neural Network,0.8272930648769575,0.8558211256746338,0.8479755538579068,0.7929184549356223,0.851880276285495
ppma,DS_all_modelsize100epoch31,Ensemble,Nearest Neighbors,0.874356333676622,0.8969631236442517,0.968384074941452,0.2650602409638554,0.9313063063063063
ppma,DS_all_modelsize100epoch31,Ensemble,SVM RBF,0.8795056642636457,0.8795056642636457,1.0,0.0,0.935890410958904
ppma,DS_all_modelsize100epoch31,Ensemble,Decision Tree,0.850669412976313,0.9107763615295481,0.9203747072599532,0.35555555555555557,0.9155503785672684
ppma,DS_all_modelsize100epoch31,Ensemble,Gaussian Naive Bayes,0.8063851699279093,0.9940652818991098,0.7845433255269321,0.5458937198067633,0.8769633507853403
ppma,DS_all_modelsize100epoch31,Ensemble,Random Forest,0.854788877445932,0.9111880046136102,0.9250585480093677,0.3619909502262443,0.9180708890180128
ppma,DS_all_modelsize100epoch31,Ensemble,Ensemble,0.858908341915551,0.9115958668197475,0.9297423887587822,0.3686635944700461,0.9205797101449275
ppma,DS_all_modelsize100epoch31,Ensemble,Neural Network,0.8795056642636457,0.8795056642636457,1.0,0.0,0.935890410958904
