{
  "nodes" : [ {
    "name" : "state9",
    "url" : "http://localhost:3000/ppma/index.php?r=entry/index&pagesize=100",
    "candidateElements" : [ {
      "top" : 672,
      "left" : 158,
      "xpath" : "//TH[@id = 'entries_c0']/A[1]",
      "width" : 39,
      "height" : 17
    }, {
      "top" : 672,
      "left" : 316,
      "xpath" : "//TH[@id = 'entries_c1']/A[1]",
      "width" : 69,
      "height" : 17
    } ],
    "fanIn" : 1,
    "fanOut" : 2,
    "id" : 9,
    "failedEvents" : [ ],
    "hasNearDuplicate" : false,
    "distToNearestState" : -1.0,
    "cluster" : -1,
    "timeAdded" : 1661247338676,
    "nearestState" : "state7"
  }, {
    "name" : "state13",
    "url" : "http://localhost:3000/ppma/index.php?r=tag/index",
    "candidateElements" : [ {
      "top" : 286,
      "left" : 158,
      "xpath" : "//TH[@id = 'yw1_c0']/A[1]",
      "width" : 39,
      "height" : 17
    }, {
      "top" : 0,
      "left" : 0,
      "xpath" : "//FORM[@id = 'yw0']/INPUT[2]",
      "width" : 0,
      "height" : 0
    } ],
    "fanIn" : 1,
    "fanOut" : 0,
    "id" : 13,
    "failedEvents" : [ "xpath //FORM[@id = 'yw0']/INPUT[2]" ],
    "hasNearDuplicate" : false,
    "distToNearestState" : -1.0,
    "cluster" : -1,
    "timeAdded" : 1661247407752,
    "nearestState" : "state9"
  }, {
    "name" : "index",
    "url" : "http://localhost:3000/ppma/",
    "candidateElements" : [ {
      "top" : 158,
      "left" : 688,
      "xpath" : "//FORM[@id = 'login-form']/DIV[1]/DIV[2]/A[1]",
      "width" : 45,
      "height" : 32
    } ],
    "fanIn" : 0,
    "fanOut" : 1,
    "id" : 0,
    "failedEvents" : [ ],
    "hasNearDuplicate" : false,
    "distToNearestState" : -1.0,
    "cluster" : -1,
    "timeAdded" : 1661247267482,
    "nearestState" : "null"
  }, {
    "name" : "state7",
    "url" : "http://localhost:3000/ppma/index.php?r=entry/index&pagesize=25",
    "candidateElements" : [ {
      "top" : 286,
      "left" : 316,
      "xpath" : "//TH[@id = 'entries_c1']/A[1]",
      "width" : 69,
      "height" : 17
    }, {
      "top" : 286,
      "left" : 158,
      "xpath" : "//TH[@id = 'entries_c0']/A[1]",
      "width" : 39,
      "height" : 17
    } ],
    "fanIn" : 1,
    "fanOut" : 2,
    "id" : 7,
    "failedEvents" : [ ],
    "hasNearDuplicate" : false,
    "distToNearestState" : -1.0,
    "cluster" : -1,
    "timeAdded" : 1661247320128,
    "nearestState" : "state4"
  }, {
    "name" : "state2",
    "url" : "http://localhost:3000/ppma/index.php?r=entry/index",
    "candidateElements" : [ {
      "top" : 0,
      "left" : 226,
      "xpath" : "/HTML[1]/BODY[1]/DIV[1]/NAV[1]/SECTION[1]/UL[1]/LI[1]/A[1]",
      "width" : 92,
      "height" : 45
    }, {
      "top" : 0,
      "left" : 0,
      "xpath" : "//DIV[@id = 'entry-form-modal']/A[1]",
      "width" : 0,
      "height" : 0
    }, {
      "top" : 0,
      "left" : 496,
      "xpath" : "/HTML[1]/BODY[1]/DIV[1]/NAV[1]/SECTION[1]/UL[1]/LI[4]/A[1]",
      "width" : 89,
      "height" : 45
    }, {
      "top" : 0,
      "left" : 0,
      "xpath" : "/HTML[1]/BODY[1]/DIV[1]/NAV[1]/UL[1]/LI[1]/H1[1]/A[1]",
      "width" : 227,
      "height" : 45
    }, {
      "top" : 54,
      "left" : 319,
      "xpath" : "/HTML[1]/BODY[1]/DIV[1]/NAV[1]/SECTION[1]/UL[1]/LI[2]/UL[1]/LI[1]/A[1]",
      "width" : 86,
      "height" : 23
    }, {
      "top" : 0,
      "left" : 0,
      "xpath" : "//FORM[@id = 'yw0']/INPUT[6]",
      "width" : 0,
      "height" : 0
    }, {
      "top" : 0,
      "left" : 396,
      "xpath" : "/HTML[1]/BODY[1]/DIV[1]/NAV[1]/SECTION[1]/UL[1]/LI[3]/A[1]",
      "width" : 100,
      "height" : 45
    }, {
      "top" : 200,
      "left" : 145,
      "xpath" : "//DIV[@id = 'content']/P[2]/A[1]",
      "width" : 111,
      "height" : 17
    }, {
      "top" : 82,
      "left" : 319,
      "xpath" : "/HTML[1]/BODY[1]/DIV[1]/NAV[1]/SECTION[1]/UL[1]/LI[2]/UL[1]/LI[2]/A[1]",
      "width" : 86,
      "height" : 23
    }, {
      "top" : 54,
      "left" : 396,
      "xpath" : "/HTML[1]/BODY[1]/DIV[1]/NAV[1]/SECTION[1]/UL[1]/LI[3]/UL[1]/LI[1]/A[1]",
      "width" : 77,
      "height" : 23
    }, {
      "top" : 82,
      "left" : 226,
      "xpath" : "/HTML[1]/BODY[1]/DIV[1]/NAV[1]/SECTION[1]/UL[1]/LI[1]/UL[1]/LI[2]/A[1]",
      "width" : 235,
      "height" : 23
    }, {
      "top" : 0,
      "left" : 0,
      "xpath" : "//FORM[@id = 'entry-form']/INPUT[7]",
      "width" : 0,
      "height" : 0
    }, {
      "top" : 54,
      "left" : 226,
      "xpath" : "/HTML[1]/BODY[1]/DIV[1]/NAV[1]/SECTION[1]/UL[1]/LI[1]/UL[1]/LI[1]/A[1]",
      "width" : 235,
      "height" : 23
    }, {
      "top" : 148,
      "left" : 226,
      "xpath" : "/HTML[1]/BODY[1]/DIV[1]/NAV[1]/SECTION[1]/UL[1]/LI[1]/UL[1]/LI[5]/A[1]",
      "width" : 235,
      "height" : 23
    }, {
      "top" : 286,
      "left" : 158,
      "xpath" : "//TH[@id = 'entries_c0']/A[1]",
      "width" : 39,
      "height" : 17
    }, {
      "top" : 120,
      "left" : 226,
      "xpath" : "/HTML[1]/BODY[1]/DIV[1]/NAV[1]/SECTION[1]/UL[1]/LI[1]/UL[1]/LI[4]/A[1]",
      "width" : 235,
      "height" : 23
    }, {
      "top" : 286,
      "left" : 316,
      "xpath" : "//TH[@id = 'entries_c1']/A[1]",
      "width" : 69,
      "height" : 17
    }, {
      "top" : 0,
      "left" : 319,
      "xpath" : "/HTML[1]/BODY[1]/DIV[1]/NAV[1]/SECTION[1]/UL[1]/LI[2]/A[1]",
      "width" : 78,
      "height" : 45
    }, {
      "top" : 54,
      "left" : 496,
      "xpath" : "/HTML[1]/BODY[1]/DIV[1]/NAV[1]/SECTION[1]/UL[1]/LI[4]/UL[1]/LI[1]/A[1]",
      "width" : 138,
      "height" : 23
    }, {
      "top" : 82,
      "left" : 496,
      "xpath" : "/HTML[1]/BODY[1]/DIV[1]/NAV[1]/SECTION[1]/UL[1]/LI[4]/UL[1]/LI[2]/A[1]",
      "width" : 138,
      "height" : 23
    } ],
    "fanIn" : 7,
    "fanOut" : 4,
    "id" : 2,
    "failedEvents" : [ "xpath //DIV[@id = 'entry-form-modal']/A[1]", "xpath /HTML[1]/BODY[1]/DIV[1]/NAV[1]/SECTION[1]/UL[1]/LI[2]/UL[1]/LI[1]/A[1]", "xpath //FORM[@id = 'yw0']/INPUT[6]", "xpath /HTML[1]/BODY[1]/DIV[1]/NAV[1]/SECTION[1]/UL[1]/LI[2]/UL[1]/LI[2]/A[1]", "xpath /HTML[1]/BODY[1]/DIV[1]/NAV[1]/SECTION[1]/UL[1]/LI[3]/UL[1]/LI[1]/A[1]", "xpath /HTML[1]/BODY[1]/DIV[1]/NAV[1]/SECTION[1]/UL[1]/LI[1]/UL[1]/LI[2]/A[1]", "xpath //FORM[@id = 'entry-form']/INPUT[7]", "xpath /HTML[1]/BODY[1]/DIV[1]/NAV[1]/SECTION[1]/UL[1]/LI[1]/UL[1]/LI[1]/A[1]", "xpath /HTML[1]/BODY[1]/DIV[1]/NAV[1]/SECTION[1]/UL[1]/LI[1]/UL[1]/LI[5]/A[1]", "xpath /HTML[1]/BODY[1]/DIV[1]/NAV[1]/SECTION[1]/UL[1]/LI[1]/UL[1]/LI[4]/A[1]", "xpath /HTML[1]/BODY[1]/DIV[1]/NAV[1]/SECTION[1]/UL[1]/LI[4]/UL[1]/LI[1]/A[1]", "xpath /HTML[1]/BODY[1]/DIV[1]/NAV[1]/SECTION[1]/UL[1]/LI[4]/UL[1]/LI[2]/A[1]" ],
    "hasNearDuplicate" : false,
    "distToNearestState" : -1.0,
    "cluster" : -1,
    "timeAdded" : 1661247280749,
    "nearestState" : "index"
  }, {
    "name" : "state4",
    "url" : "http://localhost:3000/ppma/index.php?r=entry/index&pagesize=50",
    "candidateElements" : [ {
      "top" : 286,
      "left" : 158,
      "xpath" : "//TH[@id = 'entries_c0']/A[1]",
      "width" : 39,
      "height" : 17
    }, {
      "top" : 286,
      "left" : 316,
      "xpath" : "//TH[@id = 'entries_c1']/A[1]",
      "width" : 69,
      "height" : 17
    } ],
    "fanIn" : 1,
    "fanOut" : 2,
    "id" : 4,
    "failedEvents" : [ ],
    "hasNearDuplicate" : false,
    "distToNearestState" : -1.0,
    "cluster" : -1,
    "timeAdded" : 1661247295004,
    "nearestState" : "state2"
  } ],
  "links" : [ {
    "source" : 0,
    "target" : 2,
    "text" : "",
    "element" : "Element{node=[A: null], tag=A, text=, attributes={class=postfix button secondary expand}}",
    "eventType" : "click"
  }, {
    "source" : 2,
    "target" : 4,
    "text" : "Profile",
    "element" : "Element{node=[A: null], tag=A, text=Profile, attributes={}}",
    "eventType" : "click"
  }, {
    "source" : 4,
    "target" : 2,
    "text" : "Name",
    "element" : "Element{node=[A: null], tag=A, text=Name, attributes={class=sort-link asc, href=/ppma/index.php?r=entry/index&pagesize=50&Entry_sort=name.desc}}",
    "eventType" : "click"
  }, {
    "source" : 2,
    "target" : 7,
    "text" : "Settings",
    "element" : "Element{node=[A: null], tag=A, text=Settings, attributes={}}",
    "eventType" : "click"
  }, {
    "source" : 7,
    "target" : 2,
    "text" : "Username",
    "element" : "Element{node=[A: null], tag=A, text=Username, attributes={class=sort-link, href=/ppma/index.php?r=entry/index&pagesize=25&Entry_sort=username}}",
    "eventType" : "click"
  }, {
    "source" : 2,
    "target" : 9,
    "text" : "Advanced Search",
    "element" : "Element{node=[A: null], tag=A, text=Advanced Search, attributes={class=search-button}}",
    "eventType" : "click"
  }, {
    "source" : 9,
    "target" : 2,
    "text" : "Name",
    "element" : "Element{node=[A: null], tag=A, text=Name, attributes={class=sort-link asc, href=/ppma/index.php?r=entry/index&pagesize=100&Entry_sort=name.desc}}",
    "eventType" : "click"
  }, {
    "source" : 2,
    "target" : 13,
    "text" : "Tags",
    "element" : "Element{node=[A: null], tag=A, text=Tags, attributes={href=/ppma/index.php?r=tag/index}}",
    "eventType" : "click"
  }, {
    "source" : 4,
    "target" : 2,
    "text" : "Username",
    "element" : "Element{node=[A: null], tag=A, text=Username, attributes={class=sort-link, href=/ppma/index.php?r=entry/index&pagesize=50&Entry_sort=username}}",
    "eventType" : "click"
  }, {
    "source" : 7,
    "target" : 2,
    "text" : "Name",
    "element" : "Element{node=[A: null], tag=A, text=Name, attributes={class=sort-link asc, href=/ppma/index.php?r=entry/index&pagesize=25&Entry_sort=name.desc}}",
    "eventType" : "click"
  }, {
    "source" : 9,
    "target" : 2,
    "text" : "Username",
    "element" : "Element{node=[A: null], tag=A, text=Username, attributes={class=sort-link, href=/ppma/index.php?r=entry/index&pagesize=100&Entry_sort=username}}",
    "eventType" : "click"
  } ]
}