{
  "states" : {
    "state9" : {
      "name" : "state9",
      "url" : "http://localhost:3000/ppma/index.php?r=entry/index&pagesize=100",
      "candidateElements" : [ {
        "top" : 672,
        "left" : 158,
        "xpath" : "//TH[@id = 'entries_c0']/A[1]",
        "width" : 39,
        "height" : 17
      }, {
        "top" : 672,
        "left" : 316,
        "xpath" : "//TH[@id = 'entries_c1']/A[1]",
        "width" : 69,
        "height" : 17
      } ],
      "fanIn" : 1,
      "fanOut" : 2,
      "id" : 9,
      "failedEvents" : [ ],
      "hasNearDuplicate" : false,
      "distToNearestState" : -1.0,
      "cluster" : -1,
      "timeAdded" : 1661247338676,
      "nearestState" : "state7"
    },
    "state13" : {
      "name" : "state13",
      "url" : "http://localhost:3000/ppma/index.php?r=tag/index",
      "candidateElements" : [ {
        "top" : 286,
        "left" : 158,
        "xpath" : "//TH[@id = 'yw1_c0']/A[1]",
        "width" : 39,
        "height" : 17
      }, {
        "top" : 0,
        "left" : 0,
        "xpath" : "//FORM[@id = 'yw0']/INPUT[2]",
        "width" : 0,
        "height" : 0
      } ],
      "fanIn" : 1,
      "fanOut" : 0,
      "id" : 13,
      "failedEvents" : [ "xpath //FORM[@id = 'yw0']/INPUT[2]" ],
      "hasNearDuplicate" : false,
      "distToNearestState" : -1.0,
      "cluster" : -1,
      "timeAdded" : 1661247407752,
      "nearestState" : "state9"
    },
    "index" : {
      "name" : "index",
      "url" : "http://localhost:3000/ppma/",
      "candidateElements" : [ {
        "top" : 158,
        "left" : 688,
        "xpath" : "//FORM[@id = 'login-form']/DIV[1]/DIV[2]/A[1]",
        "width" : 45,
        "height" : 32
      } ],
      "fanIn" : 0,
      "fanOut" : 1,
      "id" : 0,
      "failedEvents" : [ ],
      "hasNearDuplicate" : false,
      "distToNearestState" : -1.0,
      "cluster" : -1,
      "timeAdded" : 1661247267482,
      "nearestState" : "null"
    },
    "state7" : {
      "name" : "state7",
      "url" : "http://localhost:3000/ppma/index.php?r=entry/index&pagesize=25",
      "candidateElements" : [ {
        "top" : 286,
        "left" : 316,
        "xpath" : "//TH[@id = 'entries_c1']/A[1]",
        "width" : 69,
        "height" : 17
      }, {
        "top" : 286,
        "left" : 158,
        "xpath" : "//TH[@id = 'entries_c0']/A[1]",
        "width" : 39,
        "height" : 17
      } ],
      "fanIn" : 1,
      "fanOut" : 2,
      "id" : 7,
      "failedEvents" : [ ],
      "hasNearDuplicate" : false,
      "distToNearestState" : -1.0,
      "cluster" : -1,
      "timeAdded" : 1661247320128,
      "nearestState" : "state4"
    },
    "state2" : {
      "name" : "state2",
      "url" : "http://localhost:3000/ppma/index.php?r=entry/index",
      "candidateElements" : [ {
        "top" : 0,
        "left" : 226,
        "xpath" : "/HTML[1]/BODY[1]/DIV[1]/NAV[1]/SECTION[1]/UL[1]/LI[1]/A[1]",
        "width" : 92,
        "height" : 45
      }, {
        "top" : 0,
        "left" : 0,
        "xpath" : "//DIV[@id = 'entry-form-modal']/A[1]",
        "width" : 0,
        "height" : 0
      }, {
        "top" : 0,
        "left" : 496,
        "xpath" : "/HTML[1]/BODY[1]/DIV[1]/NAV[1]/SECTION[1]/UL[1]/LI[4]/A[1]",
        "width" : 89,
        "height" : 45
      }, {
        "top" : 0,
        "left" : 0,
        "xpath" : "/HTML[1]/BODY[1]/DIV[1]/NAV[1]/UL[1]/LI[1]/H1[1]/A[1]",
        "width" : 227,
        "height" : 45
      }, {
        "top" : 54,
        "left" : 319,
        "xpath" : "/HTML[1]/BODY[1]/DIV[1]/NAV[1]/SECTION[1]/UL[1]/LI[2]/UL[1]/LI[1]/A[1]",
        "width" : 86,
        "height" : 23
      }, {
        "top" : 0,
        "left" : 0,
        "xpath" : "//FORM[@id = 'yw0']/INPUT[6]",
        "width" : 0,
        "height" : 0
      }, {
        "top" : 0,
        "left" : 396,
        "xpath" : "/HTML[1]/BODY[1]/DIV[1]/NAV[1]/SECTION[1]/UL[1]/LI[3]/A[1]",
        "width" : 100,
        "height" : 45
      }, {
        "top" : 200,
        "left" : 145,
        "xpath" : "//DIV[@id = 'content']/P[2]/A[1]",
        "width" : 111,
        "height" : 17
      }, {
        "top" : 82,
        "left" : 319,
        "xpath" : "/HTML[1]/BODY[1]/DIV[1]/NAV[1]/SECTION[1]/UL[1]/LI[2]/UL[1]/LI[2]/A[1]",
        "width" : 86,
        "height" : 23
      }, {
        "top" : 54,
        "left" : 396,
        "xpath" : "/HTML[1]/BODY[1]/DIV[1]/NAV[1]/SECTION[1]/UL[1]/LI[3]/UL[1]/LI[1]/A[1]",
        "width" : 77,
        "height" : 23
      }, {
        "top" : 82,
        "left" : 226,
        "xpath" : "/HTML[1]/BODY[1]/DIV[1]/NAV[1]/SECTION[1]/UL[1]/LI[1]/UL[1]/LI[2]/A[1]",
        "width" : 235,
        "height" : 23
      }, {
        "top" : 0,
        "left" : 0,
        "xpath" : "//FORM[@id = 'entry-form']/INPUT[7]",
        "width" : 0,
        "height" : 0
      }, {
        "top" : 54,
        "left" : 226,
        "xpath" : "/HTML[1]/BODY[1]/DIV[1]/NAV[1]/SECTION[1]/UL[1]/LI[1]/UL[1]/LI[1]/A[1]",
        "width" : 235,
        "height" : 23
      }, {
        "top" : 148,
        "left" : 226,
        "xpath" : "/HTML[1]/BODY[1]/DIV[1]/NAV[1]/SECTION[1]/UL[1]/LI[1]/UL[1]/LI[5]/A[1]",
        "width" : 235,
        "height" : 23
      }, {
        "top" : 286,
        "left" : 158,
        "xpath" : "//TH[@id = 'entries_c0']/A[1]",
        "width" : 39,
        "height" : 17
      }, {
        "top" : 120,
        "left" : 226,
        "xpath" : "/HTML[1]/BODY[1]/DIV[1]/NAV[1]/SECTION[1]/UL[1]/LI[1]/UL[1]/LI[4]/A[1]",
        "width" : 235,
        "height" : 23
      }, {
        "top" : 286,
        "left" : 316,
        "xpath" : "//TH[@id = 'entries_c1']/A[1]",
        "width" : 69,
        "height" : 17
      }, {
        "top" : 0,
        "left" : 319,
        "xpath" : "/HTML[1]/BODY[1]/DIV[1]/NAV[1]/SECTION[1]/UL[1]/LI[2]/A[1]",
        "width" : 78,
        "height" : 45
      }, {
        "top" : 54,
        "left" : 496,
        "xpath" : "/HTML[1]/BODY[1]/DIV[1]/NAV[1]/SECTION[1]/UL[1]/LI[4]/UL[1]/LI[1]/A[1]",
        "width" : 138,
        "height" : 23
      }, {
        "top" : 82,
        "left" : 496,
        "xpath" : "/HTML[1]/BODY[1]/DIV[1]/NAV[1]/SECTION[1]/UL[1]/LI[4]/UL[1]/LI[2]/A[1]",
        "width" : 138,
        "height" : 23
      } ],
      "fanIn" : 7,
      "fanOut" : 4,
      "id" : 2,
      "failedEvents" : [ "xpath //DIV[@id = 'entry-form-modal']/A[1]", "xpath /HTML[1]/BODY[1]/DIV[1]/NAV[1]/SECTION[1]/UL[1]/LI[2]/UL[1]/LI[1]/A[1]", "xpath //FORM[@id = 'yw0']/INPUT[6]", "xpath /HTML[1]/BODY[1]/DIV[1]/NAV[1]/SECTION[1]/UL[1]/LI[2]/UL[1]/LI[2]/A[1]", "xpath /HTML[1]/BODY[1]/DIV[1]/NAV[1]/SECTION[1]/UL[1]/LI[3]/UL[1]/LI[1]/A[1]", "xpath /HTML[1]/BODY[1]/DIV[1]/NAV[1]/SECTION[1]/UL[1]/LI[1]/UL[1]/LI[2]/A[1]", "xpath //FORM[@id = 'entry-form']/INPUT[7]", "xpath /HTML[1]/BODY[1]/DIV[1]/NAV[1]/SECTION[1]/UL[1]/LI[1]/UL[1]/LI[1]/A[1]", "xpath /HTML[1]/BODY[1]/DIV[1]/NAV[1]/SECTION[1]/UL[1]/LI[1]/UL[1]/LI[5]/A[1]", "xpath /HTML[1]/BODY[1]/DIV[1]/NAV[1]/SECTION[1]/UL[1]/LI[1]/UL[1]/LI[4]/A[1]", "xpath /HTML[1]/BODY[1]/DIV[1]/NAV[1]/SECTION[1]/UL[1]/LI[4]/UL[1]/LI[1]/A[1]", "xpath /HTML[1]/BODY[1]/DIV[1]/NAV[1]/SECTION[1]/UL[1]/LI[4]/UL[1]/LI[2]/A[1]" ],
      "hasNearDuplicate" : false,
      "distToNearestState" : -1.0,
      "cluster" : -1,
      "timeAdded" : 1661247280749,
      "nearestState" : "index"
    },
    "state4" : {
      "name" : "state4",
      "url" : "http://localhost:3000/ppma/index.php?r=entry/index&pagesize=50",
      "candidateElements" : [ {
        "top" : 286,
        "left" : 158,
        "xpath" : "//TH[@id = 'entries_c0']/A[1]",
        "width" : 39,
        "height" : 17
      }, {
        "top" : 286,
        "left" : 316,
        "xpath" : "//TH[@id = 'entries_c1']/A[1]",
        "width" : 69,
        "height" : 17
      } ],
      "fanIn" : 1,
      "fanOut" : 2,
      "id" : 4,
      "failedEvents" : [ ],
      "hasNearDuplicate" : false,
      "distToNearestState" : -1.0,
      "cluster" : -1,
      "timeAdded" : 1661247295004,
      "nearestState" : "state2"
    }
  },
  "edges" : [ {
    "from" : "index",
    "to" : "state2",
    "text" : "",
    "id" : "xpath //FORM[@id = 'login-form']/DIV[1]/DIV[2]/A[1]",
    "element" : "Element{node=[A: null], tag=A, text=, attributes={class=postfix button secondary expand}}",
    "eventType" : "click",
    "inputValues" : "id##LoginForm_username##admin:id##LoginForm_password##admin"
  }, {
    "from" : "state2",
    "to" : "state4",
    "text" : "Profile",
    "id" : "xpath /HTML[1]/BODY[1]/DIV[1]/NAV[1]/SECTION[1]/UL[1]/LI[4]/A[1]",
    "element" : "Element{node=[A: null], tag=A, text=Profile, attributes={}}",
    "eventType" : "click",
    "inputValues" : "id##pageSize##50"
  }, {
    "from" : "state4",
    "to" : "state2",
    "text" : "Name",
    "id" : "xpath //TH[@id = 'entries_c0']/A[1]",
    "element" : "Element{node=[A: null], tag=A, text=Name, attributes={class=sort-link asc, href=/ppma/index.php?r=entry/index&pagesize=50&Entry_sort=name.desc}}",
    "eventType" : "click",
    "inputValues" : "id##pageSize##100"
  }, {
    "from" : "state2",
    "to" : "state7",
    "text" : "Settings",
    "id" : "xpath /HTML[1]/BODY[1]/DIV[1]/NAV[1]/SECTION[1]/UL[1]/LI[3]/A[1]",
    "element" : "Element{node=[A: null], tag=A, text=Settings, attributes={}}",
    "eventType" : "click",
    "inputValues" : "id##pageSize##25"
  }, {
    "from" : "state7",
    "to" : "state2",
    "text" : "Username",
    "id" : "xpath //TH[@id = 'entries_c1']/A[1]",
    "element" : "Element{node=[A: null], tag=A, text=Username, attributes={class=sort-link, href=/ppma/index.php?r=entry/index&pagesize=25&Entry_sort=username}}",
    "eventType" : "click",
    "inputValues" : "id##pageSize##25"
  }, {
    "from" : "state2",
    "to" : "state9",
    "text" : "Advanced Search",
    "id" : "xpath //DIV[@id = 'content']/P[2]/A[1]",
    "element" : "Element{node=[A: null], tag=A, text=Advanced Search, attributes={class=search-button}}",
    "eventType" : "click",
    "inputValues" : "id##pageSize##100"
  }, {
    "from" : "state9",
    "to" : "state2",
    "text" : "Name",
    "id" : "xpath //TH[@id = 'entries_c0']/A[1]",
    "element" : "Element{node=[A: null], tag=A, text=Name, attributes={class=sort-link asc, href=/ppma/index.php?r=entry/index&pagesize=100&Entry_sort=name.desc}}",
    "eventType" : "click",
    "inputValues" : "id##Entry_name##MbQLXRnJ:id##Entry_url##pScbRAwy:id##Entry_username##WeiaVKZP:id##Entry_tagList##mzpXohwN:id##Entry_comment##QQfGRIrM:id##Entry_comment##HZXCqoWQ:id##pageSize##50"
  }, {
    "from" : "state2",
    "to" : "state13",
    "text" : "Tags",
    "id" : "xpath /HTML[1]/BODY[1]/DIV[1]/NAV[1]/SECTION[1]/UL[1]/LI[2]/A[1]",
    "element" : "Element{node=[A: null], tag=A, text=Tags, attributes={href=/ppma/index.php?r=tag/index}}",
    "eventType" : "click",
    "inputValues" : "id##pageSize##100"
  }, {
    "from" : "state4",
    "to" : "state2",
    "text" : "Username",
    "id" : "xpath //TH[@id = 'entries_c1']/A[1]",
    "element" : "Element{node=[A: null], tag=A, text=Username, attributes={class=sort-link, href=/ppma/index.php?r=entry/index&pagesize=50&Entry_sort=username}}",
    "eventType" : "click",
    "inputValues" : "id##pageSize##5"
  }, {
    "from" : "state7",
    "to" : "state2",
    "text" : "Name",
    "id" : "xpath //TH[@id = 'entries_c0']/A[1]",
    "element" : "Element{node=[A: null], tag=A, text=Name, attributes={class=sort-link asc, href=/ppma/index.php?r=entry/index&pagesize=25&Entry_sort=name.desc}}",
    "eventType" : "click",
    "inputValues" : "id##pageSize##10"
  }, {
    "from" : "state9",
    "to" : "state2",
    "text" : "Username",
    "id" : "xpath //TH[@id = 'entries_c1']/A[1]",
    "element" : "Element{node=[A: null], tag=A, text=Username, attributes={class=sort-link, href=/ppma/index.php?r=entry/index&pagesize=100&Entry_sort=username}}",
    "eventType" : "click",
    "inputValues" : "id##Entry_name##VAFlgidz:id##Entry_url##SlvDsApk:id##Entry_username##DLtdTCFK:id##Entry_tagList##NNIYbGyM:id##Entry_comment##SjHaWtKg:id##Entry_comment##nCWplUIB:id##pageSize##10"
  } ],
  "statistics" : {
    "duration" : "4 minutes 24 seconds",
    "crawlPaths" : 3,
    "averageDomSize" : "8.476 kB",
    "edges" : 11,
    "startDate" : "2022-08-23 11:34:18 CEST",
    "stateStats" : {
      "leastFanOut" : {
        "id" : "state13",
        "count" : 0
      },
      "leastFanIn" : {
        "id" : "index",
        "count" : 0
      },
      "mostFanOut" : {
        "id" : "state2",
        "count" : 4
      },
      "mostFanIn" : {
        "id" : "state2",
        "count" : 7
      },
      "totalNumberOfStates" : 6,
      "urls" : {
        "http://localhost:3000/ppma/index.php?r=entry/index&pagesize=100" : [ "state9" ],
        "http://localhost:3000/ppma/index.php?r=tag/index" : [ "state13" ],
        "http://localhost:3000/ppma/" : [ "index" ],
        "http://localhost:3000/ppma/index.php?r=entry/index&pagesize=25" : [ "state7" ],
        "http://localhost:3000/ppma/index.php?r=entry/index" : [ "state2" ],
        "http://localhost:3000/ppma/index.php?r=entry/index&pagesize=50" : [ "state4" ]
      }
    },
    "failedEvents" : 13
  },
  "exitStatus" : "EXHAUSTED"
}