{
  "states" : {
    "index" : {
      "name" : "index",
      "url" : "http://localhost:3000",
      "candidateElements" : [ {
        "top" : 0,
        "left" : 40,
        "xpath" : "/HTML[1]/BODY[1]/DIV[1]/DIV[1]/DIV[1]/DIV[1]/A[1]",
        "width" : 123,
        "height" : 46
      }, {
        "top" : 0,
        "left" : 355,
        "xpath" : "/HTML[1]/BODY[1]/DIV[1]/DIV[1]/DIV[1]/DIV[2]/UL[1]/LI[1]/A[1]",
        "width" : 68,
        "height" : 45
      }, {
        "top" : 0,
        "left" : 554,
        "xpath" : "/HTML[1]/BODY[1]/DIV[1]/DIV[1]/DIV[1]/DIV[2]/UL[1]/LI[6]/A[1]",
        "width" : 82,
        "height" : 45
      }, {
        "top" : 0,
        "left" : 636,
        "xpath" : "/HTML[1]/BODY[1]/DIV[1]/DIV[1]/DIV[1]/DIV[2]/UL[1]/LI[7]/A[1]",
        "width" : 73,
        "height" : 45
      } ],
      "fanIn" : 0,
      "fanOut" : 0,
      "id" : 0,
      "failedEvents" : [ "xpath /HTML[1]/BODY[1]/DIV[1]/DIV[1]/DIV[1]/DIV[2]/UL[1]/LI[7]/A[1]" ],
      "hasNearDuplicate" : false,
      "distToNearestState" : -1.0,
      "cluster" : -1,
      "timeAdded" : 1661370750163,
      "nearestState" : "null"
    }
  },
  "edges" : [ ],
  "statistics" : {
    "duration" : "13 seconds",
    "crawlPaths" : 0,
    "averageDomSize" : "7.538 kB",
    "edges" : 0,
    "startDate" : "2022-08-24 21:52:23 CEST",
    "stateStats" : {
      "leastFanOut" : {
        "id" : "index",
        "count" : 0
      },
      "leastFanIn" : {
        "id" : "index",
        "count" : 0
      },
      "mostFanOut" : {
        "id" : "index",
        "count" : 0
      },
      "mostFanIn" : {
        "id" : "index",
        "count" : 0
      },
      "totalNumberOfStates" : 1,
      "urls" : {
        "http://localhost:3000" : [ "index" ]
      }
    },
    "failedEvents" : 1
  },
  "exitStatus" : "EXHAUSTED"
}