{
  "nodes" : [ {
    "name" : "index",
    "url" : "http://localhost:3000/ppma/",
    "candidateElements" : [ {
      "top" : 158,
      "left" : 472,
      "xpath" : "//FORM[@id = 'login-form']/DIV[1]/DIV[2]/A[1]",
      "width" : 37,
      "height" : 32
    } ],
    "fanIn" : 0,
    "fanOut" : 1,
    "id" : 0,
    "failedEvents" : [ ],
    "hasNearDuplicate" : false,
    "distToNearestState" : -1.0,
    "cluster" : -1,
    "timeAdded" : 1661254001593,
    "nearestState" : "null"
  }, {
    "name" : "state5",
    "url" : "http://localhost:3000/ppma/index.php?r=entry/index&pagesize=25",
    "candidateElements" : [ {
      "top" : 642,
      "left" : 155,
      "xpath" : "//TH[@id = 'entries_c1']/A[1]",
      "width" : 69,
      "height" : 17
    }, {
      "top" : 642,
      "left" : 28,
      "xpath" : "//TH[@id = 'entries_c0']/A[1]",
      "width" : 39,
      "height" : 17
    } ],
    "fanIn" : 1,
    "fanOut" : 2,
    "id" : 5,
    "failedEvents" : [ ],
    "hasNearDuplicate" : false,
    "distToNearestState" : -1.0,
    "cluster" : -1,
    "timeAdded" : 1661254050076,
    "nearestState" : "state2"
  }, {
    "name" : "state2",
    "url" : "http://localhost:3000/ppma/index.php?r=entry/index",
    "candidateElements" : [ {
      "top" : 156,
      "left" : 800,
      "xpath" : "/HTML[1]/BODY[1]/DIV[1]/NAV[1]/SECTION[1]/UL[1]/LI[1]/UL[1]/LI[5]/A[1]",
      "width" : 800,
      "height" : 23
    }, {
      "top" : 0,
      "left" : 0,
      "xpath" : "/HTML[1]/BODY[1]/DIV[1]/NAV[1]/UL[1]/LI[1]/H1[1]/A[1]",
      "width" : 800,
      "height" : 45
    }, {
      "top" : 90,
      "left" : 0,
      "xpath" : "/HTML[1]/BODY[1]/DIV[1]/NAV[1]/SECTION[1]/UL[1]/LI[2]/A[1]",
      "width" : 800,
      "height" : 45
    }, {
      "top" : 256,
      "left" : 28,
      "xpath" : "//TH[@id = 'entries_c0']/A[1]",
      "width" : 39,
      "height" : 17
    }, {
      "top" : 189,
      "left" : 800,
      "xpath" : "/HTML[1]/BODY[1]/DIV[1]/NAV[1]/SECTION[1]/UL[1]/LI[4]/UL[1]/LI[1]/A[1]",
      "width" : 800,
      "height" : 23
    }, {
      "top" : 82,
      "left" : 800,
      "xpath" : "/HTML[1]/BODY[1]/DIV[1]/NAV[1]/SECTION[1]/UL[1]/LI[1]/UL[1]/LI[2]/A[1]",
      "width" : 800,
      "height" : 23
    }, {
      "top" : 180,
      "left" : 0,
      "xpath" : "/HTML[1]/BODY[1]/DIV[1]/NAV[1]/SECTION[1]/UL[1]/LI[4]/A[1]",
      "width" : 800,
      "height" : 45
    }, {
      "top" : 127,
      "left" : 800,
      "xpath" : "/HTML[1]/BODY[1]/DIV[1]/NAV[1]/SECTION[1]/UL[1]/LI[2]/UL[1]/LI[2]/A[1]",
      "width" : 800,
      "height" : 23
    }, {
      "top" : 217,
      "left" : 800,
      "xpath" : "/HTML[1]/BODY[1]/DIV[1]/NAV[1]/SECTION[1]/UL[1]/LI[4]/UL[1]/LI[2]/A[1]",
      "width" : 800,
      "height" : 23
    }, {
      "top" : 144,
      "left" : 800,
      "xpath" : "/HTML[1]/BODY[1]/DIV[1]/NAV[1]/SECTION[1]/UL[1]/LI[3]/UL[1]/LI[1]/A[1]",
      "width" : 800,
      "height" : 23
    }, {
      "top" : 128,
      "left" : 800,
      "xpath" : "/HTML[1]/BODY[1]/DIV[1]/NAV[1]/SECTION[1]/UL[1]/LI[1]/UL[1]/LI[4]/A[1]",
      "width" : 800,
      "height" : 23
    }, {
      "top" : 45,
      "left" : 0,
      "xpath" : "/HTML[1]/BODY[1]/DIV[1]/NAV[1]/SECTION[1]/UL[1]/LI[1]/A[1]",
      "width" : 800,
      "height" : 45
    }, {
      "top" : 135,
      "left" : 0,
      "xpath" : "/HTML[1]/BODY[1]/DIV[1]/NAV[1]/SECTION[1]/UL[1]/LI[3]/A[1]",
      "width" : 800,
      "height" : 45
    }, {
      "top" : 170,
      "left" : 15,
      "xpath" : "//DIV[@id = 'content']/P[2]/A[1]",
      "width" : 111,
      "height" : 17
    }, {
      "top" : 0,
      "left" : 0,
      "xpath" : "//DIV[@id = 'entry-form-modal']/A[1]",
      "width" : 0,
      "height" : 0
    }, {
      "top" : 0,
      "left" : 0,
      "xpath" : "//FORM[@id = 'yw0']/INPUT[6]",
      "width" : 0,
      "height" : 0
    }, {
      "top" : 54,
      "left" : 800,
      "xpath" : "/HTML[1]/BODY[1]/DIV[1]/NAV[1]/SECTION[1]/UL[1]/LI[1]/UL[1]/LI[1]/A[1]",
      "width" : 800,
      "height" : 23
    }, {
      "top" : 99,
      "left" : 800,
      "xpath" : "/HTML[1]/BODY[1]/DIV[1]/NAV[1]/SECTION[1]/UL[1]/LI[2]/UL[1]/LI[1]/A[1]",
      "width" : 800,
      "height" : 23
    }, {
      "top" : 0,
      "left" : 0,
      "xpath" : "//FORM[@id = 'entry-form']/INPUT[7]",
      "width" : 0,
      "height" : 0
    }, {
      "top" : 256,
      "left" : 155,
      "xpath" : "//TH[@id = 'entries_c1']/A[1]",
      "width" : 69,
      "height" : 17
    } ],
    "fanIn" : 3,
    "fanOut" : 1,
    "id" : 2,
    "failedEvents" : [ "xpath /HTML[1]/BODY[1]/DIV[1]/NAV[1]/SECTION[1]/UL[1]/LI[1]/UL[1]/LI[5]/A[1]", "xpath /HTML[1]/BODY[1]/DIV[1]/NAV[1]/SECTION[1]/UL[1]/LI[2]/A[1]", "xpath /HTML[1]/BODY[1]/DIV[1]/NAV[1]/SECTION[1]/UL[1]/LI[4]/UL[1]/LI[1]/A[1]", "xpath /HTML[1]/BODY[1]/DIV[1]/NAV[1]/SECTION[1]/UL[1]/LI[1]/UL[1]/LI[2]/A[1]", "xpath /HTML[1]/BODY[1]/DIV[1]/NAV[1]/SECTION[1]/UL[1]/LI[4]/A[1]", "xpath /HTML[1]/BODY[1]/DIV[1]/NAV[1]/SECTION[1]/UL[1]/LI[2]/UL[1]/LI[2]/A[1]", "xpath /HTML[1]/BODY[1]/DIV[1]/NAV[1]/SECTION[1]/UL[1]/LI[4]/UL[1]/LI[2]/A[1]", "xpath /HTML[1]/BODY[1]/DIV[1]/NAV[1]/SECTION[1]/UL[1]/LI[3]/UL[1]/LI[1]/A[1]", "xpath /HTML[1]/BODY[1]/DIV[1]/NAV[1]/SECTION[1]/UL[1]/LI[1]/UL[1]/LI[4]/A[1]", "xpath /HTML[1]/BODY[1]/DIV[1]/NAV[1]/SECTION[1]/UL[1]/LI[1]/A[1]", "xpath /HTML[1]/BODY[1]/DIV[1]/NAV[1]/SECTION[1]/UL[1]/LI[3]/A[1]", "xpath //DIV[@id = 'entry-form-modal']/A[1]", "xpath //FORM[@id = 'yw0']/INPUT[6]", "xpath /HTML[1]/BODY[1]/DIV[1]/NAV[1]/SECTION[1]/UL[1]/LI[1]/UL[1]/LI[1]/A[1]", "xpath /HTML[1]/BODY[1]/DIV[1]/NAV[1]/SECTION[1]/UL[1]/LI[2]/UL[1]/LI[1]/A[1]", "xpath //FORM[@id = 'entry-form']/INPUT[7]" ],
    "hasNearDuplicate" : false,
    "distToNearestState" : -1.0,
    "cluster" : -1,
    "timeAdded" : 1661254011947,
    "nearestState" : "index"
  } ],
  "links" : [ {
    "source" : 0,
    "target" : 2,
    "text" : "",
    "element" : "Element{node=[A: null], tag=A, text=, attributes={class=postfix button secondary expand}}",
    "eventType" : "click"
  }, {
    "source" : 2,
    "target" : 5,
    "text" : "Advanced Search",
    "element" : "Element{node=[A: null], tag=A, text=Advanced Search, attributes={class=search-button}}",
    "eventType" : "click"
  }, {
    "source" : 5,
    "target" : 2,
    "text" : "Username",
    "element" : "Element{node=[A: null], tag=A, text=Username, attributes={class=sort-link, href=/ppma/index.php?r=entry/index&pagesize=25&Entry_sort=username}}",
    "eventType" : "click"
  }, {
    "source" : 5,
    "target" : 2,
    "text" : "Name",
    "element" : "Element{node=[A: null], tag=A, text=Name, attributes={class=sort-link asc, href=/ppma/index.php?r=entry/index&pagesize=25&Entry_sort=name.desc}}",
    "eventType" : "click"
  } ]
}